/*
Navicat MySQL Data Transfer

Source Server         : 43.248.189.103
Source Server Version : 80022
Source Host           : 43.248.189.103:43079
Source Database       : yanhuo

Target Server Type    : MYSQL
Target Server Version : 80022
File Encoding         : 65001

Date: 2023-09-17 19:53:40
*/

SET FOREIGN_KEY_CHECKS=0;

-- ----------------------------
-- Table structure for t_agree_collect
-- ----------------------------
DROP TABLE IF EXISTS `t_agree_collect`;
CREATE TABLE `t_agree_collect` (
  `id` bigint NOT NULL,
  `uid` bigint NOT NULL COMMENT '点赞的用户',
  `agree_collect_id` bigint NOT NULL COMMENT '点赞和收藏的id(可能是图片或者评论)',
  `agree_collect_uid` bigint NOT NULL COMMENT '点赞和收藏通知的用户',
  `type` int NOT NULL,
  `creator` bigint NOT NULL,
  `create_date` datetime NOT NULL,
  PRIMARY KEY (`id`)
) ENGINE=InnoDB DEFAULT CHARSET=utf8mb4 COLLATE=utf8mb4_0900_ai_ci;

-- ----------------------------
-- Records of t_agree_collect
-- ----------------------------
INSERT INTO `t_agree_collect` VALUES ('1680483022156103681', '1599618448034959361', '1670680712440287233', '1660834274611150849', '1', '111111', '2023-07-16 15:42:29');
INSERT INTO `t_agree_collect` VALUES ('1680483082914791426', '1599618448034959361', '1668517028427243521', '1656859189458067457', '1', '111111', '2023-07-16 15:42:43');
INSERT INTO `t_agree_collect` VALUES ('1680483124979466241', '1599618448034959361', '1667192049936908290', '1660834274611150849', '1', '111111', '2023-07-16 15:42:54');
INSERT INTO `t_agree_collect` VALUES ('1680483180826624001', '1599618448034959361', '1667028157894037505', '1601126546037874692', '1', '111111', '2023-07-16 15:43:07');
INSERT INTO `t_agree_collect` VALUES ('1680483195263418370', '1599618448034959361', '1666630496250613762', '1660834274611150849', '1', '111111', '2023-07-16 15:43:10');
INSERT INTO `t_agree_collect` VALUES ('1680483209545023489', '1599618448034959361', '1666426941103235074', '1660834274611150849', '1', '111111', '2023-07-16 15:43:14');
INSERT INTO `t_agree_collect` VALUES ('1681270532524244993', '1601126546037874691', '1668517028427243521', '1656859189458067457', '1', '111111', '2023-07-18 19:51:46');
INSERT INTO `t_agree_collect` VALUES ('1681290021492039682', '1601126546037874691', '1661905162219610114', '1601126546037874692', '1', '111111', '2023-07-18 21:09:13');
INSERT INTO `t_agree_collect` VALUES ('1681290524800131073', '1601126546037874691', '1661902908792037378', '1601126546037874692', '1', '111111', '2023-07-18 21:11:13');
INSERT INTO `t_agree_collect` VALUES ('1681291804410978306', '1601126546037874691', '1667028157894037505', '1601126546037874692', '1', '111111', '2023-07-18 21:16:18');
INSERT INTO `t_agree_collect` VALUES ('1681849034071941121', '1660834274611150849', '1667028157894037505', '1601126546037874692', '1', '111111', '2023-07-20 10:10:32');
INSERT INTO `t_agree_collect` VALUES ('1681849058424070146', '1660834274611150849', '1681291778108497921', '1601126546037874691', '0', '111111', '2023-07-20 10:10:37');
INSERT INTO `t_agree_collect` VALUES ('1681850101216124929', '1660834274611150849', '1661905162219610114', '1601126546037874692', '2', '111111', '2023-07-20 10:14:46');
INSERT INTO `t_agree_collect` VALUES ('1681850258133426177', '1660834274611150849', '1668517028427243521', '1656859189458067457', '2', '111111', '2023-07-20 10:15:23');
INSERT INTO `t_agree_collect` VALUES ('1681850358129827842', '1660834274611150849', '1661906034840363010', '1601126546037874690', '3', '111111', '2023-07-20 10:15:47');
INSERT INTO `t_agree_collect` VALUES ('1681850484059611137', '1660834274611150849', '1664195621526507522', '1601126546037874690', '1', '111111', '2023-07-20 10:16:17');
INSERT INTO `t_agree_collect` VALUES ('1681850522009673730', '1660834274611150849', '1664195621526507522', '1601126546037874690', '2', '111111', '2023-07-20 10:16:26');
INSERT INTO `t_agree_collect` VALUES ('1681918241543364610', '1601126546037874690', '1665207305942675458', '1660834274611150849', '3', '111111', '2023-07-20 14:45:32');
INSERT INTO `t_agree_collect` VALUES ('1681918258056339457', '1601126546037874690', '1663208372466958338', '1660834274611150849', '3', '111111', '2023-07-20 14:45:36');
INSERT INTO `t_agree_collect` VALUES ('1681999667857031169', '1601126546037874690', '1681299677559988226', '1599618448034959361', '2', '111111', '2023-07-20 20:09:06');
INSERT INTO `t_agree_collect` VALUES ('1682050814118555649', '1660834274611150849', '1682050793168007169', '1660834274611150849', '0', '111111', '2023-07-20 23:32:20');
INSERT INTO `t_agree_collect` VALUES ('1682051001100627970', '1601126546037874691', '1682045295328849922', '1660834274611150849', '0', '111111', '2023-07-20 23:33:04');
INSERT INTO `t_agree_collect` VALUES ('1683389051890135042', '1599618448034959361', '1683384310132994050', '1599618448034959361', '0', '111111', '2023-07-24 16:10:00');
INSERT INTO `t_agree_collect` VALUES ('1683389082797961217', '1599618448034959361', '1683387097759707137', '1599618448034959361', '0', '111111', '2023-07-24 16:10:08');
INSERT INTO `t_agree_collect` VALUES ('1684117213519376386', '1601126546037874693', '1667028157894037505', '1601126546037874692', '1', '111111', '2023-07-26 16:23:28');
INSERT INTO `t_agree_collect` VALUES ('1684117237653401601', '1601126546037874693', '1667028157894037505', '1601126546037874692', '2', '111111', '2023-07-26 16:23:33');
INSERT INTO `t_agree_collect` VALUES ('1684117875065974785', '1601126546037874692', '1684116889115127809', '1601126546037874693', '1', '111111', '2023-07-26 16:26:05');
INSERT INTO `t_agree_collect` VALUES ('1684494837911482369', '1599618448034959361', '1661902167738212354', '1599618448034959361', '1', '111111', '2023-07-27 17:24:00');
INSERT INTO `t_agree_collect` VALUES ('1684494877312774146', '1599618448034959361', '1666374199315865601', '1601126546037874690', '2', '111111', '2023-07-27 17:24:10');
INSERT INTO `t_agree_collect` VALUES ('1684495337218207745', '1599618448034959361', '1661906180575649794', '1601126546037874690', '2', '111111', '2023-07-27 17:25:59');
INSERT INTO `t_agree_collect` VALUES ('1684835288975765506', '1601126546037874693', '1665994082785734657', '1601126546037874690', '1', '111111', '2023-07-28 15:56:50');
INSERT INTO `t_agree_collect` VALUES ('1685241979319971841', '1599618448034959361', '1681291778108497921', '1601126546037874691', '0', '111111', '2023-07-29 18:52:53');
INSERT INTO `t_agree_collect` VALUES ('1686914498477256705', '1660834274611150849', '1682050961917440001', '1601126546037874691', '0', '111111', '2023-08-03 09:38:52');
INSERT INTO `t_agree_collect` VALUES ('1686993461685874690', '1601126546037874690', '1686992537575845890', '1601126546037874690', '1', '111111', '2023-08-03 14:52:39');
INSERT INTO `t_agree_collect` VALUES ('1686999799337938945', '1601126546037874693', '1661969895794749442', '1656857358946361346', '1', '111111', '2023-08-03 15:17:50');
INSERT INTO `t_agree_collect` VALUES ('1687113954833297410', '1601126546037874690', '1668516922273603586', '1656859189458067457', '1', '111111', '2023-08-03 22:51:27');
INSERT INTO `t_agree_collect` VALUES ('1687381256879304705', '1601126546037874690', '1666401045436801025', '1601126546037874690', '1', '111111', '2023-08-04 16:33:36');
INSERT INTO `t_agree_collect` VALUES ('1689523639934873602', '1689523487421587457', '1684797939130658817', '1599618448034959361', '1', '111111', '2023-08-10 14:26:40');
INSERT INTO `t_agree_collect` VALUES ('1689525046217895937', '1689523487421587457', '1687744354802823170', '1601126546037874690', '0', '111111', '2023-08-10 14:32:16');
INSERT INTO `t_agree_collect` VALUES ('1689525050483503105', '1689523487421587457', '1689525009526124546', '1689523487421587457', '0', '111111', '2023-08-10 14:32:17');
INSERT INTO `t_agree_collect` VALUES ('1689537336866598914', '1656858656227811330', '1689537235167309826', '1656858656227811330', '0', '111111', '2023-08-10 15:21:06');
INSERT INTO `t_agree_collect` VALUES ('1689537355124404225', '1656858656227811330', '1689536731511091201', '1656858656227811330', '1', '111111', '2023-08-10 15:21:10');
INSERT INTO `t_agree_collect` VALUES ('1689537398438981634', '1656858656227811330', '1661917245288013825', '1659168639711813634', '1', '111111', '2023-08-10 15:21:21');
INSERT INTO `t_agree_collect` VALUES ('1689537499307798530', '1656858656227811330', '1661917120213868546', '1659168639711813634', '3', '111111', '2023-08-10 15:21:45');
INSERT INTO `t_agree_collect` VALUES ('1689537975663292417', '1656858656227811330', '1666071610602860546', '1656858656227811330', '1', '111111', '2023-08-10 15:23:38');
INSERT INTO `t_agree_collect` VALUES ('1689537983338868738', '1656858656227811330', '1666071029360406529', '1656858656227811330', '1', '111111', '2023-08-10 15:23:40');
INSERT INTO `t_agree_collect` VALUES ('1689537990364327937', '1656858656227811330', '1666070380778401794', '1656858656227811330', '1', '111111', '2023-08-10 15:23:42');
INSERT INTO `t_agree_collect` VALUES ('1689541139892367362', '1601126546037874693', '1661902409950879745', '1599618448034959361', '1', '111111', '2023-08-10 15:36:13');
INSERT INTO `t_agree_collect` VALUES ('1689541175191629826', '1601126546037874693', '1689541163258834945', '1601126546037874693', '0', '111111', '2023-08-10 15:36:21');
INSERT INTO `t_agree_collect` VALUES ('1690600976239652866', '1601126546037874693', '1689542891731513345', '1689523487421587457', '1', '111111', '2023-08-13 13:47:37');
INSERT INTO `t_agree_collect` VALUES ('1690911199768702977', '1689523487421587457', '1667028157894037505', '1601126546037874692', '1', '111111', '2023-08-14 10:20:20');
INSERT INTO `t_agree_collect` VALUES ('1691326651263184898', '1660834274611150849', '1691326643902181378', '1660834274611150849', '0', '111111', '2023-08-15 13:51:12');
INSERT INTO `t_agree_collect` VALUES ('1692806065763188737', '1656858656227811330', '1664195621526507522', '1601126546037874690', '1', '111111', '2023-08-19 15:49:52');
INSERT INTO `t_agree_collect` VALUES ('1692806108662530050', '1656858656227811330', '1692806103981686785', '1656858656227811330', '0', '111111', '2023-08-19 15:50:02');
INSERT INTO `t_agree_collect` VALUES ('1692806115625074689', '1656858656227811330', '1681850476782493697', '1660834274611150849', '0', '111111', '2023-08-19 15:50:03');
INSERT INTO `t_agree_collect` VALUES ('1692806132653948929', '1656858656227811330', '1664195621526507522', '1601126546037874690', '2', '111111', '2023-08-19 15:50:07');
INSERT INTO `t_agree_collect` VALUES ('1693196476314877954', '1693194197998297089', '1693196017722261505', '1693194197998297089', '1', '111111', '2023-08-20 17:41:13');
INSERT INTO `t_agree_collect` VALUES ('1694017666482765826', '1694015713778393090', '1694017591970955266', '1694015713778393090', '0', '111111', '2023-08-23 00:04:20');
INSERT INTO `t_agree_collect` VALUES ('1701932869711159297', '1599618448034959361', '1664991980622016513', '1660834274611150849', '1', '111111', '2023-09-13 20:16:31');
INSERT INTO `t_agree_collect` VALUES ('1702511902714880002', '1601126546037874693', '1666633792801529858', '1660834274611150849', '1', '111111', '2023-09-15 10:37:23');
INSERT INTO `t_agree_collect` VALUES ('1702511916266676225', '1601126546037874693', '1666633792801529858', '1660834274611150849', '2', '111111', '2023-09-15 10:37:27');
INSERT INTO `t_agree_collect` VALUES ('1702512500642275329', '1601126546037874693', '1684116889115127809', '1601126546037874693', '1', '111111', '2023-09-15 10:39:46');
INSERT INTO `t_agree_collect` VALUES ('1702697666043998210', '1601126546037874690', '1665212128083652610', '1660834274611150849', '2', '111111', '2023-09-15 22:55:33');
INSERT INTO `t_agree_collect` VALUES ('1702697690672951298', '1601126546037874690', '1661916063266037761', '1656857358946361346', '2', '111111', '2023-09-15 22:55:39');
INSERT INTO `t_agree_collect` VALUES ('1702697711849992193', '1601126546037874690', '1664479404892950529', '1599618448034959361', '2', '111111', '2023-09-15 22:55:44');
INSERT INTO `t_agree_collect` VALUES ('1702697730166517762', '1601126546037874690', '1665209581348401153', '1660834274611150849', '2', '111111', '2023-09-15 22:55:48');
INSERT INTO `t_agree_collect` VALUES ('1702697748889890818', '1601126546037874690', '1664592375002501122', '1664534362367479810', '2', '111111', '2023-09-15 22:55:53');
INSERT INTO `t_agree_collect` VALUES ('1702697771962757122', '1601126546037874690', '1664957221569130497', '1660834274611150849', '2', '111111', '2023-09-15 22:55:58');
INSERT INTO `t_agree_collect` VALUES ('1702697790874873858', '1601126546037874690', '1689540101617577985', '1599618448034959361', '2', '111111', '2023-09-15 22:56:03');
INSERT INTO `t_agree_collect` VALUES ('1702697814216175617', '1601126546037874690', '1665211979647234050', '1660834274611150849', '2', '111111', '2023-09-15 22:56:08');
INSERT INTO `t_agree_collect` VALUES ('1702697852552114178', '1601126546037874690', '1662436573772791810', '1656858656227811330', '2', '111111', '2023-09-15 22:56:17');
INSERT INTO `t_agree_collect` VALUES ('1702707730804928513', '1601126546037874690', '1696148561717223426', '1696147802103508994', '0', '111111', '2023-09-15 23:35:32');
INSERT INTO `t_agree_collect` VALUES ('1702707767421202433', '1601126546037874690', '1670680712440287233', '1660834274611150849', '1', '111111', '2023-09-15 23:35:41');
INSERT INTO `t_agree_collect` VALUES ('1703057851174383617', '1601126546037874690', '1665707190718631937', '1665700708824412162', '2', '111111', '2023-09-16 22:46:48');
INSERT INTO `t_agree_collect` VALUES ('1703376049895645186', '1599618448034959361', '1703375926377586690', '1601126546037874690', '0', '111111', '2023-09-17 19:51:12');

-- ----------------------------
-- Table structure for t_album
-- ----------------------------
DROP TABLE IF EXISTS `t_album`;
CREATE TABLE `t_album` (
  `id` bigint NOT NULL,
  `name` varchar(50) DEFAULT NULL,
  `uid` bigint DEFAULT NULL,
  `cover` varchar(255) DEFAULT NULL,
  `sort` int DEFAULT NULL,
  `img_count` bigint DEFAULT '0',
  `collection_count` bigint DEFAULT '0',
  `creator` bigint DEFAULT NULL,
  `create_date` datetime DEFAULT NULL,
  `updater` bigint DEFAULT NULL,
  `update_date` datetime DEFAULT NULL,
  PRIMARY KEY (`id`)
) ENGINE=InnoDB DEFAULT CHARSET=utf8mb4 COLLATE=utf8mb4_0900_ai_ci;

-- ----------------------------
-- Records of t_album
-- ----------------------------
INSERT INTO `t_album` VALUES ('1661900149283938306', '头像', '1599618448034959361', 'https://cc-video-oss.oss-accelerate.aliyuncs.com/2023/05/26/6f2c1bb133d146cf80edcfcef12832b720220417172605_63c0e.jpeg', null, '34', '0', '111111', '2023-05-26 09:00:47', null, '2023-05-26 09:01:03');
INSERT INTO `t_album` VALUES ('1661901362578644993', '搞怪头像', '1599618448034959361', 'https://cc-video-oss.oss-accelerate.aliyuncs.com/2023/05/26/3711a7c4656247edb9d465cb0f2cb9c020230430020642_e5f06.jpeg', null, '14', '0', '111111', '2023-05-26 09:05:36', null, '2023-05-26 22:41:18');
INSERT INTO `t_album` VALUES ('1661902889586319362', '头像', '1601126546037874692', 'https://cc-video-oss.oss-accelerate.aliyuncs.com/2023/05/26/327c061cb92046198626718b096f7cb9V2SnzxleimB64j0.jpeg', null, '62', '8', '111111', '2023-05-26 09:11:40', null, '2023-05-26 09:11:59');
INSERT INTO `t_album` VALUES ('1661904072916918273', '壁纸', '1601126546037874692', 'https://cc-video-oss.oss-accelerate.aliyuncs.com/2023/05/26/0a2f86eb6ca94e9ebb64cb9ab5f8f76020211005142912_5e884.png', null, '89', '12', '111111', '2023-05-26 09:16:22', null, '2023-05-26 22:32:30');
INSERT INTO `t_album` VALUES ('1661904990529970177', '表情包', '1601126546037874692', 'https://cc-video-oss.oss-accelerate.aliyuncs.com/2023/05/26/21a1a6928ebd40b39f3a2e16be02565520220506115502_704bf.jpeg', null, '18', '0', '111111', '2023-05-26 09:20:01', null, '2023-05-26 22:32:17');
INSERT INTO `t_album` VALUES ('1661906034840363010', '头像', '1601126546037874690', 'https://cc-video-oss.oss-accelerate.aliyuncs.com/2023/05/27/9382c514be214e79bb5eb7dac9d05ab520211017133037_2210b.jpeg', null, '51', '3', '111111', '2023-05-26 09:24:10', null, '2023-05-27 11:48:29');
INSERT INTO `t_album` VALUES ('1661908098509234177', '花', '1601126546037874690', 'https://cc-video-oss.oss-accelerate.aliyuncs.com/2023/05/27/813169a6f1fc469790f6b343f59bafacduitang_1685064459034.jpg', null, '29', '3', '111111', '2023-05-26 09:32:22', null, '2023-05-27 11:48:17');
INSERT INTO `t_album` VALUES ('1661908798660206594', 'ins', '1601126546037874690', 'https://cc-video-oss.oss-accelerate.aliyuncs.com/2023/05/27/82c2f2f31e964046856f37f422b6601620230429134521_cba7c.jpeg', null, '24', '0', '111111', '2023-05-26 09:35:09', null, '2023-05-27 11:47:55');
INSERT INTO `t_album` VALUES ('1661909347396804609', '头像', '1601126546037874691', 'https://cc-video-oss.oss-accelerate.aliyuncs.com/2023/05/26/85e0b545d94d473d9692639f2a001ac920210310134259_03f03.jpeg', null, '30', '0', '111111', '2023-05-26 09:37:20', null, '2023-05-26 13:13:11');
INSERT INTO `t_album` VALUES ('1661911060367335425', '动漫', '1601126546037874691', 'https://cc-video-oss.oss-accelerate.aliyuncs.com/2023/05/26/58591856b0c94d819bd91079051df23620210516204039_90cb0.jpeg', null, '24', '0', '111111', '2023-05-26 09:44:08', null, '2023-05-26 13:12:56');
INSERT INTO `t_album` VALUES ('1661913504136617985', '蜡笔小新', '1601126546037874693', 'https://cc-video-oss.oss-accelerate.aliyuncs.com/2023/05/26/807d8f8930484b1197bd73574b8e900320230220160639_be716.jpg', null, '12', '1', '111111', '2023-05-26 09:53:51', null, '2023-05-26 12:23:40');
INSERT INTO `t_album` VALUES ('1661913878704742402', '柯南', '1601126546037874693', 'https://cc-video-oss.oss-accelerate.aliyuncs.com/2023/05/26/bcc08cec3a3e4f1d84130fd78b01d37220230428224157_327bb.jpg', null, '17', '0', '111111', '2023-05-26 09:55:20', null, '2023-05-26 12:23:21');
INSERT INTO `t_album` VALUES ('1661914564049821698', '海贼王', '1601126546037874693', 'https://cc-video-oss.oss-accelerate.aliyuncs.com/2023/05/26/21cefeb1c5de46849619b705f658aaed20221008201206_33d21.jpg', null, '18', '0', '111111', '2023-05-26 09:58:04', null, '2023-05-26 12:22:56');
INSERT INTO `t_album` VALUES ('1661915235545309185', '哆啦A梦', '1601126546037874693', 'https://cc-video-oss.oss-accelerate.aliyuncs.com/2023/05/26/e8fc291dc4ac40caa5a50490ee7d021c20230410003014_4ad53.jpeg', null, '14', '1', '111111', '2023-05-26 10:00:44', null, '2023-05-26 12:22:42');
INSERT INTO `t_album` VALUES ('1661915895200276481', '风景', '1656857358946361346', 'https://cc-video-oss.oss-accelerate.aliyuncs.com/2023/05/26/89ea6806b3fd4dee93019e5a3857f35fYxSPAm8ycqOE9wZ.jpg', null, '43', '3', '111111', '2023-05-26 10:03:21', null, '2023-05-26 13:35:38');
INSERT INTO `t_album` VALUES ('1661917120213868546', '头像', '1659168639711813634', 'https://cc-video-oss.oss-accelerate.aliyuncs.com/2023/06/01/d01c318ee75e4303a60a345d2ad7342d20211005142914_678f7.png', null, '16', '1', '111111', '2023-05-26 10:08:13', null, '2023-06-01 17:11:43');
INSERT INTO `t_album` VALUES ('1661917899721072641', '小埋', '1659168639711813634', 'https://cc-video-oss.oss-accelerate.aliyuncs.com/2023/06/01/e80a6bf2d2e04e7692415cb167d327be20230306155017_ac030.jpeg', null, '11', '1', '111111', '2023-05-26 10:11:19', null, '2023-06-01 17:10:57');
INSERT INTO `t_album` VALUES ('1661918555475337218', '情侣头像', '1648549224075079682', 'https://cc-video-oss.oss-accelerate.aliyuncs.com/2023/05/26/7d1cca07d0524c1f96987edf7c831bf720200719120709_ycbvc.jpg', null, '16', '1', '111111', '2023-05-26 10:13:55', null, '2023-05-26 10:17:12');
INSERT INTO `t_album` VALUES ('1661946722974007297', '猫猫壁纸', '1601126546037874693', 'https://cc-video-oss.oss-accelerate.aliyuncs.com/2023/05/26/ef1fc5f14480416d9710d65a7b29633e20200719120712_wgarg.jpg', null, '7', '2', '111111', '2023-05-26 12:05:51', null, '2023-05-26 12:22:32');
INSERT INTO `t_album` VALUES ('1661964830543523842', '壁纸', '1601126546037874691', 'https://cc-video-oss.oss-accelerate.aliyuncs.com/2023/05/26/a2d872dccb8541d4a6615d88a4c9dbdb20230129164258_d93c9.jpg', null, '7', '1', '111111', '2023-05-26 13:17:48', null, '2023-05-26 13:19:20');
INSERT INTO `t_album` VALUES ('1661966013270142978', '默认', '1601126546037874693', 'https://cc-video-oss.oss-accelerate.aliyuncs.com/2023/05/26/e71b756f29c7428aaf946aad90659e47N5SeyGL4uPV8XPN.jpg', null, '13', '1', '111111', '2023-05-26 13:22:30', null, '2023-05-26 13:22:47');
INSERT INTO `t_album` VALUES ('1661970368467644418', '头像', '1656857358946361346', 'https://cc-video-oss.oss-accelerate.aliyuncs.com/2023/05/26/8dd1644ba7f947ac98050ab1d66c188120211017133037_2210b.jpeg', null, '14', '0', '111111', '2023-05-26 13:39:48', null, '2023-05-26 13:40:08');
INSERT INTO `t_album` VALUES ('1662102750814351361', '猫猫', '1656857358946361346', 'https://cc-video-oss.oss-accelerate.aliyuncs.com/2023/05/26/9b49d93f1558488f8b2a891ee733378e20230305201015_5b430.jpg', null, '21', '1', '111111', '2023-05-26 22:25:51', null, '2023-05-26 22:30:51');
INSERT INTO `t_album` VALUES ('1662103474608615426', '狗狗', '1656857358946361346', 'https://cc-video-oss.oss-accelerate.aliyuncs.com/2023/05/26/66b6ffabb7934affa9ec6fa8d0c4f6e920210916225513_b157f.jpeg', null, '4', '0', '111111', '2023-05-26 22:28:43', null, '2023-05-26 22:30:40');
INSERT INTO `t_album` VALUES ('1662106735692558338', 'ins风格', '1599618448034959361', 'https://cc-video-oss.oss-accelerate.aliyuncs.com/2023/05/26/adf9ef3325a04426860f91eb12abae2c20230219021251_1aec4.jpg', null, '15', '1', '111111', '2023-05-26 22:41:41', null, '2023-05-26 22:41:41');
INSERT INTO `t_album` VALUES ('1662425233486266370', '壁纸', '1660834274611150849', 'https://cc-video-oss.oss-accelerate.aliyuncs.com/2023/05/27/5d7516b79d3249d5962ffcbbe4248b431679673917-origin-IMG_2102.JPG', null, '97', '4', '111111', '2023-05-27 19:47:17', null, '2023-05-27 19:48:02');
INSERT INTO `t_album` VALUES ('1662430017421328386', '蜡笔小新', '1660834274611150849', 'https://cc-video-oss.oss-accelerate.aliyuncs.com/2023/05/27/22e10c97c6cc4b418ffec2fd1942dcff1679667638-origin-IMG_2042.PNG', null, '27', '0', '111111', '2023-05-27 20:06:17', null, '2023-05-27 20:07:31');
INSERT INTO `t_album` VALUES ('1662430645161836546', '头像', '1660834274611150849', 'https://cc-video-oss.oss-accelerate.aliyuncs.com/2023/06/03/1df5b4fd2b46405b8b5437d45c32c8d81685791487-origin-IMG_2449.PNG', null, '31', '0', '111111', '2023-05-27 20:08:47', null, '2023-06-03 19:27:11');
INSERT INTO `t_album` VALUES ('1662432014455291905', '默认', '1656858656227811330', 'https://cc-video-oss.oss-accelerate.aliyuncs.com/2023/06/04/325bc5fa9b8649d4985c5fd5603845261685851821-origin-IMG_2508.PNG', null, '75', '3', '111111', '2023-05-27 20:14:13', null, '2023-06-04 12:12:53');
INSERT INTO `t_album` VALUES ('1662448674998337537', '壁纸', '1659168639711813634', 'https://cc-video-oss.oss-accelerate.aliyuncs.com/2023/03/20/4bae43e216124cf1966a474594a81612img_nodata.png', null, '0', '0', '111111', '2023-05-27 21:20:26', null, '2023-05-27 21:20:26');
INSERT INTO `t_album` VALUES ('1663208372466958338', '表情包', '1660834274611150849', 'https://cc-video-oss.oss-accelerate.aliyuncs.com/2023/06/03/3b04cef7dd374d478d06ba00ce4b2a711679673840-origin-IMG_2082.JPG', null, '4', '1', '111111', '2023-05-29 23:39:12', null, '2023-06-03 19:26:49');
INSERT INTO `t_album` VALUES ('1664189957618077697', '风景', '1601126546037874690', 'https://cc-video-oss.oss-accelerate.aliyuncs.com/2023/06/02/97da3e4f619e4acdbbb2fd8dbf06b79820200811191904_roctr.jpeg', null, '66', '9', '111111', '2023-06-01 16:39:40', null, '2023-06-02 17:15:08');
INSERT INTO `t_album` VALUES ('1664195370954592257', '美食', '1601126546037874690', 'https://cc-video-oss.oss-accelerate.aliyuncs.com/2023/06/01/0e2578512aea47dfa230ae62551bba0c20230405130250_707c0.jpg', null, '17', '3', '111111', '2023-06-01 17:01:10', null, '2023-06-01 17:06:50');
INSERT INTO `t_album` VALUES ('1664479332365045761', '壁纸', '1599618448034959361', 'https://cc-video-oss.oss-accelerate.aliyuncs.com/2023/06/02/eb7c423bc20c4adea75d67516b4983d420221016211536_fdc7f.jpeg', null, '35', '2', '111111', '2023-06-02 11:49:32', null, '2023-06-02 11:54:16');
INSERT INTO `t_album` VALUES ('1664482552458055682', '默认', '1648549224075079682', 'https://cc-video-oss.oss-accelerate.aliyuncs.com/2023/06/02/d9397919e4c44a1f995da28ad6dd6f0020221016211536_25fb9.jpg', null, '8', '0', '111111', '2023-06-02 12:02:20', null, '2023-06-02 12:02:39');
INSERT INTO `t_album` VALUES ('1664484014105890818', '猫咪', '1648549224075079682', 'https://cc-video-oss.oss-accelerate.aliyuncs.com/2023/03/20/4bae43e216124cf1966a474594a81612img_nodata.png', null, '15', '0', '111111', '2023-06-02 12:08:08', null, '2023-06-02 12:08:08');
INSERT INTO `t_album` VALUES ('1664590817506430978', '默认', '1664534362367479810', 'https://cc-video-oss.oss-accelerate.aliyuncs.com/2023/06/02/7ff858a4a2ff4fca95669cef64362d7f20210801102002_4240a.jpeg', null, '18', '0', '111111', '2023-06-02 19:12:32', null, '2023-06-02 19:15:39');
INSERT INTO `t_album` VALUES ('1665004070560673793', '默认', '1665003680654012418', 'https://cc-video-oss.oss-accelerate.aliyuncs.com/2023/06/03/6bafaa4b76a5448db3bcee08f426e98720200725103956_zMi5m.jpeg', null, '20', '2', '111111', '2023-06-03 22:34:39', null, '2023-06-03 22:34:39');
INSERT INTO `t_album` VALUES ('1665019258131243010', '美食', '1665003680654012418', 'https://cc-video-oss.oss-accelerate.aliyuncs.com/2023/06/03/cc9eb265ff90404693a084e66be112b420230502121146_25bec.jpg', null, '6', '0', '111111', '2023-06-03 23:35:00', null, '2023-06-03 23:35:40');
INSERT INTO `t_album` VALUES ('1665020469874057217', '画画', '1665003680654012418', 'https://cc-video-oss.oss-accelerate.aliyuncs.com/2023/06/03/e26edd9b83c745239e1a64a2bb648ee920221005213040_b8124.jpg', null, '36', '0', '111111', '2023-06-03 23:39:49', null, '2023-06-03 23:47:41');
INSERT INTO `t_album` VALUES ('1665207305942675458', '风景', '1660834274611150849', 'https://cc-video-oss.oss-accelerate.aliyuncs.com/2023/06/04/2cacb53d29494a74aff7855a6169e3551685851295-origin-IMG_2484.PNG', null, '43', '5', '111111', '2023-06-04 12:02:14', null, '2023-06-04 12:03:31');
INSERT INTO `t_album` VALUES ('1665209541892583426', '动漫', '1660834274611150849', 'https://cc-video-oss.oss-accelerate.aliyuncs.com/2023/06/05/f850bc8e1ad34253b638525c57c682421685852248-origin-IMG_2543.PNG', null, '11', '3', '111111', '2023-06-04 12:11:08', null, '2023-06-05 20:09:43');
INSERT INTO `t_album` VALUES ('1665210079606550530', '风景', '1656858656227811330', 'https://cc-video-oss.oss-accelerate.aliyuncs.com/2023/06/04/41b03e8f4b524bf78858b3b7dc09782c1685851939-origin-IMG_2517.PNG', null, '40', '0', '111111', '2023-06-04 12:13:16', null, '2023-06-04 12:13:16');
INSERT INTO `t_album` VALUES ('1665702614590361602', 'cat', '1665700708824412162', 'https://cc-video-oss.oss-accelerate.aliyuncs.com/2023/03/20/4bae43e216124cf1966a474594a81612img_nodata.png', null, '1', '0', '111111', '2023-06-05 20:50:25', null, '2023-06-05 20:50:25');
INSERT INTO `t_album` VALUES ('1665707172666347521', 'cute', '1665700708824412162', 'https://cc-video-oss.oss-accelerate.aliyuncs.com/2023/03/20/4bae43e216124cf1966a474594a81612img_nodata.png', null, '2', '0', '111111', '2023-06-05 21:08:32', null, '2023-06-05 21:08:32');
INSERT INTO `t_album` VALUES ('1665733529853038593', '上海', '1665732027457499138', 'https://cc-video-oss.oss-accelerate.aliyuncs.com/2023/06/05/5612219f494e42c0b0f550444e0f27b9MVIMG_20230530_193403.jpg', null, '0', '0', '111111', '2023-06-05 22:53:16', null, '2023-06-05 22:53:16');
INSERT INTO `t_album` VALUES ('1666377195273629698', '动漫', '1601126546037874690', 'https://cc-video-oss.oss-accelerate.aliyuncs.com/2023/03/20/4bae43e216124cf1966a474594a81612img_nodata.png', null, '4', '2', '111111', '2023-06-07 17:30:58', null, '2023-06-07 17:30:58');
INSERT INTO `t_album` VALUES ('1668515085390749698', '风景', '1656859189458067457', 'https://ccimgcloud.oss-accelerate.aliyuncs.com/2023/06/13/87285deff72e4d908a63b326657bb5741686639806-origin-IMG_2784.PNG', null, '18', '1', '111111', '2023-06-13 15:06:11', null, '2023-06-13 15:09:17');
INSERT INTO `t_album` VALUES ('1668515711583559681', '简约', '1656859189458067457', 'https://ccimgcloud.oss-accelerate.aliyuncs.com/2023/06/13/361231db3b2144e8b9e8a87233e88d761686640055-origin-IMG_2799.PNG', null, '7', '0', '111111', '2023-06-13 15:08:40', null, '2023-06-13 15:09:00');
INSERT INTO `t_album` VALUES ('1684109447987818497', '123', '1684106816699588610', 'https://ccimgcloud.oss-accelerate.aliyuncs.com/2023/07/26/bf7d97c5f46a4eaea7ac40f27304d663vhnyztTG9dad59a13d33ad18498a883d6bdad9a96ce3.png', null, '0', '0', '111111', '2023-07-26 15:52:36', null, '2023-07-26 15:52:36');
INSERT INTO `t_album` VALUES ('1686992220125753346', '123', '1601126546037874690', 'https://ccimgcloud.oss-accelerate.aliyuncs.com/2023/08/03/ec60c7cd4bc841f7b50b04f365158ca0屏幕截图(1).png', null, '4', '1', '111111', '2023-08-03 14:47:43', null, '2023-08-03 14:47:43');
INSERT INTO `t_album` VALUES ('1687450482109411329', 'test', '1601126546037874690', 'https://cc-video-oss.oss-accelerate.aliyuncs.com/2023/03/20/4bae43e216124cf1966a474594a81612img_nodata.png', null, '3', '1', '111111', '2023-08-04 21:08:41', null, '2023-08-04 21:08:41');
INSERT INTO `t_album` VALUES ('1689542852741263362', '1', '1689523487421587457', 'https://cc-video-oss.oss-accelerate.aliyuncs.com/2023/03/20/4bae43e216124cf1966a474594a81612img_nodata.png', null, '1', '0', '111111', '2023-08-10 15:43:01', null, '2023-08-10 15:43:01');
INSERT INTO `t_album` VALUES ('1690387895056166914', 'wwew', '1690387692915875841', 'https://cc-video-oss.oss-accelerate.aliyuncs.com/2023/03/20/4bae43e216124cf1966a474594a81612img_nodata.png', null, '0', '0', '111111', '2023-08-12 23:40:55', null, '2023-08-12 23:40:55');
INSERT INTO `t_album` VALUES ('1693195935320965122', 'my first ', '1693194197998297089', 'https://cc-video-oss.oss-accelerate.aliyuncs.com/2023/03/20/4bae43e216124cf1966a474594a81612img_nodata.png', null, '1', '0', '111111', '2023-08-20 17:39:04', null, '2023-08-20 17:39:04');
INSERT INTO `t_album` VALUES ('1693195995207237634', 'test', '1693194197998297089', 'https://cc-video-oss.oss-accelerate.aliyuncs.com/2023/03/20/4bae43e216124cf1966a474594a81612img_nodata.png', null, '0', '0', '111111', '2023-08-20 17:39:18', null, '2023-08-20 17:39:18');
INSERT INTO `t_album` VALUES ('1698338105791209473', 'nihao', '1698328459818856450', 'https://ccimgcloud.oss-accelerate.aliyuncs.com/2023/09/03/7329ef4165fd4f79ba676d07cc0664b6KkyL6Zqsx32W2d1d755cdb84538d5595d5587f7d8eac.png', null, '0', '0', '111111', '2023-09-03 22:12:13', null, '2023-09-03 22:12:13');

-- ----------------------------
-- Table structure for t_album_img_relation
-- ----------------------------
DROP TABLE IF EXISTS `t_album_img_relation`;
CREATE TABLE `t_album_img_relation` (
  `id` bigint NOT NULL,
  `aid` bigint DEFAULT NULL,
  `mid` bigint DEFAULT NULL,
  `sort` int DEFAULT NULL,
  `creator` bigint DEFAULT NULL,
  `create_date` datetime DEFAULT NULL,
  `updater` bigint DEFAULT NULL,
  `update_date` datetime DEFAULT NULL,
  PRIMARY KEY (`id`)
) ENGINE=InnoDB DEFAULT CHARSET=utf8mb4 COLLATE=utf8mb4_0900_ai_ci;

-- ----------------------------
-- Records of t_album_img_relation
-- ----------------------------
INSERT INTO `t_album_img_relation` VALUES ('1661900163821395970', '1661900149283938306', '1661900163821395969', '0', '111111', '2023-05-26 09:00:50', null, '2023-05-26 09:00:50');
INSERT INTO `t_album_img_relation` VALUES ('1661900337675296771', '1661900149283938306', '1661900337675296770', '0', '111111', '2023-05-26 09:01:32', null, '2023-05-26 09:01:32');
INSERT INTO `t_album_img_relation` VALUES ('1661900425759875074', '1661900149283938306', '1661900425696960514', '0', '111111', '2023-05-26 09:01:53', null, '2023-05-26 09:01:53');
INSERT INTO `t_album_img_relation` VALUES ('1661900800701292547', '1661900149283938306', '1661900800701292546', '0', '111111', '2023-05-26 09:03:22', null, '2023-05-26 09:03:22');
INSERT INTO `t_album_img_relation` VALUES ('1661900917953060867', '1661900149283938306', '1661900917953060866', '0', '111111', '2023-05-26 09:03:50', null, '2023-05-26 09:03:50');
INSERT INTO `t_album_img_relation` VALUES ('1661901371487346689', '1661901362578644993', '1661901371424432130', '0', '111111', '2023-05-26 09:05:38', null, '2023-05-26 09:05:38');
INSERT INTO `t_album_img_relation` VALUES ('1661901481420054530', '1661901362578644993', '1661901481420054529', '0', '111111', '2023-05-26 09:06:04', null, '2023-05-26 09:06:04');
INSERT INTO `t_album_img_relation` VALUES ('1661901574604906499', '1661901362578644993', '1661901574604906498', '0', '111111', '2023-05-26 09:06:27', null, '2023-05-26 09:06:27');
INSERT INTO `t_album_img_relation` VALUES ('1661902048926162947', '1661900149283938306', '1661902048926162946', '0', '111111', '2023-05-26 09:08:20', null, '2023-05-26 09:08:20');
INSERT INTO `t_album_img_relation` VALUES ('1661902167738212355', '1661900149283938306', '1661902167738212354', '0', '111111', '2023-05-26 09:08:48', null, '2023-05-26 09:08:48');
INSERT INTO `t_album_img_relation` VALUES ('1661902409950879746', '1661900149283938306', '1661902409950879745', '0', '111111', '2023-05-26 09:09:46', null, '2023-05-26 09:09:46');
INSERT INTO `t_album_img_relation` VALUES ('1661902908792037379', '1661902889586319362', '1661902908792037378', '0', '111111', '2023-05-26 09:11:45', null, '2023-05-26 09:11:45');
INSERT INTO `t_album_img_relation` VALUES ('1661903098047422467', '1661902889586319362', '1661903098047422466', '0', '111111', '2023-05-26 09:12:30', null, '2023-05-26 09:12:30');
INSERT INTO `t_album_img_relation` VALUES ('1661903191676870657', '1661902889586319362', '1661903191613956097', '0', '111111', '2023-05-26 09:12:52', null, '2023-05-26 09:12:52');
INSERT INTO `t_album_img_relation` VALUES ('1661903359180595203', '1661902889586319362', '1661903359180595202', '0', '111111', '2023-05-26 09:13:32', null, '2023-05-26 09:13:32');
INSERT INTO `t_album_img_relation` VALUES ('1661903479838138370', '1661902889586319362', '1661903479838138369', '0', '111111', '2023-05-26 09:14:01', null, '2023-05-26 09:14:01');
INSERT INTO `t_album_img_relation` VALUES ('1661903560175837185', '1661902889586319362', '1661903560108728321', '0', '111111', '2023-05-26 09:14:20', null, '2023-05-26 09:14:20');
INSERT INTO `t_album_img_relation` VALUES ('1661904352161095682', '1661904072916918273', '1661904352161095681', '0', '111111', '2023-05-26 09:17:29', null, '2023-05-26 09:17:29');
INSERT INTO `t_album_img_relation` VALUES ('1661904480242556930', '1661904072916918273', '1661904480242556929', '0', '111111', '2023-05-26 09:17:59', null, '2023-05-26 09:17:59');
INSERT INTO `t_album_img_relation` VALUES ('1661904998574645250', '1661904990529970177', '1661904998574645249', '0', '111111', '2023-05-26 09:20:03', null, '2023-05-26 09:20:03');
INSERT INTO `t_album_img_relation` VALUES ('1661905162219610115', '1661904990529970177', '1661905162219610114', '0', '111111', '2023-05-26 09:20:42', null, '2023-05-26 09:20:42');
INSERT INTO `t_album_img_relation` VALUES ('1661905271288291330', '1661904990529970177', '1661905271288291329', '0', '111111', '2023-05-26 09:21:08', null, '2023-05-26 09:21:08');
INSERT INTO `t_album_img_relation` VALUES ('1661906045623918595', '1661906034840363010', '1661906045623918594', '0', '111111', '2023-05-26 09:24:13', null, '2023-05-26 09:24:13');
INSERT INTO `t_album_img_relation` VALUES ('1661906180575649795', '1661906034840363010', '1661906180575649794', '0', '111111', '2023-05-26 09:24:45', null, '2023-05-26 09:24:45');
INSERT INTO `t_album_img_relation` VALUES ('1661906321244217345', '1661906034840363010', '1661906321177108482', '0', '111111', '2023-05-26 09:25:18', null, '2023-05-26 09:25:18');
INSERT INTO `t_album_img_relation` VALUES ('1661906431759933443', '1661906034840363010', '1661906431759933442', '0', '111111', '2023-05-26 09:25:45', null, '2023-05-26 09:25:45');
INSERT INTO `t_album_img_relation` VALUES ('1661906562920013826', '1661906034840363010', '1661906562852904961', '0', '111111', '2023-05-26 09:26:16', null, '2023-05-26 09:26:16');
INSERT INTO `t_album_img_relation` VALUES ('1661906690024202241', '1661906034840363010', '1661906689961287682', '0', '111111', '2023-05-26 09:26:46', null, '2023-05-26 09:26:46');
INSERT INTO `t_album_img_relation` VALUES ('1661908107719925763', '1661908098509234177', '1661908107719925762', '0', '111111', '2023-05-26 09:32:24', null, '2023-05-26 09:32:24');
INSERT INTO `t_album_img_relation` VALUES ('1661908249869082627', '1661908098509234177', '1661908249869082626', '0', '111111', '2023-05-26 09:32:58', null, '2023-05-26 09:32:58');
INSERT INTO `t_album_img_relation` VALUES ('1661908453166997507', '1661908098509234177', '1661908453166997506', '0', '111111', '2023-05-26 09:33:47', null, '2023-05-26 09:33:47');
INSERT INTO `t_album_img_relation` VALUES ('1661908570779475969', '1661908098509234177', '1661908570716561410', '0', '111111', '2023-05-26 09:34:15', null, '2023-05-26 09:34:15');
INSERT INTO `t_album_img_relation` VALUES ('1661908807828955139', '1661908798660206594', '1661908807828955138', '0', '111111', '2023-05-26 09:35:11', null, '2023-05-26 09:35:11');
INSERT INTO `t_album_img_relation` VALUES ('1661908916843110402', '1661908798660206594', '1661908916843110401', '0', '111111', '2023-05-26 09:35:37', null, '2023-05-26 09:35:37');
INSERT INTO `t_album_img_relation` VALUES ('1661909031179837441', '1661908798660206594', '1661909031116922882', '0', '111111', '2023-05-26 09:36:04', null, '2023-05-26 09:36:04');
INSERT INTO `t_album_img_relation` VALUES ('1661909357517660162', '1661909347396804609', '1661909357517660161', '0', '111111', '2023-05-26 09:37:22', null, '2023-05-26 09:37:22');
INSERT INTO `t_album_img_relation` VALUES ('1661909656877719554', '1661909347396804609', '1661909656877719553', '0', '111111', '2023-05-26 09:38:34', null, '2023-05-26 09:38:34');
INSERT INTO `t_album_img_relation` VALUES ('1661909756970590210', '1661909347396804609', '1661909756970590209', '0', '111111', '2023-05-26 09:38:58', null, '2023-05-26 09:38:58');
INSERT INTO `t_album_img_relation` VALUES ('1661910074844307458', '1661909347396804609', '1661910074844307457', '0', '111111', '2023-05-26 09:40:13', null, '2023-05-26 09:40:13');
INSERT INTO `t_album_img_relation` VALUES ('1661910195086614530', '1661909347396804609', '1661910195086614529', '0', '111111', '2023-05-26 09:40:42', null, '2023-05-26 09:40:42');
INSERT INTO `t_album_img_relation` VALUES ('1661910395276550146', '1661909347396804609', '1661910395276550145', '0', '111111', '2023-05-26 09:41:30', null, '2023-05-26 09:41:30');
INSERT INTO `t_album_img_relation` VALUES ('1661910503028219906', '1661909347396804609', '1661910503028219905', '0', '111111', '2023-05-26 09:41:55', null, '2023-05-26 09:41:55');
INSERT INTO `t_album_img_relation` VALUES ('1661911071947808771', '1661911060367335425', '1661911071947808770', '0', '111111', '2023-05-26 09:44:11', null, '2023-05-26 09:44:11');
INSERT INTO `t_album_img_relation` VALUES ('1661911211311947777', '1661911060367335425', '1661911211244838913', '0', '111111', '2023-05-26 09:44:44', null, '2023-05-26 09:44:44');
INSERT INTO `t_album_img_relation` VALUES ('1661911353909895171', '1661911060367335425', '1661911353909895170', '0', '111111', '2023-05-26 09:45:18', null, '2023-05-26 09:45:18');
INSERT INTO `t_album_img_relation` VALUES ('1661911478862405635', '1661911060367335425', '1661911478862405634', '0', '111111', '2023-05-26 09:45:48', null, '2023-05-26 09:45:48');
INSERT INTO `t_album_img_relation` VALUES ('1661911588837056513', '1661911060367335425', '1661911588769947649', '0', '111111', '2023-05-26 09:46:14', null, '2023-05-26 09:46:14');
INSERT INTO `t_album_img_relation` VALUES ('1661911683745767427', '1661911060367335425', '1661911683745767426', '0', '111111', '2023-05-26 09:46:37', null, '2023-05-26 09:46:37');
INSERT INTO `t_album_img_relation` VALUES ('1661913536982212611', '1661913504136617985', '1661913536982212610', '0', '111111', '2023-05-26 09:53:59', null, '2023-05-26 09:53:59');
INSERT INTO `t_album_img_relation` VALUES ('1661913633644142594', '1661913504136617985', '1661913633644142593', '0', '111111', '2023-05-26 09:54:22', null, '2023-05-26 09:54:22');
INSERT INTO `t_album_img_relation` VALUES ('1661913897855934467', '1661913878704742402', '1661913897855934466', '0', '111111', '2023-05-26 09:55:25', null, '2023-05-26 09:55:25');
INSERT INTO `t_album_img_relation` VALUES ('1661914122016317443', '1661913878704742402', '1661914122016317442', '0', '111111', '2023-05-26 09:56:18', null, '2023-05-26 09:56:18');
INSERT INTO `t_album_img_relation` VALUES ('1661914255135137794', '1661913878704742402', '1661914255135137793', '0', '111111', '2023-05-26 09:56:50', null, '2023-05-26 09:56:50');
INSERT INTO `t_album_img_relation` VALUES ('1661914591438626818', '1661914564049821698', '1661914591438626817', '0', '111111', '2023-05-26 09:58:10', null, '2023-05-26 09:58:10');
INSERT INTO `t_album_img_relation` VALUES ('1661914728021942274', '1661914564049821698', '1661914728021942273', '0', '111111', '2023-05-26 09:58:43', null, '2023-05-26 09:58:43');
INSERT INTO `t_album_img_relation` VALUES ('1661914828131590147', '1661914564049821698', '1661914828131590146', '0', '111111', '2023-05-26 09:59:07', null, '2023-05-26 09:59:07');
INSERT INTO `t_album_img_relation` VALUES ('1661914929906376705', '1661914564049821698', '1661914929839267842', '0', '111111', '2023-05-26 09:59:31', null, '2023-05-26 09:59:31');
INSERT INTO `t_album_img_relation` VALUES ('1661915248556040195', '1661915235545309185', '1661915248556040194', '0', '111111', '2023-05-26 10:00:47', null, '2023-05-26 10:00:47');
INSERT INTO `t_album_img_relation` VALUES ('1661915348661493762', '1661915235545309185', '1661915348661493761', '0', '111111', '2023-05-26 10:01:11', null, '2023-05-26 10:01:11');
INSERT INTO `t_album_img_relation` VALUES ('1661915456429940739', '1661915235545309185', '1661915456429940738', '0', '111111', '2023-05-26 10:01:36', null, '2023-05-26 10:01:36');
INSERT INTO `t_album_img_relation` VALUES ('1661915545319825410', '1661915235545309185', '1661915545319825409', '0', '111111', '2023-05-26 10:01:58', null, '2023-05-26 10:01:58');
INSERT INTO `t_album_img_relation` VALUES ('1661915917669163011', '1661915895200276481', '1661915917669163010', '0', '111111', '2023-05-26 10:03:26', null, '2023-05-26 10:03:26');
INSERT INTO `t_album_img_relation` VALUES ('1661916063328952321', '1661915895200276481', '1661916063266037761', '0', '111111', '2023-05-26 10:04:01', null, '2023-05-26 10:04:01');
INSERT INTO `t_album_img_relation` VALUES ('1661916200314920963', '1661915895200276481', '1661916200314920962', '0', '111111', '2023-05-26 10:04:34', null, '2023-05-26 10:04:34');
INSERT INTO `t_album_img_relation` VALUES ('1661916418548752386', '1661915895200276481', '1661916418548752385', '0', '111111', '2023-05-26 10:05:26', null, '2023-05-26 10:05:26');
INSERT INTO `t_album_img_relation` VALUES ('1661916556801400835', '1661915895200276481', '1661916556801400834', '0', '111111', '2023-05-26 10:05:59', null, '2023-05-26 10:05:59');
INSERT INTO `t_album_img_relation` VALUES ('1661916675365986307', '1661915895200276481', '1661916675365986306', '0', '111111', '2023-05-26 10:06:27', null, '2023-05-26 10:06:27');
INSERT INTO `t_album_img_relation` VALUES ('1661917128573116418', '1661917120213868546', '1661917128573116417', '0', '111111', '2023-05-26 10:08:15', null, '2023-05-26 10:08:15');
INSERT INTO `t_album_img_relation` VALUES ('1661917245288013826', '1661917120213868546', '1661917245288013825', '0', '111111', '2023-05-26 10:08:43', null, '2023-05-26 10:08:43');
INSERT INTO `t_album_img_relation` VALUES ('1661917354386055171', '1661917120213868546', '1661917354386055170', '0', '111111', '2023-05-26 10:09:09', null, '2023-05-26 10:09:09');
INSERT INTO `t_album_img_relation` VALUES ('1661917744783482882', '1661917120213868546', '1661917744783482881', '0', '111111', '2023-05-26 10:10:42', null, '2023-05-26 10:10:42');
INSERT INTO `t_album_img_relation` VALUES ('1661917915319689219', '1661917899721072641', '1661917915319689218', '0', '111111', '2023-05-26 10:11:23', null, '2023-05-26 10:11:23');
INSERT INTO `t_album_img_relation` VALUES ('1661918036002398210', '1661917899721072641', '1661918036002398209', '0', '111111', '2023-05-26 10:11:51', null, '2023-05-26 10:11:51');
INSERT INTO `t_album_img_relation` VALUES ('1661918138225975298', '1661917899721072641', '1661918138225975297', '0', '111111', '2023-05-26 10:12:16', null, '2023-05-26 10:12:16');
INSERT INTO `t_album_img_relation` VALUES ('1661918562991529986', '1661918555475337218', '1661918562991529985', '0', '111111', '2023-05-26 10:13:57', null, '2023-05-26 10:13:57');
INSERT INTO `t_album_img_relation` VALUES ('1661918686266318851', '1661918555475337218', '1661918686266318850', '0', '111111', '2023-05-26 10:14:26', null, '2023-05-26 10:14:26');
INSERT INTO `t_album_img_relation` VALUES ('1661919005385744386', '1661918555475337218', '1661919005385744385', '0', '111111', '2023-05-26 10:15:43', null, '2023-05-26 10:15:43');
INSERT INTO `t_album_img_relation` VALUES ('1661919123069526018', '1661918555475337218', '1661919123069526017', '0', '111111', '2023-05-26 10:16:11', null, '2023-05-26 10:16:11');
INSERT INTO `t_album_img_relation` VALUES ('1661925847608410114', '1661904072916918273', '1661919005385744385', null, '111111', '2023-05-26 10:42:54', null, '2023-05-26 10:42:54');
INSERT INTO `t_album_img_relation` VALUES ('1661925913752584194', '1661904072916918273', '1661917354386055170', null, '111111', '2023-05-26 10:43:10', null, '2023-05-26 10:43:10');
INSERT INTO `t_album_img_relation` VALUES ('1661935303209586689', '1661904072916918273', '1661913897855934466', null, '111111', '2023-05-26 11:20:28', null, '2023-05-26 11:20:28');
INSERT INTO `t_album_img_relation` VALUES ('1661935483761790978', '1661904072916918273', '1661917245288013825', null, '111111', '2023-05-26 11:21:11', null, '2023-05-26 11:21:11');
INSERT INTO `t_album_img_relation` VALUES ('1661935644667875329', '1661902889586319362', '1661917128573116417', null, '111111', '2023-05-26 11:21:50', null, '2023-05-26 11:21:50');
INSERT INTO `t_album_img_relation` VALUES ('1661939962779377666', '1661904072916918273', '1661916418548752385', null, '111111', '2023-05-26 11:38:59', null, '2023-05-26 11:38:59');
INSERT INTO `t_album_img_relation` VALUES ('1661940026679599106', '1661902889586319362', '1661918562991529985', null, '111111', '2023-05-26 11:39:14', null, '2023-05-26 11:39:14');
INSERT INTO `t_album_img_relation` VALUES ('1661946728896364545', '1661946722974007297', '1661919005385744385', null, '111111', '2023-05-26 12:05:52', null, '2023-05-26 12:05:52');
INSERT INTO `t_album_img_relation` VALUES ('1661964863007436803', '1661964830543523842', '1661964863007436802', '0', '111111', '2023-05-26 13:17:56', null, '2023-05-26 13:17:56');
INSERT INTO `t_album_img_relation` VALUES ('1661966021373538305', '1661966013270142978', '1661917245288013825', null, '111111', '2023-05-26 13:22:32', null, '2023-05-26 13:22:32');
INSERT INTO `t_album_img_relation` VALUES ('1661969895861858305', '1661915895200276481', '1661969895794749442', '0', '111111', '2023-05-26 13:37:56', null, '2023-05-26 13:37:56');
INSERT INTO `t_album_img_relation` VALUES ('1661970381172191234', '1661970368467644418', '1661970381172191233', '0', '111111', '2023-05-26 13:39:51', null, '2023-05-26 13:39:51');
INSERT INTO `t_album_img_relation` VALUES ('1661974698612568066', '1661970368467644418', '1661974698612568065', '0', '111111', '2023-05-26 13:57:01', null, '2023-05-26 13:57:01');
INSERT INTO `t_album_img_relation` VALUES ('1661974836798107651', '1661915895200276481', '1661974836798107650', '0', '111111', '2023-05-26 13:57:34', null, '2023-05-26 13:57:34');
INSERT INTO `t_album_img_relation` VALUES ('1662082249492606978', '1661970368467644418', '1662082249492606977', '0', '111111', '2023-05-26 21:04:23', null, '2023-05-26 21:04:23');
INSERT INTO `t_album_img_relation` VALUES ('1662082346058067970', '1661970368467644418', '1662082346058067969', '0', '111111', '2023-05-26 21:04:46', null, '2023-05-26 21:04:46');
INSERT INTO `t_album_img_relation` VALUES ('1662097100684210179', '1661915895200276481', '1662097100684210178', '0', '111111', '2023-05-26 22:03:24', null, '2023-05-26 22:03:24');
INSERT INTO `t_album_img_relation` VALUES ('1662102761434329090', '1662102750814351361', '1662102761434329089', '0', '111111', '2023-05-26 22:25:53', null, '2023-05-26 22:25:53');
INSERT INTO `t_album_img_relation` VALUES ('1662102870943412226', '1662102750814351361', '1662102870943412225', '0', '111111', '2023-05-26 22:26:19', null, '2023-05-26 22:26:19');
INSERT INTO `t_album_img_relation` VALUES ('1662103096794099714', '1662102750814351361', '1662103096794099713', '0', '111111', '2023-05-26 22:27:13', null, '2023-05-26 22:27:13');
INSERT INTO `t_album_img_relation` VALUES ('1662103184874483715', '1662102750814351361', '1662103184874483714', '0', '111111', '2023-05-26 22:27:34', null, '2023-05-26 22:27:34');
INSERT INTO `t_album_img_relation` VALUES ('1662103591243821059', '1662103474608615426', '1662103591243821058', '0', '111111', '2023-05-26 22:29:11', null, '2023-05-26 22:29:11');
INSERT INTO `t_album_img_relation` VALUES ('1662103908660359171', '1662102750814351361', '1662103908660359170', '0', '111111', '2023-05-26 22:30:27', null, '2023-05-26 22:30:27');
INSERT INTO `t_album_img_relation` VALUES ('1662106847248461826', '1662106735692558338', '1662106847248461825', '0', '111111', '2023-05-26 22:42:08', null, '2023-05-26 22:42:08');
INSERT INTO `t_album_img_relation` VALUES ('1662107038869434370', '1662106735692558338', '1662107038869434369', '0', '111111', '2023-05-26 22:42:53', null, '2023-05-26 22:42:53');
INSERT INTO `t_album_img_relation` VALUES ('1662116870049574914', '1661904072916918273', '1662116870049574913', '0', '111111', '2023-05-26 23:21:57', null, '2023-05-26 23:21:57');
INSERT INTO `t_album_img_relation` VALUES ('1662425261311279107', '1662425233486266370', '1662425261311279106', '0', '111111', '2023-05-27 19:47:23', null, '2023-05-27 19:47:23');
INSERT INTO `t_album_img_relation` VALUES ('1662430059007852546', '1662430017421328386', '1662430059007852545', '0', '111111', '2023-05-27 20:06:27', null, '2023-05-27 20:06:27');
INSERT INTO `t_album_img_relation` VALUES ('1662430671422373890', '1662430645161836546', '1662430671355265026', '0', '111111', '2023-05-27 20:08:53', null, '2023-05-27 20:08:53');
INSERT INTO `t_album_img_relation` VALUES ('1662430843552415746', '1662430645161836546', '1662430843355283457', '0', '111111', '2023-05-27 20:09:34', null, '2023-05-27 20:09:34');
INSERT INTO `t_album_img_relation` VALUES ('1662430989996539906', '1662430645161836546', '1662430989933625345', '0', '111111', '2023-05-27 20:10:09', null, '2023-05-27 20:10:09');
INSERT INTO `t_album_img_relation` VALUES ('1662431229138976770', '1662430645161836546', '1662431229138976769', '0', '111111', '2023-05-27 20:11:06', null, '2023-05-27 20:11:06');
INSERT INTO `t_album_img_relation` VALUES ('1662431405207470082', '1662425233486266370', '1662431405207470081', '0', '111111', '2023-05-27 20:11:48', null, '2023-05-27 20:11:48');
INSERT INTO `t_album_img_relation` VALUES ('1662432035347120130', '1662432014455291905', '1662432035347120129', '0', '111111', '2023-05-27 20:14:18', null, '2023-05-27 20:14:18');
INSERT INTO `t_album_img_relation` VALUES ('1662434532681859075', '1662432014455291905', '1662434532681859074', '0', '111111', '2023-05-27 20:24:14', null, '2023-05-27 20:24:14');
INSERT INTO `t_album_img_relation` VALUES ('1662434902845964290', '1662432014455291905', '1662434902845964289', '0', '111111', '2023-05-27 20:25:42', null, '2023-05-27 20:25:42');
INSERT INTO `t_album_img_relation` VALUES ('1662435075110223874', '1662432014455291905', '1662435075110223873', '0', '111111', '2023-05-27 20:26:23', null, '2023-05-27 20:26:23');
INSERT INTO `t_album_img_relation` VALUES ('1662435295189549058', '1662432014455291905', '1662435295105662978', '0', '111111', '2023-05-27 20:27:16', null, '2023-05-27 20:27:16');
INSERT INTO `t_album_img_relation` VALUES ('1662435561985032195', '1662432014455291905', '1662435561985032194', '0', '111111', '2023-05-27 20:28:19', null, '2023-05-27 20:28:19');
INSERT INTO `t_album_img_relation` VALUES ('1662435942467125251', '1662432014455291905', '1662435942467125250', '0', '111111', '2023-05-27 20:29:50', null, '2023-05-27 20:29:50');
INSERT INTO `t_album_img_relation` VALUES ('1662436573772791811', '1662432014455291905', '1662436573772791810', '0', '111111', '2023-05-27 20:32:20', null, '2023-05-27 20:32:20');
INSERT INTO `t_album_img_relation` VALUES ('1663208396600983554', '1663208372466958338', '1663208396538068994', '0', '111111', '2023-05-29 23:39:17', null, '2023-05-29 23:39:17');
INSERT INTO `t_album_img_relation` VALUES ('1663929501666091009', '1661906034840363010', '1663929501603176449', '0', '111111', '2023-05-31 23:24:42', null, '2023-05-31 23:24:42');
INSERT INTO `t_album_img_relation` VALUES ('1663929646403133442', '1661906034840363010', '1663929646403133441', '0', '111111', '2023-05-31 23:25:17', null, '2023-05-31 23:25:17');
INSERT INTO `t_album_img_relation` VALUES ('1664190031567851523', '1664189957618077697', '1664190031567851522', '0', '111111', '2023-06-01 16:39:57', null, '2023-06-01 16:39:57');
INSERT INTO `t_album_img_relation` VALUES ('1664195394946011137', '1664195370954592257', '1664195394883096577', '0', '111111', '2023-06-01 17:01:16', null, '2023-06-01 17:01:16');
INSERT INTO `t_album_img_relation` VALUES ('1664195518426320898', '1664195370954592257', '1664195518426320897', '0', '111111', '2023-06-01 17:01:46', null, '2023-06-01 17:01:46');
INSERT INTO `t_album_img_relation` VALUES ('1664195621526507523', '1664195370954592257', '1664195621526507522', '0', '111111', '2023-06-01 17:02:10', null, '2023-06-01 17:02:10');
INSERT INTO `t_album_img_relation` VALUES ('1664196063706812418', '1664195370954592257', '1664196063639703554', '0', '111111', '2023-06-01 17:03:56', null, '2023-06-01 17:03:56');
INSERT INTO `t_album_img_relation` VALUES ('1664196231369920514', '1664195370954592257', '1664196231369920513', '0', '111111', '2023-06-01 17:04:35', null, '2023-06-01 17:04:35');
INSERT INTO `t_album_img_relation` VALUES ('1664196400186462210', '1664195370954592257', '1664196400186462209', '0', '111111', '2023-06-01 17:05:16', null, '2023-06-01 17:05:16');
INSERT INTO `t_album_img_relation` VALUES ('1664479405090082817', '1664479332365045761', '1664479404892950529', '0', '111111', '2023-06-02 11:49:49', null, '2023-06-02 11:49:49');
INSERT INTO `t_album_img_relation` VALUES ('1664479669394149379', '1664479332365045761', '1664479669394149378', '0', '111111', '2023-06-02 11:50:52', null, '2023-06-02 11:50:52');
INSERT INTO `t_album_img_relation` VALUES ('1664479932054048770', '1664479332365045761', '1664479932054048769', '0', '111111', '2023-06-02 11:51:55', null, '2023-06-02 11:51:55');
INSERT INTO `t_album_img_relation` VALUES ('1664480168025591810', '1664479332365045761', '1664480167824265217', '0', '111111', '2023-06-02 11:52:51', null, '2023-06-02 11:52:51');
INSERT INTO `t_album_img_relation` VALUES ('1664480319213473795', '1664479332365045761', '1664480319213473794', '0', '111111', '2023-06-02 11:53:27', null, '2023-06-02 11:53:27');
INSERT INTO `t_album_img_relation` VALUES ('1664480465858924547', '1664479332365045761', '1664480465858924546', '0', '111111', '2023-06-02 11:54:02', null, '2023-06-02 11:54:02');
INSERT INTO `t_album_img_relation` VALUES ('1664481716457771011', '1664479332365045761', '1664481716457771010', '0', '111111', '2023-06-02 11:59:00', null, '2023-06-02 11:59:00');
INSERT INTO `t_album_img_relation` VALUES ('1664483383907520514', '1664482552458055682', '1664483383907520513', '0', '111111', '2023-06-02 12:05:38', null, '2023-06-02 12:05:38');
INSERT INTO `t_album_img_relation` VALUES ('1664484090840682498', '1664484014105890818', '1664484090773573634', '0', '111111', '2023-06-02 12:08:27', null, '2023-06-02 12:08:27');
INSERT INTO `t_album_img_relation` VALUES ('1664484292905472001', '1664484014105890818', '1664484292704145409', '0', '111111', '2023-06-02 12:09:15', null, '2023-06-02 12:09:15');
INSERT INTO `t_album_img_relation` VALUES ('1664486410093662210', '1664482552458055682', '1664486410093662209', '0', '111111', '2023-06-02 12:17:39', null, '2023-06-02 12:17:39');
INSERT INTO `t_album_img_relation` VALUES ('1664486601681080323', '1664484014105890818', '1664486601681080322', '0', '111111', '2023-06-02 12:18:25', null, '2023-06-02 12:18:25');
INSERT INTO `t_album_img_relation` VALUES ('1664590902021656578', '1664590817506430978', '1664590902021656577', '0', '111111', '2023-06-02 19:12:52', null, '2023-06-02 19:12:52');
INSERT INTO `t_album_img_relation` VALUES ('1664591317287112706', '1664590817506430978', '1664591317287112705', '0', '111111', '2023-06-02 19:14:31', null, '2023-06-02 19:14:31');
INSERT INTO `t_album_img_relation` VALUES ('1664591464175833090', '1664590817506430978', '1664591464175833089', '0', '111111', '2023-06-02 19:15:06', null, '2023-06-02 19:15:06');
INSERT INTO `t_album_img_relation` VALUES ('1664592375002501123', '1664590817506430978', '1664592375002501122', '0', '111111', '2023-06-02 19:18:43', null, '2023-06-02 19:18:43');
INSERT INTO `t_album_img_relation` VALUES ('1664592604003110915', '1664590817506430978', '1664592604003110914', '0', '111111', '2023-06-02 19:19:38', null, '2023-06-02 19:19:38');
INSERT INTO `t_album_img_relation` VALUES ('1664895382642577410', '1661904072916918273', '1664895382642577409', '0', '111111', '2023-06-03 15:22:46', null, '2023-06-03 15:22:46');
INSERT INTO `t_album_img_relation` VALUES ('1664895531263545346', '1661904072916918273', '1664895531263545345', '0', '111111', '2023-06-03 15:23:22', null, '2023-06-03 15:23:22');
INSERT INTO `t_album_img_relation` VALUES ('1664956653391933442', '1662425233486266370', '1664956653391933441', '0', '111111', '2023-06-03 19:26:14', null, '2023-06-03 19:26:14');
INSERT INTO `t_album_img_relation` VALUES ('1664957221703348225', '1662430017421328386', '1664957221569130497', '0', '111111', '2023-06-03 19:28:30', null, '2023-06-03 19:28:30');
INSERT INTO `t_album_img_relation` VALUES ('1664957821283299331', '1662430017421328386', '1664957821283299330', '0', '111111', '2023-06-03 19:30:53', null, '2023-06-03 19:30:53');
INSERT INTO `t_album_img_relation` VALUES ('1664958677747593218', '1662425233486266370', '1664958677680484353', '0', '111111', '2023-06-03 19:34:17', null, '2023-06-03 19:34:17');
INSERT INTO `t_album_img_relation` VALUES ('1664991980634599425', '1662425233486266370', '1664991980622016513', '0', '111111', '2023-06-03 21:46:37', null, '2023-06-03 21:46:37');
INSERT INTO `t_album_img_relation` VALUES ('1664992242304643074', '1662425233486266370', '1664992241977487361', '0', '111111', '2023-06-03 21:47:39', null, '2023-06-03 21:47:39');
INSERT INTO `t_album_img_relation` VALUES ('1665004256980709379', '1665004070560673793', '1665004256980709378', '0', '111111', '2023-06-03 22:35:24', null, '2023-06-03 22:35:24');
INSERT INTO `t_album_img_relation` VALUES ('1665004375977308162', '1665004070560673793', '1665004375977308161', '0', '111111', '2023-06-03 22:35:52', null, '2023-06-03 22:35:52');
INSERT INTO `t_album_img_relation` VALUES ('1665019315651928066', '1665019258131243010', '1665019315651928065', '0', '111111', '2023-06-03 23:35:14', null, '2023-06-03 23:35:14');
INSERT INTO `t_album_img_relation` VALUES ('1665019856406765569', '1665004070560673793', '1665019856339656706', '0', '111111', '2023-06-03 23:37:23', null, '2023-06-03 23:37:23');
INSERT INTO `t_album_img_relation` VALUES ('1665020508352602114', '1665020469874057217', '1665020508352602113', '0', '111111', '2023-06-03 23:39:58', null, '2023-06-03 23:39:58');
INSERT INTO `t_album_img_relation` VALUES ('1665020718822776835', '1665020469874057217', '1665020718822776834', '0', '111111', '2023-06-03 23:40:49', null, '2023-06-03 23:40:49');
INSERT INTO `t_album_img_relation` VALUES ('1665020919763492867', '1665020469874057217', '1665020919763492866', '0', '111111', '2023-06-03 23:41:37', null, '2023-06-03 23:41:37');
INSERT INTO `t_album_img_relation` VALUES ('1665021442122113026', '1665020469874057217', '1665021442055004162', '0', '111111', '2023-06-03 23:43:41', null, '2023-06-03 23:43:41');
INSERT INTO `t_album_img_relation` VALUES ('1665021822193164291', '1665020469874057217', '1665021822193164290', '0', '111111', '2023-06-03 23:45:12', null, '2023-06-03 23:45:12');
INSERT INTO `t_album_img_relation` VALUES ('1665021978087055362', '1665020469874057217', '1665021978087055361', '0', '111111', '2023-06-03 23:45:49', null, '2023-06-03 23:45:49');
INSERT INTO `t_album_img_relation` VALUES ('1665022205380583426', '1665020469874057217', '1665022205380583425', '0', '111111', '2023-06-03 23:46:43', null, '2023-06-03 23:46:43');
INSERT INTO `t_album_img_relation` VALUES ('1665022366001455105', '1665020469874057217', '1665022365934346242', '0', '111111', '2023-06-03 23:47:21', null, '2023-06-03 23:47:21');
INSERT INTO `t_album_img_relation` VALUES ('1665200706817699843', '1665004070560673793', '1665200706817699842', '0', '111111', '2023-06-04 11:36:01', null, '2023-06-04 11:36:01');
INSERT INTO `t_album_img_relation` VALUES ('1665201107449229314', '1661904072916918273', '1665201107319205889', '0', '111111', '2023-06-04 11:37:37', null, '2023-06-04 11:37:37');
INSERT INTO `t_album_img_relation` VALUES ('1665206744631554051', '1662425233486266370', '1665206744631554050', '0', '111111', '2023-06-04 12:00:01', null, '2023-06-04 12:00:01');
INSERT INTO `t_album_img_relation` VALUES ('1665207377002573827', '1665207305942675458', '1665207377002573826', '0', '111111', '2023-06-04 12:02:31', null, '2023-06-04 12:02:31');
INSERT INTO `t_album_img_relation` VALUES ('1665207525405437955', '1665207305942675458', '1665207525405437954', '0', '111111', '2023-06-04 12:03:07', null, '2023-06-04 12:03:07');
INSERT INTO `t_album_img_relation` VALUES ('1665208241809338370', '1662425233486266370', '1665208241809338369', '0', '111111', '2023-06-04 12:05:58', null, '2023-06-04 12:05:58');
INSERT INTO `t_album_img_relation` VALUES ('1665208463868375041', '1662425233486266370', '1665208463675437058', '0', '111111', '2023-06-04 12:06:51', null, '2023-06-04 12:06:51');
INSERT INTO `t_album_img_relation` VALUES ('1665208888071892993', '1662425233486266370', '1665208888004784130', '0', '111111', '2023-06-04 12:08:32', null, '2023-06-04 12:08:32');
INSERT INTO `t_album_img_relation` VALUES ('1665209581478424578', '1665209541892583426', '1665209581348401153', '0', '111111', '2023-06-04 12:11:17', null, '2023-06-04 12:11:17');
INSERT INTO `t_album_img_relation` VALUES ('1665210226616905729', '1665210079606550530', '1665210226486882306', '0', '111111', '2023-06-04 12:13:51', null, '2023-06-04 12:13:51');
INSERT INTO `t_album_img_relation` VALUES ('1665210420284698627', '1665210079606550530', '1665210420284698626', '0', '111111', '2023-06-04 12:14:37', null, '2023-06-04 12:14:37');
INSERT INTO `t_album_img_relation` VALUES ('1665210583229214722', '1665210079606550530', '1665210583229214721', '0', '111111', '2023-06-04 12:15:16', null, '2023-06-04 12:15:16');
INSERT INTO `t_album_img_relation` VALUES ('1665210760816046081', '1665210079606550530', '1665210760618913794', '0', '111111', '2023-06-04 12:15:58', null, '2023-06-04 12:15:58');
INSERT INTO `t_album_img_relation` VALUES ('1665210962683703298', '1665210079606550530', '1665210962683703297', '0', '111111', '2023-06-04 12:16:46', null, '2023-06-04 12:16:46');
INSERT INTO `t_album_img_relation` VALUES ('1665211077767016451', '1665210079606550530', '1665211077767016450', '0', '111111', '2023-06-04 12:17:14', null, '2023-06-04 12:17:14');
INSERT INTO `t_album_img_relation` VALUES ('1665211458706288641', '1665210079606550530', '1665211458572070913', '0', '111111', '2023-06-04 12:18:45', null, '2023-06-04 12:18:45');
INSERT INTO `t_album_img_relation` VALUES ('1665211602436698113', '1665210079606550530', '1665211602306674690', '0', '111111', '2023-06-04 12:19:19', null, '2023-06-04 12:19:19');
INSERT INTO `t_album_img_relation` VALUES ('1665211979835977730', '1665207305942675458', '1665211979647234050', '0', '111111', '2023-06-04 12:20:49', null, '2023-06-04 12:20:49');
INSERT INTO `t_album_img_relation` VALUES ('1665212128146567170', '1665207305942675458', '1665212128083652610', '0', '111111', '2023-06-04 12:21:24', null, '2023-06-04 12:21:24');
INSERT INTO `t_album_img_relation` VALUES ('1665212576756740098', '1665207305942675458', '1665212576689631233', '0', '111111', '2023-06-04 12:23:11', null, '2023-06-04 12:23:11');
INSERT INTO `t_album_img_relation` VALUES ('1665213296914542594', '1662425233486266370', '1665213296914542593', '0', '111111', '2023-06-04 12:26:03', null, '2023-06-04 12:26:03');
INSERT INTO `t_album_img_relation` VALUES ('1665214760042967042', '1662425233486266370', '1665214759845834754', '0', '111111', '2023-06-04 12:31:52', null, '2023-06-04 12:31:52');
INSERT INTO `t_album_img_relation` VALUES ('1665394596040437762', '1661915895200276481', '1665201107319205889', null, '111111', '2023-06-05 00:26:28', null, '2023-06-05 00:26:28');
INSERT INTO `t_album_img_relation` VALUES ('1665394621067849730', '1661915895200276481', '1664895531263545345', null, '111111', '2023-06-05 00:26:34', null, '2023-06-05 00:26:34');
INSERT INTO `t_album_img_relation` VALUES ('1665685465125654530', '1664189957618077697', '1665214759845834754', null, '111111', '2023-06-05 19:42:16', null, '2023-06-05 19:42:16');
INSERT INTO `t_album_img_relation` VALUES ('1665694167949971458', '1665207305942675458', '1665200706817699842', null, '111111', '2023-06-05 20:16:51', null, '2023-06-05 20:16:51');
INSERT INTO `t_album_img_relation` VALUES ('1665697355558096898', '1662425233486266370', '1665697355558096897', '0', '111111', '2023-06-05 20:29:31', null, '2023-06-05 20:29:31');
INSERT INTO `t_album_img_relation` VALUES ('1665702635184394242', '1665702614590361602', '1665702635184394241', '0', '111111', '2023-06-05 20:50:30', null, '2023-06-05 20:50:30');
INSERT INTO `t_album_img_relation` VALUES ('1665707190718631938', '1665707172666347521', '1665707190718631937', '0', '111111', '2023-06-05 21:08:36', null, '2023-06-05 21:08:36');
INSERT INTO `t_album_img_relation` VALUES ('1665954698560606209', '1662432014455291905', '1665954698493497346', '0', '111111', '2023-06-06 13:32:07', null, '2023-06-06 13:32:07');
INSERT INTO `t_album_img_relation` VALUES ('1665954872137682946', '1662432014455291905', '1665954872074768386', '0', '111111', '2023-06-06 13:32:48', null, '2023-06-06 13:32:48');
INSERT INTO `t_album_img_relation` VALUES ('1665954992153497602', '1662432014455291905', '1665697355558096897', null, '111111', '2023-06-06 13:33:17', null, '2023-06-06 13:33:17');
INSERT INTO `t_album_img_relation` VALUES ('1665973359908270081', '1662432014455291905', '1661910395276550145', null, '111111', '2023-06-06 14:46:16', null, '2023-06-06 14:46:16');
INSERT INTO `t_album_img_relation` VALUES ('1665993947955638274', '1661906034840363010', '1665993947955638273', '0', '111111', '2023-06-06 16:08:05', null, '2023-06-06 16:08:05');
INSERT INTO `t_album_img_relation` VALUES ('1665994082924146690', '1661906034840363010', '1665994082785734657', '0', '111111', '2023-06-06 16:08:37', null, '2023-06-06 16:08:37');
INSERT INTO `t_album_img_relation` VALUES ('1666056794123317250', '1665210079606550530', '1666056794056208386', '0', '111111', '2023-06-06 20:17:48', null, '2023-06-06 20:17:48');
INSERT INTO `t_album_img_relation` VALUES ('1666070380975534082', '1662432014455291905', '1666070380778401794', '0', '111111', '2023-06-06 21:11:48', null, '2023-06-06 21:11:48');
INSERT INTO `t_album_img_relation` VALUES ('1666071029360406530', '1662432014455291905', '1666071029360406529', '0', '111111', '2023-06-06 21:14:22', null, '2023-06-06 21:14:22');
INSERT INTO `t_album_img_relation` VALUES ('1666071610669969410', '1665210079606550530', '1666071610602860546', '0', '111111', '2023-06-06 21:16:41', null, '2023-06-06 21:16:41');
INSERT INTO `t_album_img_relation` VALUES ('1666262110148538369', '1662425233486266370', '1666262110018514946', '0', '111111', '2023-06-07 09:53:39', null, '2023-06-07 09:53:39');
INSERT INTO `t_album_img_relation` VALUES ('1666263275376521218', '1662430017421328386', '1666262643856945153', '0', '111111', '2023-06-07 09:58:17', null, '2023-06-07 09:58:17');
INSERT INTO `t_album_img_relation` VALUES ('1666374199512997889', '1664189957618077697', '1666374199315865601', '0', '111111', '2023-06-07 17:19:04', null, '2023-06-07 17:19:04');
INSERT INTO `t_album_img_relation` VALUES ('1666375456784982017', '1664189957618077697', '1666375456587849730', '0', '111111', '2023-06-07 17:24:03', null, '2023-06-07 17:24:03');
INSERT INTO `t_album_img_relation` VALUES ('1666385385457455106', '1661908798660206594', '1666385385264517122', '0', '111111', '2023-06-07 18:03:30', null, '2023-06-07 18:03:30');
INSERT INTO `t_album_img_relation` VALUES ('1666385854284173314', '1664189957618077697', '1666385854284173313', '0', '111111', '2023-06-07 18:05:22', null, '2023-06-07 18:05:22');
INSERT INTO `t_album_img_relation` VALUES ('1666392671278194689', '1664189957618077697', '1665201107319205889', null, '111111', '2023-06-07 18:32:28', null, '2023-06-07 18:32:28');
INSERT INTO `t_album_img_relation` VALUES ('1666401045545852930', '1666377195273629698', '1666401045436801025', '0', '111111', '2023-06-07 19:05:44', null, '2023-06-07 19:05:44');
INSERT INTO `t_album_img_relation` VALUES ('1666402493352484867', '1664189957618077697', '1666402493352484866', '0', '111111', '2023-06-07 19:11:29', null, '2023-06-07 19:11:29');
INSERT INTO `t_album_img_relation` VALUES ('1666424194878513155', '1662425233486266370', '1666424194878513154', '0', '111111', '2023-06-07 20:37:43', null, '2023-06-07 20:37:43');
INSERT INTO `t_album_img_relation` VALUES ('1666426941124206593', '1662430017421328386', '1666426941103235074', '0', '111111', '2023-06-07 20:48:38', null, '2023-06-07 20:48:38');
INSERT INTO `t_album_img_relation` VALUES ('1666429009801076738', '1665004070560673793', '1666429009733967874', '0', '111111', '2023-06-07 20:56:51', null, '2023-06-07 20:56:51');
INSERT INTO `t_album_img_relation` VALUES ('1666429778122072065', '1665004070560673793', '1666429778054963202', '0', '111111', '2023-06-07 20:59:55', null, '2023-06-07 20:59:55');
INSERT INTO `t_album_img_relation` VALUES ('1666630496443551745', '1662430017421328386', '1666630496250613762', '0', '111111', '2023-06-08 10:17:30', null, '2023-06-08 10:17:30');
INSERT INTO `t_album_img_relation` VALUES ('1666632157907968001', '1662425233486266370', '1666632157719224321', '0', '111111', '2023-06-08 10:24:06', null, '2023-06-08 10:24:06');
INSERT INTO `t_album_img_relation` VALUES ('1666633792994467842', '1662425233486266370', '1666633792801529858', '0', '111111', '2023-06-08 10:30:35', null, '2023-06-08 10:30:35');
INSERT INTO `t_album_img_relation` VALUES ('1666662555564163074', '1665207305942675458', '1666662555434139649', '0', '111111', '2023-06-08 12:24:53', null, '2023-06-08 12:24:53');
INSERT INTO `t_album_img_relation` VALUES ('1666805263427485698', '1665207305942675458', '1661909031116922882', null, '111111', '2023-06-08 21:51:57', null, '2023-06-08 21:51:57');
INSERT INTO `t_album_img_relation` VALUES ('1667028238470811649', '1661904072916918273', '1667028157894037505', '0', '111111', '2023-06-09 12:37:59', null, '2023-06-09 12:37:59');
INSERT INTO `t_album_img_relation` VALUES ('1667061845193158657', '1665209541892583426', '1661914929839267842', null, '111111', '2023-06-09 14:51:31', null, '2023-06-09 14:51:31');
INSERT INTO `t_album_img_relation` VALUES ('1667091046520614914', '1662430017421328386', '1667090944137654273', '0', '111111', '2023-06-09 16:47:33', null, '2023-06-09 16:47:33');
INSERT INTO `t_album_img_relation` VALUES ('1667192050079514625', '1662430645161836546', '1667192049936908290', '0', '111111', '2023-06-09 23:28:54', null, '2023-06-09 23:28:54');
INSERT INTO `t_album_img_relation` VALUES ('1667192492083658754', '1661966013270142978', '1667192491882332162', '0', '111111', '2023-06-09 23:30:40', null, '2023-06-09 23:30:40');
INSERT INTO `t_album_img_relation` VALUES ('1667196101139644418', '1661966013270142978', '1667196100946706433', '0', '111111', '2023-06-09 23:45:00', null, '2023-06-09 23:45:00');
INSERT INTO `t_album_img_relation` VALUES ('1667366765263917058', '1661904072916918273', '1661916200314920962', null, '111111', '2023-06-10 11:03:10', null, '2023-06-10 11:03:10');
INSERT INTO `t_album_img_relation` VALUES ('1667759858769268738', '1661904072916918273', '1665022205380583425', null, '111111', '2023-06-11 13:05:10', null, '2023-06-11 13:05:10');
INSERT INTO `t_album_img_relation` VALUES ('1667760705389531137', '1661904072916918273', '1666401045436801025', null, '111111', '2023-06-11 13:08:32', null, '2023-06-11 13:08:32');
INSERT INTO `t_album_img_relation` VALUES ('1667818618653052929', '1665207305942675458', '1667818618590138369', '0', '111111', '2023-06-11 16:58:40', null, '2023-06-11 16:58:40');
INSERT INTO `t_album_img_relation` VALUES ('1667907913820758017', '1662425233486266370', '1664591464175833089', null, '111111', '2023-06-11 22:53:30', null, '2023-06-11 22:53:30');
INSERT INTO `t_album_img_relation` VALUES ('1668078607472844803', '1662425233486266370', '1668078607472844802', '0', '111111', '2023-06-12 10:11:46', null, '2023-06-12 10:11:46');
INSERT INTO `t_album_img_relation` VALUES ('1668230806156910595', '1668229376952045569', '1668230806156910594', '0', '111111', '2023-06-12 20:16:33', null, '2023-06-12 20:16:33');
INSERT INTO `t_album_img_relation` VALUES ('1668514526143225859', '1665207305942675458', '1668514526143225858', '0', '111111', '2023-06-13 15:03:57', null, '2023-06-13 15:03:57');
INSERT INTO `t_album_img_relation` VALUES ('1668515092923719682', '1668515085390749698', '1668515092730781697', '0', '111111', '2023-06-13 15:06:12', null, '2023-06-13 15:06:12');
INSERT INTO `t_album_img_relation` VALUES ('1668515554120998913', '1668515085390749698', '1668515553928060930', '0', '111111', '2023-06-13 15:08:02', null, '2023-06-13 15:08:02');
INSERT INTO `t_album_img_relation` VALUES ('1668515718986506242', '1668515711583559681', '1668515718852288514', '0', '111111', '2023-06-13 15:08:42', null, '2023-06-13 15:08:42');
INSERT INTO `t_album_img_relation` VALUES ('1668516152304246786', '1668515085390749698', '1665207377002573826', null, '111111', '2023-06-13 15:10:25', null, '2023-06-13 15:10:25');
INSERT INTO `t_album_img_relation` VALUES ('1668516922340712449', '1668515711583559681', '1668516922273603586', '0', '111111', '2023-06-13 15:13:28', null, '2023-06-13 15:13:28');
INSERT INTO `t_album_img_relation` VALUES ('1668517028628570113', '1668515085390749698', '1668517028427243521', '0', '111111', '2023-06-13 15:13:54', null, '2023-06-13 15:13:54');
INSERT INTO `t_album_img_relation` VALUES ('1670680712574504962', '1662425233486266370', '1670680712440287233', '0', '111111', '2023-06-19 14:31:36', null, '2023-06-19 14:31:36');
INSERT INTO `t_album_img_relation` VALUES ('1681299677635485698', '1664479332365045761', '1681299677559988226', '0', '111111', '2023-07-18 21:47:35', null, '2023-07-18 21:47:35');
INSERT INTO `t_album_img_relation` VALUES ('1681506995044163586', '1664479332365045761', '1681506995014803458', '0', '111111', '2023-07-19 11:31:23', null, '2023-07-19 11:31:23');
INSERT INTO `t_album_img_relation` VALUES ('1681850101186764801', '1662425233486266370', '1661905162219610114', null, '111111', '2023-07-20 10:14:46', null, '2023-07-20 10:14:46');
INSERT INTO `t_album_img_relation` VALUES ('1681850258108260353', '1665207305942675458', '1668517028427243521', null, '111111', '2023-07-20 10:15:23', null, '2023-07-20 10:15:23');
INSERT INTO `t_album_img_relation` VALUES ('1681850521946759169', '1662425233486266370', '1664195621526507522', null, '111111', '2023-07-20 10:16:26', null, '2023-07-20 10:16:26');
INSERT INTO `t_album_img_relation` VALUES ('1681999667727007746', '1664189957618077697', '1681299677559988226', null, '111111', '2023-07-20 20:09:05', null, '2023-07-20 20:09:05');
INSERT INTO `t_album_img_relation` VALUES ('1683308800522678273', '1662106735692558338', '1683308800493318146', '0', '111111', '2023-07-24 10:51:07', null, '2023-07-24 10:51:07');
INSERT INTO `t_album_img_relation` VALUES ('1684116889123516418', '1661966013270142978', '1684116889115127809', '0', '111111', '2023-07-26 16:22:10', null, '2023-07-26 16:22:10');
INSERT INTO `t_album_img_relation` VALUES ('1684117237615652865', '1661913504136617985', '1667028157894037505', null, '111111', '2023-07-26 16:23:33', null, '2023-07-26 16:23:33');
INSERT INTO `t_album_img_relation` VALUES ('1684494877262442498', '1664479332365045761', '1666374199315865601', null, '111111', '2023-07-27 17:24:10', null, '2023-07-27 17:24:10');
INSERT INTO `t_album_img_relation` VALUES ('1684495337138515969', '1662106735692558338', '1661906180575649794', null, '111111', '2023-07-27 17:25:59', null, '2023-07-27 17:25:59');
INSERT INTO `t_album_img_relation` VALUES ('1684797939147436033', '1662106735692558338', '1684797939130658817', '0', '111111', '2023-07-28 13:28:25', null, '2023-07-28 13:28:25');
INSERT INTO `t_album_img_relation` VALUES ('1686992537584234497', '1664195370954592257', '1686992537575845890', '0', '111111', '2023-08-03 14:48:58', null, '2023-08-03 14:48:58');
INSERT INTO `t_album_img_relation` VALUES ('1689536731519479809', '1662432014455291905', '1689536731511091201', '0', '111111', '2023-08-10 15:18:42', null, '2023-08-10 15:18:42');
INSERT INTO `t_album_img_relation` VALUES ('1689540101625966593', '1661900149283938306', '1689540101617577985', '0', '111111', '2023-08-10 15:32:05', null, '2023-08-10 15:32:05');
INSERT INTO `t_album_img_relation` VALUES ('1689542891739901954', '1689542852741263362', '1689542891731513345', '0', '111111', '2023-08-10 15:43:10', null, '2023-08-10 15:43:10');
INSERT INTO `t_album_img_relation` VALUES ('1691745572780863489', '1662425233486266370', '1691745572772474882', '0', '111111', '2023-08-16 17:35:50', null, '2023-08-16 17:35:50');
INSERT INTO `t_album_img_relation` VALUES ('1692806132607811585', '1662432014455291905', '1664195621526507522', null, '111111', '2023-08-19 15:50:07', null, '2023-08-19 15:50:07');
INSERT INTO `t_album_img_relation` VALUES ('1693196017734844417', '1693195935320965122', '1693196017722261505', '0', '111111', '2023-08-20 17:39:23', null, '2023-08-20 17:39:23');
INSERT INTO `t_album_img_relation` VALUES ('1702296750426021889', '1664479332365045761', '1702296750417633281', '0', '111111', '2023-09-14 20:22:27', null, '2023-09-14 20:22:27');
INSERT INTO `t_album_img_relation` VALUES ('1702511916241510401', '1661946722974007297', '1666633792801529858', null, '111111', '2023-09-15 10:37:27', null, '2023-09-15 10:37:27');
INSERT INTO `t_album_img_relation` VALUES ('1702697665976889346', '1686992220125753346', '1665212128083652610', null, '111111', '2023-09-15 22:55:33', null, '2023-09-15 22:55:33');
INSERT INTO `t_album_img_relation` VALUES ('1702697690605842433', '1687450482109411329', '1661916063266037761', null, '111111', '2023-09-15 22:55:39', null, '2023-09-15 22:55:39');
INSERT INTO `t_album_img_relation` VALUES ('1702697711803854849', '1664189957618077697', '1664479404892950529', null, '111111', '2023-09-15 22:55:44', null, '2023-09-15 22:55:44');
INSERT INTO `t_album_img_relation` VALUES ('1702697730141351938', '1664189957618077697', '1665209581348401153', null, '111111', '2023-09-15 22:55:48', null, '2023-09-15 22:55:48');
INSERT INTO `t_album_img_relation` VALUES ('1702697748847947777', '1661908098509234177', '1664592375002501122', null, '111111', '2023-09-15 22:55:53', null, '2023-09-15 22:55:53');
INSERT INTO `t_album_img_relation` VALUES ('1702697771891453953', '1661908098509234177', '1664957221569130497', null, '111111', '2023-09-15 22:55:58', null, '2023-09-15 22:55:58');
INSERT INTO `t_album_img_relation` VALUES ('1702697790837125122', '1661908098509234177', '1689540101617577985', null, '111111', '2023-09-15 22:56:03', null, '2023-09-15 22:56:03');
INSERT INTO `t_album_img_relation` VALUES ('1702697814165843970', '1664195370954592257', '1665211979647234050', null, '111111', '2023-09-15 22:56:08', null, '2023-09-15 22:56:08');
INSERT INTO `t_album_img_relation` VALUES ('1702697852480811010', '1666377195273629698', '1662436573772791810', null, '111111', '2023-09-15 22:56:17', null, '2023-09-15 22:56:17');
INSERT INTO `t_album_img_relation` VALUES ('1703057851145023490', '1664189957618077697', '1665707190718631937', null, '111111', '2023-09-16 22:46:48', null, '2023-09-16 22:46:48');

-- ----------------------------
-- Table structure for t_category
-- ----------------------------
DROP TABLE IF EXISTS `t_category`;
CREATE TABLE `t_category` (
  `id` bigint NOT NULL,
  `name` varchar(50) NOT NULL,
  `pid` bigint DEFAULT NULL,
  `sort` int DEFAULT NULL,
  `count` bigint DEFAULT NULL,
  `description` longtext,
  `cover` varchar(255) CHARACTER SET utf8mb4 COLLATE utf8mb4_general_ci DEFAULT NULL COMMENT '分类的封面，如果是一级分类就是随便看看的封面，二级分类则是主封面',
  `hot_cover` varchar(255) CHARACTER SET utf8mb4 COLLATE utf8mb4_general_ci DEFAULT NULL COMMENT '热门封面',
  `creator` bigint DEFAULT NULL,
  `create_date` datetime DEFAULT NULL,
  `updater` bigint DEFAULT NULL,
  `update_date` datetime DEFAULT NULL,
  PRIMARY KEY (`id`)
) ENGINE=InnoDB DEFAULT CHARSET=utf8mb4 COLLATE=utf8mb4_0900_ai_ci;

-- ----------------------------
-- Records of t_category
-- ----------------------------
INSERT INTO `t_category` VALUES ('1594985167723864061', '头像', '0', null, null, null, 'https://img1.baidu.com/it/u=4048071112,566005454&fm=253&fmt=auto&app=138&f=JPEG?w=500&h=500', 'https://img2.baidu.com/it/u=453253244,3693084626&fm=253&fmt=auto&app=138&f=JPEG?w=500&h=500', null, '2023-03-24 14:52:52', null, '2023-03-24 14:53:15');
INSERT INTO `t_category` VALUES ('1594985167723864062', '壁纸', '0', null, null, null, 'https://img0.baidu.com/it/u=1275095085,1961143463&fm=253&fmt=auto&app=120&f=JPEG?w=1280&h=800', 'https://img2.baidu.com/it/u=40095075,1211536451&fm=253&fmt=auto&app=120&f=JPEG?w=1280&h=800', null, '2023-03-24 14:52:54', null, '2023-03-24 14:53:17');
INSERT INTO `t_category` VALUES ('1594985167723864063', '表情', '0', null, null, null, 'https://preview.qiantucdn.com/58pic/34/86/20/76W58PIC8IX38it8958PICefA_PIC2018.gif%21w1024_new_small', 'https://img2.baidu.com/it/u=754933101,1986163827&fm=253&fmt=auto&app=120&f=JPEG?w=938&h=800', null, '2023-03-24 14:52:56', null, '2023-03-24 14:53:20');
INSERT INTO `t_category` VALUES ('1594985167723864064', '主题', '0', null, null, null, 'https://img0.baidu.com/it/u=2061015773,2041399178&fm=253&fmt=auto&app=138&f=JPEG?w=500&h=281', 'https://img2.baidu.com/it/u=826772970,730108778&fm=253&fmt=auto&app=120&f=JPEG?w=1280&h=800', null, '2023-03-24 14:52:58', null, '2023-03-24 14:53:22');
INSERT INTO `t_category` VALUES ('1594985167723864065', '影视', '0', null, null, null, 'https://img1.baidu.com/it/u=1465299912,3081968049&fm=253&fmt=auto&app=120&f=JPEG?w=1200&h=675', 'https://img2.baidu.com/it/u=1390720635,1469917720&fm=253&fmt=auto&app=138&f=JPEG?w=500&h=313', null, '2023-03-24 14:53:00', null, '2023-03-24 14:53:25');
INSERT INTO `t_category` VALUES ('1594985167723864066', '动漫', '0', null, null, null, 'https://img2.baidu.com/it/u=3557507037,4178417346&fm=253&fmt=auto&app=138&f=JPEG?w=500&h=1029', 'https://img0.baidu.com/it/u=3956925934,1485967994&fm=253&fmt=auto&app=138&f=JPEG?w=889&h=500', null, '2023-03-24 14:53:03', null, '2023-03-24 14:53:27');
INSERT INTO `t_category` VALUES ('1594985167723864067', '萌宠', '0', null, null, null, 'https://img0.baidu.com/it/u=2017189832,3005462452&fm=253&fmt=auto&app=138&f=JPEG?w=507&h=500', 'https://img1.baidu.com/it/u=392440737,274899463&fm=253&fmt=auto&app=138&f=JPEG?w=756&h=500', null, '2023-03-24 14:53:05', null, '2023-03-24 14:53:29');
INSERT INTO `t_category` VALUES ('1594985167723864068', '绘画', '0', null, null, null, 'https://img0.baidu.com/it/u=3606675823,19392459&fm=253&fmt=auto&app=138&f=JPEG?w=614&h=500', 'https://img1.baidu.com/it/u=2139756579,363196934&fm=253&fmt=auto?w=950&h=544', null, '2023-03-24 14:53:07', null, '2023-03-24 14:53:32');
INSERT INTO `t_category` VALUES ('1594985167723864069', '美食', '0', null, null, null, 'https://img2.baidu.com/it/u=3198551379,2075192309&fm=253&fmt=auto&app=120&f=JPEG?w=1422&h=800', 'https://img2.baidu.com/it/u=1688025837,843491578&fm=253&fmt=auto&app=120&f=JPEG?w=889&h=500', null, '2023-03-24 14:53:10', null, '2023-03-24 14:53:34');
INSERT INTO `t_category` VALUES ('1594985167723864110', '风景', '0', null, null, null, 'https://img1.baidu.com/it/u=3610922680,1058803729&fm=253&fmt=auto&app=138&f=JPEG?w=800&h=500', 'https://img2.baidu.com/it/u=355673106,1614830790&fm=253&fmt=auto&app=138&f=JPEG?w=800&h=500', null, '2023-03-24 14:53:12', null, '2023-03-24 14:53:36');
INSERT INTO `t_category` VALUES ('1594985167723864111', '动漫', '1594985167723864061', null, null, '动漫头像', 'https://img1.baidu.com/it/u=3849491138,950134800&fm=253&fmt=auto&app=138&f=JPEG?w=500&h=820', null, null, '2023-03-24 15:07:07', null, '2023-03-24 15:07:10');
INSERT INTO `t_category` VALUES ('1594985167723864112', '女生头像', '1594985167723864061', null, null, '适合女孩子的头像', 'https://img2.baidu.com/it/u=1336099446,661546451&fm=253&fmt=auto&app=138&f=JPEG?w=500&h=500', null, null, '2023-03-24 15:12:39', null, '2023-03-24 15:12:53');
INSERT INTO `t_category` VALUES ('1594985167723864113', '男生头像', '1594985167723864061', null, null, '适合男孩子的头像', 'https://img1.baidu.com/it/u=773188203,2981672265&fm=253&fmt=auto&app=138&f=JPEG?w=281&h=500', null, null, '2023-03-24 15:12:41', null, '2023-03-24 15:12:55');
INSERT INTO `t_category` VALUES ('1594985167723864114', '风景', '1594985167723864061', null, null, '好看的风景', 'https://img1.baidu.com/it/u=1681825099,2898845545&fm=253&fmt=auto&app=138&f=JPEG?w=500&h=888', null, null, '2023-03-24 15:12:43', null, '2023-03-24 15:12:57');
INSERT INTO `t_category` VALUES ('1594985167723864115', '可爱', '1594985167723864061', null, null, '可爱的头像', 'https://img1.baidu.com/it/u=783236443,1559696047&fm=253&fmt=auto&app=138&f=JPEG?w=500&h=500', null, null, '2023-03-24 15:12:45', null, '2023-03-24 15:13:00');
INSERT INTO `t_category` VALUES ('1594985167723864116', '情侣', '1594985167723864061', null, null, '情侣头像', 'https://img0.baidu.com/it/u=4168948101,1586552447&fm=253&fmt=auto&app=138&f=JPEG?w=500&h=926', null, null, '2023-03-24 15:12:47', null, '2023-03-24 15:13:02');
INSERT INTO `t_category` VALUES ('1594985167723864117', '宠物', '1594985167723864061', null, null, '宠物头像', 'https://img0.baidu.com/it/u=3574495855,3620224580&fm=253&fmt=auto&app=138&f=JPEG?w=500&h=888', null, null, '2023-03-24 15:12:49', null, '2023-03-24 15:13:04');
INSERT INTO `t_category` VALUES ('1594985167723864118', '卡通', '1594985167723864061', null, null, '卡通头像', 'https://img1.baidu.com/it/u=2785988489,2898142966&fm=253&fmt=auto&app=138&f=JPEG?w=500&h=500', null, null, '2023-03-24 15:12:51', null, '2023-03-24 15:13:06');
INSERT INTO `t_category` VALUES ('1594985167723864119', '情侣', '1594985167723864062', null, null, '情侣壁纸', 'https://img0.baidu.com/it/u=1389592662,1064477027&fm=253&fmt=auto&app=138&f=JPEG?w=500&h=500', null, null, '2023-03-24 15:18:48', null, '2023-03-24 15:19:08');
INSERT INTO `t_category` VALUES ('1594985167723864210', 'ins', '1594985167723864062', null, null, 'ins壁纸', 'https://img0.baidu.com/it/u=4114912361,4128907800&fm=253&fmt=auto&app=138&f=JPEG?w=500&h=889', null, null, '2023-03-24 15:18:51', null, '2023-03-24 15:19:10');
INSERT INTO `t_category` VALUES ('1594985167723864211', '文字', '1594985167723864062', null, null, '文字壁纸', 'https://img0.baidu.com/it/u=3872412964,297829627&fm=253&fmt=auto&app=138&f=JPEG?w=800&h=500', null, null, '2023-03-24 15:18:54', null, '2023-03-24 15:19:13');
INSERT INTO `t_category` VALUES ('1594985167723864212', '聊天', '1594985167723864062', null, null, '聊天壁纸', 'https://img2.baidu.com/it/u=3265236625,2572512370&fm=253&app=138&size=w931&n=0&f=JPEG&fmt=auto?sec=1679763600&t=a486c5f84d9daa84a0fec792bd2a7eb3', null, null, '2023-03-24 15:18:57', null, '2023-03-24 15:19:16');
INSERT INTO `t_category` VALUES ('1594985167723864215', '月亮', '1594985167723864062', null, null, '月亮壁纸', 'https://img1.baidu.com/it/u=709961623,2802134937&fm=253&app=138&size=w931&n=0&f=JPEG&fmt=auto?sec=1679763600&t=d517659230a4cf07b9d1fec9cac85f5a', null, null, '2023-03-24 15:18:58', null, '2023-03-24 15:19:17');
INSERT INTO `t_category` VALUES ('1594985167723864216', '星星', '1594985167723864062', null, null, '星星壁纸', 'https://img0.baidu.com/it/u=2710478475,729929474&fm=253&app=138&size=w931&n=0&f=JPEG&fmt=auto?sec=1679763600&t=6ade3194c88dced4e90b94353bc2ed0b', null, null, '2023-03-24 15:19:01', null, '2023-03-24 15:19:19');
INSERT INTO `t_category` VALUES ('1594985167723864217', '可爱', '1594985167723864062', null, null, '可爱壁纸', 'https://img1.baidu.com/it/u=3993474665,2175648748&fm=253&app=138&size=w931&n=0&f=JPEG&fmt=auto?sec=1679763600&t=e7fcf7182fc760b5b79a3f1866b91fc4', null, null, '2023-03-24 15:19:03', null, '2023-03-24 15:19:21');
INSERT INTO `t_category` VALUES ('1594985167723864218', '动漫', '1594985167723864062', null, null, '动漫壁纸', 'https://img2.baidu.com/it/u=262428766,2585383158&fm=253&app=138&size=w931&n=0&f=JPEG&fmt=auto?sec=1679763600&t=567b1a76131a1519fdc2e04d72762a7e', null, null, '2023-03-24 15:19:06', null, '2023-03-24 15:19:23');
INSERT INTO `t_category` VALUES ('1594985167723864310', '可爱', '1594985167723864063', null, null, '可爱的表情', 'https://img1.baidu.com/it/u=925635138,2683937048&fm=253&app=138&size=w931&n=0&f=JPEG&fmt=auto?sec=1679763600&t=cbb37481fff2c440c3720697c311ae45', null, null, '2023-03-24 15:24:33', null, '2023-03-24 15:24:49');
INSERT INTO `t_category` VALUES ('1594985167723864312', '搞笑', '1594985167723864063', null, null, '搞笑的表情', 'https://img0.baidu.com/it/u=1523344458,2815435434&fm=253&fmt=auto&app=138&f=JPEG?w=500&h=500', null, null, '2023-03-24 15:24:36', null, '2023-03-24 15:24:53');
INSERT INTO `t_category` VALUES ('1594985167723864313', '动漫', '1594985167723864063', null, null, '动漫表情', 'https://img.soogif.com/pJTouuCsrb002iv3Tx8lpKGOSRx3YXbV.gif', null, null, '2023-03-24 15:24:38', null, '2023-03-24 15:24:55');
INSERT INTO `t_category` VALUES ('1594985167723864314', '无语', '1594985167723864063', null, null, '无语表情', 'https://img0.baidu.com/it/u=4218554309,3018209913&fm=253&fmt=auto&app=120&f=JPEG?w=800&h=800', null, null, '2023-03-24 15:24:40', null, '2023-03-24 15:24:57');
INSERT INTO `t_category` VALUES ('1594985167723864315', '猫猫', '1594985167723864063', null, null, '猫咪表情', 'https://p1.itc.cn/q_70/images03/20200722/79660b4538f54a0f929bb84bc90cb8f1.gif', null, null, '2023-03-24 15:24:42', null, '2023-03-24 15:24:59');
INSERT INTO `t_category` VALUES ('1594985167723864316', '汪星人', '1594985167723864063', null, null, '汪星人表情', 'https://img2.baidu.com/it/u=1039680708,13111231&fm=253&fmt=auto&app=138&f=JPEG?w=500&h=667', null, null, '2023-03-24 15:24:43', null, '2023-03-24 15:25:02');
INSERT INTO `t_category` VALUES ('1594985167723864317', '打工人', '1594985167723864063', null, null, '打工人表情', 'https://img1.baidu.com/it/u=3634284552,1193261509&fm=253&fmt=auto&app=138&f=JPEG?w=500&h=375', null, null, '2023-03-24 15:24:45', null, '2023-03-24 15:25:03');
INSERT INTO `t_category` VALUES ('1594985167723864318', '干饭', '1594985167723864063', null, null, '干饭表情', 'https://img1.baidu.com/it/u=224336331,2937738639&fm=253&fmt=auto&app=138&f=JPEG?w=470&h=500', null, null, '2023-03-24 15:24:47', null, '2023-03-24 15:25:05');
INSERT INTO `t_category` VALUES ('1594985167723864410', '柯南', '1594985167723864066', null, null, '柯南', 'https://img0.baidu.com/it/u=771098675,864035088&fm=253&app=138&size=w931&n=0&f=JPEG&fmt=auto?sec=1679763600&t=e2c973fb5708beb84d7ced7d2fdc72ba', null, null, '2023-03-24 22:46:42', null, '2023-03-24 22:46:56');
INSERT INTO `t_category` VALUES ('1594985167723864411', '火影', '1594985167723864066', null, null, '火影', 'https://img2.baidu.com/it/u=3329589379,2383322306&fm=253&app=138&size=w931&n=0&f=JPEG&fmt=auto?sec=1679763600&t=f49b515e917ce9fdfaee9abb31f84e1f', null, null, '2023-03-24 22:46:44', null, '2023-03-24 22:46:59');
INSERT INTO `t_category` VALUES ('1594985167723864412', '小埋', '1594985167723864066', null, null, '小埋', 'https://img0.baidu.com/it/u=3891227261,2556642340&fm=253&app=138&size=w931&n=0&f=JPEG&fmt=auto?sec=1679763600&t=8c2ed460b3a15ad4e81fd2c08a8e90d8', null, null, '2023-03-24 22:46:46', null, '2023-03-24 22:47:02');
INSERT INTO `t_category` VALUES ('1594985167723864413', '夏目友人帐', '1594985167723864066', null, null, '夏目友人帐', 'https://img2.baidu.com/it/u=2580604745,2746057038&fm=253&app=138&size=w931&n=0&f=JPEG&fmt=auto?sec=1679763600&t=359c987475d2be8d04d0d7bddf282642', null, null, '2023-03-24 22:46:47', null, '2023-03-24 22:47:03');
INSERT INTO `t_category` VALUES ('1594985167723864414', '海贼王', '1594985167723864066', null, null, '海贼王', 'https://img0.baidu.com/it/u=774421603,320974531&fm=253&fmt=auto&app=138&f=JPEG?w=889&h=500', null, null, '2023-03-24 22:46:49', null, '2023-03-24 22:47:08');
INSERT INTO `t_category` VALUES ('1594985167723864415', '蜡笔小新', '1594985167723864066', null, null, '蜡笔小新', 'https://img0.baidu.com/it/u=4198604161,3095630136&fm=253&fmt=auto&app=138&f=JPEG?w=500&h=889', null, null, '2023-03-24 22:46:50', null, '2023-03-24 22:47:30');
INSERT INTO `t_category` VALUES ('1594985167723864416', '堀与宫村', '1594985167723864066', null, null, '堀与宫村', 'https://img2.baidu.com/it/u=2497684617,3981443116&fm=253&fmt=auto&app=138&f=JPEG?w=500&h=500', null, null, '2023-03-24 22:46:52', null, '2023-03-24 22:47:32');
INSERT INTO `t_category` VALUES ('1594985167723864417', '小林家的龙女仆', '1594985167723864066', null, null, '小林家的龙女仆', 'https://img2.baidu.com/it/u=3972068470,478085048&fm=253&fmt=auto&app=138&f=JPEG?w=500&h=500', null, null, '2023-03-24 22:46:53', null, '2023-03-24 22:47:35');
INSERT INTO `t_category` VALUES ('1594985167723864510', '风景主题', '1594985167723864064', null, null, '好看的风景主题', 'https://img0.baidu.com/it/u=822449240,1181845398&fm=253&fmt=auto&app=120&f=JPEG?w=1422&h=800', null, null, '2023-04-16 21:25:19', null, '2023-04-16 21:25:21');
INSERT INTO `t_category` VALUES ('1594985167723864511', '情侣主题', '1594985167723864064', null, null, '情侣主题', 'https://img2.baidu.com/it/u=1674560603,1641379352&fm=253&fmt=auto&app=138&f=JPEG?w=500&h=889', null, null, '2023-04-16 21:31:39', null, '2023-04-16 21:31:41');
INSERT INTO `t_category` VALUES ('1594985167723864512', '新奇', '1594985167723864064', null, null, '新奇的主题', 'https://img0.baidu.com/it/u=1081045228,2520913741&fm=253&fmt=auto&app=138&f=JPEG?w=889&h=500', null, null, '2023-04-16 21:32:24', null, '2023-04-16 21:32:26');
INSERT INTO `t_category` VALUES ('1594985167723864513', '卡通', '1594985167723864064', null, null, '卡通主题', 'https://img0.baidu.com/it/u=3253491567,1083992946&fm=253&fmt=auto&app=138&f=JPG?w=281&h=500', null, null, '2023-04-16 21:34:35', null, '2023-04-16 21:34:37');
INSERT INTO `t_category` VALUES ('1661907545024700418', '花之物语', '1594985167723864064', '4', null, null, 'https://cc-video-oss.oss-accelerate.aliyuncs.com/2023/05/26/895ee191ec644546ade181fa3c5e0c56hua.jpg', null, '111111', '2023-05-26 09:30:10', null, '2023-05-26 09:30:10');
INSERT INTO `t_category` VALUES ('1662101974444470273', '动物星球', '1594985167723864067', '1', null, '动物星球', 'https://cc-video-oss.oss-accelerate.aliyuncs.com/2023/05/26/b54372b8b0a740aa9511dd8854132e34u=2279524962,2291638267&fm=253&fmt=auto&app=138&f=JPEG.webp', null, '111111', '2023-05-26 22:22:46', null, '2023-05-26 22:22:46');
INSERT INTO `t_category` VALUES ('1662102099220819969', '汪星人', '1594985167723864067', '1', null, '汪星人', 'https://cc-video-oss.oss-accelerate.aliyuncs.com/2023/05/26/90e76ecfa12943f0b9128c4511444dc6u=3347755687,1803258680&fm=253&fmt=auto&app=138&f=JPEG.webp', null, '111111', '2023-05-26 22:23:15', null, '2023-05-26 22:23:15');
INSERT INTO `t_category` VALUES ('1662102277982056450', '喵星人', '1594985167723864067', '3', null, '喵星人', 'https://cc-video-oss.oss-accelerate.aliyuncs.com/2023/05/26/ed2bff1024b240e6bebc49b47f3ef232u=4089456895,2169600810&fm=253&fmt=auto&app=138&f=JPEG.webp', null, '111111', '2023-05-26 22:23:58', null, '2023-05-26 22:23:58');
INSERT INTO `t_category` VALUES ('1664191622660308994', '插画', '1594985167723864068', '1', null, '插画', 'https://cc-video-oss.oss-accelerate.aliyuncs.com/2023/06/01/267931c9ebb74ebf84059170bd61ccfdu=3148030991,4246175924&fm=253&fmt=auto&app=138&f=JPEG.webp', null, '111111', '2023-06-01 16:46:17', null, '2023-06-01 16:46:17');
INSERT INTO `t_category` VALUES ('1664193424906600450', '水彩', '1594985167723864068', '1', null, '水彩画', 'https://cc-video-oss.oss-accelerate.aliyuncs.com/2023/06/01/dee5579a83d9484592415e52d3d5b4b9u=326071451,414098387&fm=253&fmt=auto&app=138&f=JPEG.webp', null, '111111', '2023-06-01 16:53:26', null, '2023-06-01 16:53:26');
INSERT INTO `t_category` VALUES ('1664193537385250817', '油画', '1594985167723864068', '1', null, '油画', 'https://cc-video-oss.oss-accelerate.aliyuncs.com/2023/06/01/4343a11af3a242f3a88261b1bf575f75u=2261594290,2549960532&fm=253&fmt=auto&app=138&f=JPEG.webp', null, '111111', '2023-06-01 16:53:53', null, '2023-06-01 16:53:53');
INSERT INTO `t_category` VALUES ('1664193640418328577', '早餐', '1594985167723864069', '1', null, '早餐', 'https://cc-video-oss.oss-accelerate.aliyuncs.com/2023/06/01/868b71a644cf4114ac1d52f9fcfd2abau=1930351968,3497990185&fm=253&fmt=auto&app=138&f=JPEG.webp', null, '111111', '2023-06-01 16:54:18', null, '2023-06-01 16:54:18');
INSERT INTO `t_category` VALUES ('1664193783028858882', '甜点', '1594985167723864069', '2', null, '甜点', 'https://cc-video-oss.oss-accelerate.aliyuncs.com/2023/06/01/5319bca5577c4a218939b26a3060a8bcu=1689132152,1443356142&fm=253&fmt=auto&app=138&f=JPEG.webp', null, '111111', '2023-06-01 16:54:52', null, '2023-06-01 16:54:52');
INSERT INTO `t_category` VALUES ('1664194071253041154', '美食', '1594985167723864069', '3', null, '好吃的美食', 'https://cc-video-oss.oss-accelerate.aliyuncs.com/2023/06/01/5f45b3a8b7a44a6f821c8a70c0d63d70u=314420237,883813235&fm=253&fmt=auto&app=138&f=JPEG.webp', null, '111111', '2023-06-01 16:56:00', null, '2023-06-01 16:56:00');
INSERT INTO `t_category` VALUES ('1664194184214036482', '旅行', '1594985167723864110', '3', null, '旅行拍照', 'https://cc-video-oss.oss-accelerate.aliyuncs.com/2023/06/01/2143efc919514a0ebfc0bdfd9c244a95u=1485827679,3082238474&fm=253&fmt=auto&app=138&f=JPEG.webp', null, '111111', '2023-06-01 16:56:27', null, '2023-06-01 16:56:27');

-- ----------------------------
-- Table structure for t_comment
-- ----------------------------
DROP TABLE IF EXISTS `t_comment`;
CREATE TABLE `t_comment` (
  `id` bigint NOT NULL,
  `mid` bigint DEFAULT NULL,
  `uid` bigint DEFAULT NULL,
  `pid` bigint DEFAULT NULL,
  `reply_id` bigint DEFAULT '0',
  `level` int DEFAULT NULL,
  `sort` int DEFAULT NULL,
  `content` longtext,
  `count` bigint DEFAULT '0',
  `two_nums` bigint DEFAULT '0',
  `creator` bigint DEFAULT NULL,
  `create_date` datetime DEFAULT NULL,
  `reply_uid` bigint DEFAULT '0',
  PRIMARY KEY (`id`)
) ENGINE=InnoDB DEFAULT CHARSET=utf8mb4 COLLATE=utf8mb4_0900_ai_ci;

-- ----------------------------
-- Records of t_comment
-- ----------------------------
INSERT INTO `t_comment` VALUES ('1703375926377586690', '1664481716457771010', '1601126546037874690', '0', '0', '1', null, '测试评论', '1', '1', '111111', '2023-09-17 19:50:43', '0');
INSERT INTO `t_comment` VALUES ('1703375987446652930', '1664481716457771010', '1601126546037874690', '1703375926377586690', '1703375926377586690', '2', null, '回复评论', '0', '0', '111111', '2023-09-17 19:50:57', '1601126546037874690');

-- ----------------------------
-- Table structure for t_follow
-- ----------------------------
DROP TABLE IF EXISTS `t_follow`;
CREATE TABLE `t_follow` (
  `id` bigint NOT NULL,
  `uid` bigint DEFAULT NULL,
  `fid` bigint DEFAULT NULL,
  `creator` bigint DEFAULT NULL,
  `create_date` datetime DEFAULT NULL,
  PRIMARY KEY (`id`)
) ENGINE=InnoDB DEFAULT CHARSET=utf8mb4 COLLATE=utf8mb4_0900_ai_ci;

-- ----------------------------
-- Records of t_follow
-- ----------------------------
INSERT INTO `t_follow` VALUES ('1688362105535819777', '1660834274611150849', '1599618448034959361', '111111', '2023-08-07 09:31:09');
INSERT INTO `t_follow` VALUES ('1689211805931499522', '1660834274611150849', '1601126546037874690', '111111', '2023-08-09 17:47:33');
INSERT INTO `t_follow` VALUES ('1689537468311891969', '1656858656227811330', '1659168639711813634', '111111', '2023-08-10 15:21:37');
INSERT INTO `t_follow` VALUES ('1689538106282307585', '1599618448034959361', '1660834274611150849', '111111', '2023-08-10 15:24:09');
INSERT INTO `t_follow` VALUES ('1689586916387811330', '1689586404108099586', '1601126546037874692', '111111', '2023-08-10 18:38:07');
INSERT INTO `t_follow` VALUES ('1690389685566795777', '1601126546037874690', '1656857358946361346', '111111', '2023-08-12 23:48:02');
INSERT INTO `t_follow` VALUES ('1691745801211047938', '1656858656227811330', '1660834274611150849', '111111', '2023-08-16 17:36:45');
INSERT INTO `t_follow` VALUES ('1691746474757550082', '1656859189458067457', '1660834274611150849', '111111', '2023-08-16 17:39:25');
INSERT INTO `t_follow` VALUES ('1692806151826112513', '1656858656227811330', '1601126546037874690', '111111', '2023-08-19 15:50:12');
INSERT INTO `t_follow` VALUES ('1692829838855962625', '1656857358946361346', '1599618448034959361', '111111', '2023-08-19 17:24:19');
INSERT INTO `t_follow` VALUES ('1693194754309816322', '1693194197998297089', '1599618448034959361', '111111', '2023-08-20 17:34:22');
INSERT INTO `t_follow` VALUES ('1696845328968441858', '1695008784263471105', '1665003680654012418', '111111', '2023-08-30 19:20:27');
INSERT INTO `t_follow` VALUES ('1698298529617928193', '1601126546037874690', '1660834274611150849', '111111', '2023-09-03 19:34:57');
INSERT INTO `t_follow` VALUES ('1702574835708846082', '1599618448034959361', '1656857358946361346', '111111', '2023-09-15 14:47:28');
INSERT INTO `t_follow` VALUES ('1702574841060777985', '1599618448034959361', '1693194197998297089', '111111', '2023-09-15 14:47:29');

-- ----------------------------
-- Table structure for t_img_detail
-- ----------------------------
DROP TABLE IF EXISTS `t_img_detail`;
CREATE TABLE `t_img_detail` (
  `id` bigint NOT NULL,
  `content` longtext,
  `cover` varchar(255) DEFAULT NULL,
  `user_id` bigint DEFAULT NULL,
  `category_id` bigint DEFAULT NULL,
  `category_pid` bigint DEFAULT NULL,
  `imgs_url` longtext,
  `count` int DEFAULT NULL,
  `sort` int DEFAULT NULL,
  `status` tinyint DEFAULT NULL,
  `view_count` bigint DEFAULT '0',
  `agree_count` bigint DEFAULT '0',
  `collection_count` bigint DEFAULT '0',
  `comment_count` bigint DEFAULT '0',
  `creator` bigint DEFAULT NULL,
  `create_date` datetime DEFAULT NULL,
  `updater` bigint DEFAULT NULL,
  `update_date` datetime DEFAULT NULL,
  PRIMARY KEY (`id`),
  KEY `update_date_index` (`update_date`) USING BTREE
) ENGINE=InnoDB DEFAULT CHARSET=utf8mb4 COLLATE=utf8mb4_0900_ai_ci;

-- ----------------------------
-- Records of t_img_detail
-- ----------------------------
INSERT INTO `t_img_detail` VALUES ('1661900163821395969', '氛围感头像', 'https://cc-video-oss.oss-accelerate.aliyuncs.com/2023/05/26/7bbe1ea5dddc40e2857ad83f18af0bba20220710222624_c8e58.jpeg', '1599618448034959361', '1594985167723864112', '1594985167723864061', '[\"https://cc-video-oss.oss-accelerate.aliyuncs.com/2023/05/26/7bbe1ea5dddc40e2857ad83f18af0bba20220710222624_c8e58.jpeg\",\"https://cc-video-oss.oss-accelerate.aliyuncs.com/2023/05/26/64c8ac58251241d5960bc44dc93822f020220710222624_5a5dd.jpeg\",\"https://cc-video-oss.oss-accelerate.aliyuncs.com/2023/05/26/6b846a6ba25f4e059cab3de590731a8e20220710222623_b4c25.jpeg\"]', '3', null, '1', '1', '0', '0', '0', '111111', '2023-05-26 09:00:50', null, '2023-05-26 09:00:50');
INSERT INTO `t_img_detail` VALUES ('1661900337675296770', '头像分享', 'https://cc-video-oss.oss-accelerate.aliyuncs.com/2023/05/26/13c0f4a7bf7249c19990bc38d67d961220220710222622_15028.jpeg', '1599618448034959361', '1594985167723864112', '1594985167723864061', '[\"https://cc-video-oss.oss-accelerate.aliyuncs.com/2023/05/26/13c0f4a7bf7249c19990bc38d67d961220220710222622_15028.jpeg\",\"https://cc-video-oss.oss-accelerate.aliyuncs.com/2023/05/26/59c49f21180440aab50ff7dfc60525a720220710222622_cf011.jpeg\",\"https://cc-video-oss.oss-accelerate.aliyuncs.com/2023/05/26/552c001f78d4442cac7605c82efefa3820220710222621_83164.jpeg\"]', '3', null, '1', '0', '0', '0', '0', '111111', '2023-05-26 09:01:32', null, '2023-05-26 09:01:32');
INSERT INTO `t_img_detail` VALUES ('1661900425696960514', '头像分享', 'https://cc-video-oss.oss-accelerate.aliyuncs.com/2023/05/26/cba66e647bb64b5b8963ab4ebe6fbadf20220710222621_a9eed.jpeg', '1599618448034959361', '1594985167723864112', '1594985167723864061', '[\"https://cc-video-oss.oss-accelerate.aliyuncs.com/2023/05/26/cba66e647bb64b5b8963ab4ebe6fbadf20220710222621_a9eed.jpeg\",\"https://cc-video-oss.oss-accelerate.aliyuncs.com/2023/05/26/0110ce7bf9964fbebce293fba146d2c720220710222620_c9f0d.jpeg\",\"https://cc-video-oss.oss-accelerate.aliyuncs.com/2023/05/26/7ce8c592c4fe42ce941b5dd64bfec27520220710222625_6cc41.jpeg\"]', '3', null, '1', '3', '0', '0', '0', '111111', '2023-05-26 09:01:53', null, '2023-05-26 09:01:53');
INSERT INTO `t_img_detail` VALUES ('1661900800701292546', '氛围感头像', 'https://cc-video-oss.oss-accelerate.aliyuncs.com/2023/05/26/a622aadee155402c88cce263fc80229420220417172608_5591d.jpeg', '1599618448034959361', '1594985167723864112', '1594985167723864061', '[\"https://cc-video-oss.oss-accelerate.aliyuncs.com/2023/05/26/a622aadee155402c88cce263fc80229420220417172608_5591d.jpeg\",\"https://cc-video-oss.oss-accelerate.aliyuncs.com/2023/05/26/a54c862b51c04ada84f8e6c402ecebbd20220417172608_8e4f7.jpeg\",\"https://cc-video-oss.oss-accelerate.aliyuncs.com/2023/05/26/66c1f8c3fbf5416c865df756a1b8eeec20220417172608_603a5.jpeg\"]', '3', null, '1', '0', '0', '0', '0', '111111', '2023-05-26 09:03:22', null, '2023-05-26 09:03:22');
INSERT INTO `t_img_detail` VALUES ('1661900917953060866', '女生头像分享', 'https://cc-video-oss.oss-accelerate.aliyuncs.com/2023/05/26/32cde77fc386458789cb97cc5dc0eb2f20220417172605_63c0e.jpeg', '1599618448034959361', '1594985167723864112', '1594985167723864061', '[\"https://cc-video-oss.oss-accelerate.aliyuncs.com/2023/05/26/32cde77fc386458789cb97cc5dc0eb2f20220417172605_63c0e.jpeg\",\"https://cc-video-oss.oss-accelerate.aliyuncs.com/2023/05/26/c6952946d4984c1db72140ba4039602220220417172606_2fac2.jpeg\",\"https://cc-video-oss.oss-accelerate.aliyuncs.com/2023/05/26/1434272072e24e28b3a77f91dd1287bb20220417172606_67880.jpeg\",\"https://cc-video-oss.oss-accelerate.aliyuncs.com/2023/05/26/90a4568c8df04476b8b1f3cb3865958120220417172607_f5987.png\",\"https://cc-video-oss.oss-accelerate.aliyuncs.com/2023/05/26/e49ce5c6eb484f5c91df171f1d8080ac20220417172607_0f5d0.jpeg\",\"https://cc-video-oss.oss-accelerate.aliyuncs.com/2023/05/26/41ccb95a5f76443482fa70c8a6f1172220220417172608_72d84.jpeg\"]', '6', null, '1', '0', '0', '0', '0', '111111', '2023-05-26 09:03:50', null, '2023-05-26 09:03:50');
INSERT INTO `t_img_detail` VALUES ('1661901371424432130', '搞怪头像', 'https://cc-video-oss.oss-accelerate.aliyuncs.com/2023/05/26/bacd7f1663d645108e82e349d1f6a1da20230404193012_1339f.jpg', '1599618448034959361', '1594985167723864118', '1594985167723864061', '[\"https://cc-video-oss.oss-accelerate.aliyuncs.com/2023/05/26/bacd7f1663d645108e82e349d1f6a1da20230404193012_1339f.jpg\",\"https://cc-video-oss.oss-accelerate.aliyuncs.com/2023/05/26/3e9690a59d0d4237a1f1425dfb3da75720230404193012_7138a.jpg\",\"https://cc-video-oss.oss-accelerate.aliyuncs.com/2023/05/26/cd074f1ad6d94630b351fe1b4422eca820230404193012_3d103.jpg\"]', '3', null, '1', '0', '0', '0', '0', '111111', '2023-05-26 09:05:38', null, '2023-05-26 09:05:38');
INSERT INTO `t_img_detail` VALUES ('1661901481420054529', '搞怪头像', 'https://cc-video-oss.oss-accelerate.aliyuncs.com/2023/05/26/c9e06e2609d64367aff1cac12ef7007520230404193012_62a00.jpg', '1599618448034959361', '1594985167723864118', '1594985167723864061', '[\"https://cc-video-oss.oss-accelerate.aliyuncs.com/2023/05/26/c9e06e2609d64367aff1cac12ef7007520230404193012_62a00.jpg\",\"https://cc-video-oss.oss-accelerate.aliyuncs.com/2023/05/26/b012602ffc124264879910737293953520230404193012_946f3.jpg\",\"https://cc-video-oss.oss-accelerate.aliyuncs.com/2023/05/26/6ebce34ce51c47fe9a04683cb2c11fa020230404193012_a8ff0.jpg\",\"https://cc-video-oss.oss-accelerate.aliyuncs.com/2023/05/26/85dc06623840467cb6a7e6f673763a3720230404193012_34ab5.jpg\",\"https://cc-video-oss.oss-accelerate.aliyuncs.com/2023/05/26/4c84a7b866d64aeeac248347557904ef20230404193012_1f937.jpg\"]', '5', null, '1', '0', '0', '0', '0', '111111', '2023-05-26 09:06:04', null, '2023-05-26 09:06:04');
INSERT INTO `t_img_detail` VALUES ('1661901574604906498', '搞怪头像分享', 'https://cc-video-oss.oss-accelerate.aliyuncs.com/2023/05/26/a252ccac89a94c0eb3edef009ecfaf5620230430020642_4ede1.jpeg', '1599618448034959361', '1594985167723864118', '1594985167723864061', '[\"https://cc-video-oss.oss-accelerate.aliyuncs.com/2023/05/26/a252ccac89a94c0eb3edef009ecfaf5620230430020642_4ede1.jpeg\",\"https://cc-video-oss.oss-accelerate.aliyuncs.com/2023/05/26/a744a6726021445d800e397625b854e320230430020642_e5f06.jpeg\",\"https://cc-video-oss.oss-accelerate.aliyuncs.com/2023/05/26/0c3f52f3b07343f2977bc8edab76512020230430020642_98b10.jpeg\",\"https://cc-video-oss.oss-accelerate.aliyuncs.com/2023/05/26/27d0671e81a54fdfb2eed5e7acaf67fd20230430020642_2e565.jpeg\",\"https://cc-video-oss.oss-accelerate.aliyuncs.com/2023/05/26/cdf00b09788b49788cda72fb760f861520230430020642_d6c6e.jpeg\",\"https://cc-video-oss.oss-accelerate.aliyuncs.com/2023/05/26/686218f4ac734e378a667b5105b53c6520230430020642_53ca7.jpeg\"]', '6', null, '1', '2', '0', '0', '0', '111111', '2023-05-26 09:06:27', null, '2023-05-26 09:06:27');
INSERT INTO `t_img_detail` VALUES ('1661902048926162946', '男生头像', 'https://cc-video-oss.oss-accelerate.aliyuncs.com/2023/05/26/7221df9bee7b4ee5ac7b492b52861cc320230406230819_985e4.jpg', '1599618448034959361', '1594985167723864113', '1594985167723864061', '[\"https://cc-video-oss.oss-accelerate.aliyuncs.com/2023/05/26/7221df9bee7b4ee5ac7b492b52861cc320230406230819_985e4.jpg\",\"https://cc-video-oss.oss-accelerate.aliyuncs.com/2023/05/26/cc4b15a1e4ad4a3a9b3b99b32eb77f4c20230406230819_f4f9e.jpg\",\"https://cc-video-oss.oss-accelerate.aliyuncs.com/2023/05/26/b66e99936c624741b2b500fcfa4c3dcf20230406230819_297d7.jpg\"]', '3', null, '1', '0', '0', '0', '0', '111111', '2023-05-26 09:08:20', null, '2023-05-26 09:08:20');
INSERT INTO `t_img_detail` VALUES ('1661902167738212354', '男生头像', 'https://cc-video-oss.oss-accelerate.aliyuncs.com/2023/05/26/3bb76ccfa4094191ace23babe891921d20230406230819_9093b.jpg', '1599618448034959361', '1594985167723864113', '1594985167723864061', '[\"https://cc-video-oss.oss-accelerate.aliyuncs.com/2023/05/26/3bb76ccfa4094191ace23babe891921d20230406230819_9093b.jpg\",\"https://cc-video-oss.oss-accelerate.aliyuncs.com/2023/05/26/db5d6fc883424570ac3b23cb10f1aaad20230406230819_8aa5b.jpg\",\"https://cc-video-oss.oss-accelerate.aliyuncs.com/2023/05/26/5e5ad59936ab497fbfcbd3092649fb2720230406230819_a3cfd.jpg\"]', '3', null, '1', '4', '1', '0', '0', '111111', '2023-05-26 09:08:48', null, '2023-05-26 09:08:48');
INSERT INTO `t_img_detail` VALUES ('1661902409950879745', '动漫男生头像', 'https://cc-video-oss.oss-accelerate.aliyuncs.com/2023/05/26/d3b4159c0e6e42308f0617fc53578b1720230205144337_ef33e.jpeg', '1599618448034959361', '1594985167723864113', '1594985167723864061', '[\"https://cc-video-oss.oss-accelerate.aliyuncs.com/2023/05/26/d3b4159c0e6e42308f0617fc53578b1720230205144337_ef33e.jpeg\",\"https://cc-video-oss.oss-accelerate.aliyuncs.com/2023/05/26/1538f4937db0471fbe3431b494341f2020230205144337_04ac1.jpeg\",\"https://cc-video-oss.oss-accelerate.aliyuncs.com/2023/05/26/430300523b234cd9be5ef7e3f37450ff20230205144336_8708d.jpeg\",\"https://cc-video-oss.oss-accelerate.aliyuncs.com/2023/05/26/ae8c7e254632436f9dc313d2d21473d820230205144338_28a98.jpeg\",\"https://cc-video-oss.oss-accelerate.aliyuncs.com/2023/05/26/4b4250522f7a466294eb739e93ef1c1120230205144338_eed50.jpeg\",\"https://cc-video-oss.oss-accelerate.aliyuncs.com/2023/05/26/8f1333ef302c4db6b09412886dad8d6620230205144339_2c55b.jpeg\",\"https://cc-video-oss.oss-accelerate.aliyuncs.com/2023/05/26/2384be069ddb4af5a22943e26e28c24720230205144338_ad352.jpeg\",\"https://cc-video-oss.oss-accelerate.aliyuncs.com/2023/05/26/cb0e09c4cb7a452cb345d77d11e141db20230205144337_6bab5.jpeg\",\"https://cc-video-oss.oss-accelerate.aliyuncs.com/2023/05/26/c9a3c1aa6640413fba89bc7e9ea826ab20230205144337_f5ed0.jpeg\"]', '9', null, '1', '24', '1', '0', '2', '111111', '2023-05-26 09:09:46', null, '2023-05-26 09:09:46');
INSERT INTO `t_img_detail` VALUES ('1661902908792037378', '动漫女头', 'https://cc-video-oss.oss-accelerate.aliyuncs.com/2023/05/26/3a17cc8efa3e48ba92b9d02a15fca66bV2SnzxleimB64j0.jpeg', '1601126546037874692', '1594985167723864112', '1594985167723864061', '[\"https://cc-video-oss.oss-accelerate.aliyuncs.com/2023/05/26/3a17cc8efa3e48ba92b9d02a15fca66bV2SnzxleimB64j0.jpeg\",\"https://cc-video-oss.oss-accelerate.aliyuncs.com/2023/05/26/200b46562987465fbb4b4a40c7fafeebB8SwmzMBslO2epx.jpeg\",\"https://cc-video-oss.oss-accelerate.aliyuncs.com/2023/05/26/a78b0ffc1688475cb88867d8c995c6b6oVSDJlV3UgA1NZ6.jpeg\"]', '3', null, '1', '1', '1', '0', '1', '111111', '2023-05-26 09:11:45', null, '2023-05-26 09:11:45');
INSERT INTO `t_img_detail` VALUES ('1661903098047422466', '动漫女生头像', 'https://cc-video-oss.oss-accelerate.aliyuncs.com/2023/05/26/af25f5657c59493b88fa6b182fa93ac3xDSdjwNPS2Gzxoz.jpeg', '1601126546037874692', '1594985167723864112', '1594985167723864061', '[\"https://cc-video-oss.oss-accelerate.aliyuncs.com/2023/05/26/af25f5657c59493b88fa6b182fa93ac3xDSdjwNPS2Gzxoz.jpeg\",\"https://cc-video-oss.oss-accelerate.aliyuncs.com/2023/05/26/22d6e5fe7de94e1094ac248154749ccflGSLwAmpcx0wd63.jpeg\",\"https://cc-video-oss.oss-accelerate.aliyuncs.com/2023/05/26/e00bcccffb174164923ab91a6abba4661mSmw7q5UQZVXaN.jpeg\"]', '3', null, '1', '1', '0', '0', '0', '111111', '2023-05-26 09:12:30', null, '2023-05-26 09:12:30');
INSERT INTO `t_img_detail` VALUES ('1661903191613956097', '动漫女生头像', 'https://cc-video-oss.oss-accelerate.aliyuncs.com/2023/05/26/5b0a7154b1164f42bd64ab3aac0e0ad08gSGLVdbUgyLwbN.jpeg', '1601126546037874692', '1594985167723864112', '1594985167723864061', '[\"https://cc-video-oss.oss-accelerate.aliyuncs.com/2023/05/26/5b0a7154b1164f42bd64ab3aac0e0ad08gSGLVdbUgyLwbN.jpeg\",\"https://cc-video-oss.oss-accelerate.aliyuncs.com/2023/05/26/f5256f4b66fe43b6b2249084acb1f994XxSw7z1esQd0XyB.jpeg\",\"https://cc-video-oss.oss-accelerate.aliyuncs.com/2023/05/26/83c58020a67a4b929b84ecd35d8e2a52aLSOxaJ6t07JP6W.jpeg\"]', '3', null, '1', '7', '0', '0', '0', '111111', '2023-05-26 09:12:52', null, '2023-05-26 09:12:52');
INSERT INTO `t_img_detail` VALUES ('1661903359180595202', '动漫头像分享', 'https://cc-video-oss.oss-accelerate.aliyuncs.com/2023/05/26/e46b7e4459a443f9b99575d0bdf774f420230411083335_334d2.jpg', '1601126546037874692', '1594985167723864115', '1594985167723864061', '[\"https://cc-video-oss.oss-accelerate.aliyuncs.com/2023/05/26/e46b7e4459a443f9b99575d0bdf774f420230411083335_334d2.jpg\",\"https://cc-video-oss.oss-accelerate.aliyuncs.com/2023/05/26/17b6f4cd414247b4a91f6e12ca098e1220230411083335_ebbdb.jpg\",\"https://cc-video-oss.oss-accelerate.aliyuncs.com/2023/05/26/e0ef55a0d80c4c46ad381cce64a0043520230411083335_d4e75.jpg\",\"https://cc-video-oss.oss-accelerate.aliyuncs.com/2023/05/26/9abcab46a8004264b3752889031a386e20230411083335_bc3c9.jpg\",\"https://cc-video-oss.oss-accelerate.aliyuncs.com/2023/05/26/a58b48dc948247ffa084cee073681d1720230411083335_f245d.jpg\",\"https://cc-video-oss.oss-accelerate.aliyuncs.com/2023/05/26/e4a38d70a5b74b54a5421aabd6c29cda20230411083335_7ba35.jpg\",\"https://cc-video-oss.oss-accelerate.aliyuncs.com/2023/05/26/a0778d5971b24eec8b46d0df5894505220230411083335_f554d.jpg\",\"https://cc-video-oss.oss-accelerate.aliyuncs.com/2023/05/26/474e963027c44b2684bfb6efd8ab179e20230411083335_aa1ae.jpg\",\"https://cc-video-oss.oss-accelerate.aliyuncs.com/2023/05/26/860caec164164b458a316ecdfb908a1220230411083335_3f814.jpg\"]', '9', null, '1', '1', '0', '0', '0', '111111', '2023-05-26 09:13:32', null, '2023-05-26 09:13:32');
INSERT INTO `t_img_detail` VALUES ('1661903479838138369', '女生头像', 'https://cc-video-oss.oss-accelerate.aliyuncs.com/2023/05/26/b2f0275723364c1c90d48d3fd17d020320230407112000_29ac4.jpeg', '1601126546037874692', '1594985167723864112', '1594985167723864061', '[\"https://cc-video-oss.oss-accelerate.aliyuncs.com/2023/05/26/b2f0275723364c1c90d48d3fd17d020320230407112000_29ac4.jpeg\",\"https://cc-video-oss.oss-accelerate.aliyuncs.com/2023/05/26/e81ea8a1e98648a690d864a3b113ff5f20230407112000_a260a.jpeg\",\"https://cc-video-oss.oss-accelerate.aliyuncs.com/2023/05/26/d94f85ffb926405cb9bc1956e9331cc520230407112000_2063d.jpeg\",\"https://cc-video-oss.oss-accelerate.aliyuncs.com/2023/05/26/7ecba73cda1347c5925a9b087a9937c520230407112000_1fa4b.jpeg\",\"https://cc-video-oss.oss-accelerate.aliyuncs.com/2023/05/26/cec909d90a64404bad0ebebe0d8d3cfa20230407112000_2b9ce.jpeg\"]', '5', null, '1', '1', '0', '0', '0', '111111', '2023-05-26 09:14:01', null, '2023-05-26 09:14:01');
INSERT INTO `t_img_detail` VALUES ('1661903560108728321', '女生头像分享', 'https://cc-video-oss.oss-accelerate.aliyuncs.com/2023/05/26/8d582338789649f4b8e874920d7b02c120230407112000_7c81a.jpeg', '1601126546037874692', '1594985167723864112', '1594985167723864061', '[\"https://cc-video-oss.oss-accelerate.aliyuncs.com/2023/05/26/8d582338789649f4b8e874920d7b02c120230407112000_7c81a.jpeg\",\"https://cc-video-oss.oss-accelerate.aliyuncs.com/2023/05/26/6865f52341924c9eb389d414b368af4f20230407112000_8ac33.jpeg\",\"https://cc-video-oss.oss-accelerate.aliyuncs.com/2023/05/26/ce7a166bd7ea44f092e2b841954e173020230407112000_55156.jpeg\",\"https://cc-video-oss.oss-accelerate.aliyuncs.com/2023/05/26/40c680aac81f4cf7ac3d1506e582cd4820230407112000_3b407.jpeg\",\"https://cc-video-oss.oss-accelerate.aliyuncs.com/2023/05/26/1c01096ff71b418b8e8b84f2f52012dd20230407112000_2b9ce.jpeg\"]', '5', null, '1', '2', '0', '0', '0', '111111', '2023-05-26 09:14:20', null, '2023-05-26 09:14:20');
INSERT INTO `t_img_detail` VALUES ('1661904087651508225', '聊天壁纸，锁屏壁纸', 'https://cc-video-oss.oss-accelerate.aliyuncs.com/2023/05/26/0629885c023f4f9b8cd96240c5ad688f20221114110733_60b07.jpeg', '1601126546037874692', '1594985167723864212', '1594985167723864062', '[\"https://cc-video-oss.oss-accelerate.aliyuncs.com/2023/05/26/0629885c023f4f9b8cd96240c5ad688f20221114110733_60b07.jpeg\",\"https://cc-video-oss.oss-accelerate.aliyuncs.com/2023/05/26/3d09d04e46604ef2b014c2e905231da820221114110732_7b753.jpeg\",\"https://cc-video-oss.oss-accelerate.aliyuncs.com/2023/05/26/77aba0c602634c53954fe5834a06a2fe20221114110732_2aa73.jpeg\",\"https://cc-video-oss.oss-accelerate.aliyuncs.com/2023/05/26/1c83e3061cfd46b6a2ef6431bb8071be20221114110731_df657.jpeg\"]', '4', null, '1', '2', '0', '0', '0', '111111', '2023-05-26 09:16:26', null, '2023-05-26 09:16:26');
INSERT INTO `t_img_detail` VALUES ('1661904352161095681', '壁纸分享，锁屏壁纸，聊天壁纸', 'https://cc-video-oss.oss-accelerate.aliyuncs.com/2023/05/26/e341a80c454044ba8245b509132adfe220210422200654_213d2.jpg', '1601126546037874692', '1594985167723864217', '1594985167723864062', '[\"https://cc-video-oss.oss-accelerate.aliyuncs.com/2023/05/26/e341a80c454044ba8245b509132adfe220210422200654_213d2.jpg\",\"https://cc-video-oss.oss-accelerate.aliyuncs.com/2023/05/26/ba431670b1cb4c66a4d2165ff1edf6bc20210422200649_b7642.jpg\",\"https://cc-video-oss.oss-accelerate.aliyuncs.com/2023/05/26/8afb8263602248abbd5e123f577bfc7d20210422200646_ea3e4.jpg\",\"https://cc-video-oss.oss-accelerate.aliyuncs.com/2023/05/26/92652e4332bb4f378c17b4629eea5b5c20210422200643_2124d.jpg\"]', '4', null, '1', '1', '0', '0', '0', '111111', '2023-05-26 09:17:29', null, '2023-05-26 09:17:29');
INSERT INTO `t_img_detail` VALUES ('1661904480242556929', '壁纸分享', 'https://cc-video-oss.oss-accelerate.aliyuncs.com/2023/05/26/fc650871cf924f69a5c950bf6235850420210422200641_89372.jpg', '1601126546037874692', '1594985167723864212', '1594985167723864062', '[\"https://cc-video-oss.oss-accelerate.aliyuncs.com/2023/05/26/fc650871cf924f69a5c950bf6235850420210422200641_89372.jpg\",\"https://cc-video-oss.oss-accelerate.aliyuncs.com/2023/05/26/bf7f8aaf9a5d4fe18b175dfca725719a20210422200636_2e83c.jpg\"]', '2', null, '1', '0', '0', '0', '0', '111111', '2023-05-26 09:17:59', null, '2023-05-26 09:17:59');
INSERT INTO `t_img_detail` VALUES ('1661904998574645249', '举花小猫', 'https://cc-video-oss.oss-accelerate.aliyuncs.com/2023/05/26/370d03c0f7d140639d3758165912cc2c20220506115502_420fd.jpeg', '1601126546037874692', '1594985167723864310', '1594985167723864063', '[\"https://cc-video-oss.oss-accelerate.aliyuncs.com/2023/05/26/370d03c0f7d140639d3758165912cc2c20220506115502_420fd.jpeg\",\"https://cc-video-oss.oss-accelerate.aliyuncs.com/2023/05/26/f38025795cb54b229157902576fca0e720220506115502_fbcdc.jpeg\",\"https://cc-video-oss.oss-accelerate.aliyuncs.com/2023/05/26/5170df9c72b34776a2a2affa384c1a7f20220506115502_704bf.jpeg\",\"https://cc-video-oss.oss-accelerate.aliyuncs.com/2023/05/26/08cc0f18fb6e44b2b3470f5f5b011dc620220506115502_4a7c8.jpeg\",\"https://cc-video-oss.oss-accelerate.aliyuncs.com/2023/05/26/f4280cf27f01423d9057734c310ae48d20220506115502_b2dcd.jpeg\"]', '5', null, '1', '1', '0', '0', '0', '111111', '2023-05-26 09:20:03', null, '2023-05-26 09:20:03');
INSERT INTO `t_img_detail` VALUES ('1661905162219610114', '举花小猫', 'https://cc-video-oss.oss-accelerate.aliyuncs.com/2023/05/26/cb1f393ad80e4e99bc8e840c8a44eb8c20220506115502_d650f.jpeg', '1601126546037874692', '1594985167723864312', '1594985167723864063', '[\"https://cc-video-oss.oss-accelerate.aliyuncs.com/2023/05/26/cb1f393ad80e4e99bc8e840c8a44eb8c20220506115502_d650f.jpeg\",\"https://cc-video-oss.oss-accelerate.aliyuncs.com/2023/05/26/25ab81d4670e4717a92b84bfe1524ad320220506115502_207f4.jpeg\",\"https://cc-video-oss.oss-accelerate.aliyuncs.com/2023/05/26/59e072f00fca483da089be8178c8a14920220506115502_62bb8.jpeg\",\"https://cc-video-oss.oss-accelerate.aliyuncs.com/2023/05/26/60bc6e04421a45c195821bb82c38641e20220506115502_3f54a.jpeg\"]', '4', null, '1', '3', '1', '1', '0', '111111', '2023-05-26 09:20:42', null, '2023-05-26 09:20:42');
INSERT INTO `t_img_detail` VALUES ('1661905271288291329', '干饭表情包', 'https://cc-video-oss.oss-accelerate.aliyuncs.com/2023/05/26/16e2f812e7e5481f863640f68ab7c46b20220327194140_9b546.jpg', '1601126546037874692', '1594985167723864318', '1594985167723864063', '[\"https://cc-video-oss.oss-accelerate.aliyuncs.com/2023/05/26/16e2f812e7e5481f863640f68ab7c46b20220327194140_9b546.jpg\",\"https://cc-video-oss.oss-accelerate.aliyuncs.com/2023/05/26/c59f99f9bdcf47d3bf74f803d13b228920220327194140_90166.jpg\",\"https://cc-video-oss.oss-accelerate.aliyuncs.com/2023/05/26/20dc4a5c7e7d4f3eb882cfe33a1e52af20220327194140_9bd2f.jpg\",\"https://cc-video-oss.oss-accelerate.aliyuncs.com/2023/05/26/cfbb4a524ff3491eaa0f03d48011730220220327194139_a9857.jpg\",\"https://cc-video-oss.oss-accelerate.aliyuncs.com/2023/05/26/5a6605d7b1b345319017cf2950a0a63c20220327194139_bc39a.jpg\"]', '5', null, '1', '2', '0', '0', '0', '111111', '2023-05-26 09:21:08', null, '2023-05-26 09:21:08');
INSERT INTO `t_img_detail` VALUES ('1661906045623918594', '情侣头像', 'https://cc-video-oss.oss-accelerate.aliyuncs.com/2023/05/26/4c8c1373587d425fa0c88d6f3d6477e520220606213212_371b6.jpg', '1601126546037874690', '1594985167723864116', '1594985167723864061', '[\"https://cc-video-oss.oss-accelerate.aliyuncs.com/2023/05/26/4c8c1373587d425fa0c88d6f3d6477e520220606213212_371b6.jpg\",\"https://cc-video-oss.oss-accelerate.aliyuncs.com/2023/05/26/5642cc78be694e5c8e3e2ec3b7265e3620220606213212_a6c9c.jpg\",\"https://cc-video-oss.oss-accelerate.aliyuncs.com/2023/05/26/c1f0d15e67ef4115b1e487c3024f87b420220606213212_e45eb.jpg\",\"https://cc-video-oss.oss-accelerate.aliyuncs.com/2023/05/26/a3705474261b4093a7713f9c670e97a820220606213212_b1a89.jpg\",\"https://cc-video-oss.oss-accelerate.aliyuncs.com/2023/05/26/77e22cd913e94e0c96d4b36f3c49801420220606213212_de5e4.jpg\",\"https://cc-video-oss.oss-accelerate.aliyuncs.com/2023/05/26/4c5c13a651af4178be0641980d9a04f820220606213212_3c62d.jpg\",\"https://cc-video-oss.oss-accelerate.aliyuncs.com/2023/05/26/694530ca423c480d9f62736539ac8a0a20220606213212_55290.jpg\",\"https://cc-video-oss.oss-accelerate.aliyuncs.com/2023/05/26/14c7957c6be44dafa047288b7e3e9a0420220606213212_908df.jpg\"]', '8', null, '1', '1', '0', '0', '0', '111111', '2023-05-26 09:24:13', null, '2023-05-26 09:24:13');
INSERT INTO `t_img_detail` VALUES ('1661906180575649794', '情侣头像分享', 'https://cc-video-oss.oss-accelerate.aliyuncs.com/2023/05/26/32e95950231f4d3884ab7d647ebe2e0a20230508180603_d6e1f.jpg', '1601126546037874690', '1594985167723864116', '1594985167723864061', '[\"https://cc-video-oss.oss-accelerate.aliyuncs.com/2023/05/26/32e95950231f4d3884ab7d647ebe2e0a20230508180603_d6e1f.jpg\",\"https://cc-video-oss.oss-accelerate.aliyuncs.com/2023/05/26/eedf2a7437204432b98f53e6bc9a8f0920230508180603_64515.jpg\",\"https://cc-video-oss.oss-accelerate.aliyuncs.com/2023/05/26/3e563824a8bd45ffa8eb7ade3a1cc48620230508180603_4ff57.jpg\",\"https://cc-video-oss.oss-accelerate.aliyuncs.com/2023/05/26/7983b7845dea4c69bc79b249af1b7e9920230508180603_80040.jpg\"]', '4', null, '1', '1', '0', '1', '0', '111111', '2023-05-26 09:24:45', null, '2023-05-26 09:24:45');
INSERT INTO `t_img_detail` VALUES ('1661906321177108482', '情侣动漫头像', 'https://cc-video-oss.oss-accelerate.aliyuncs.com/2023/05/26/a38dcfad21cf425fabf639b995f4149d20230508180603_caafc.jpg', '1601126546037874690', '1594985167723864116', '1594985167723864061', '[\"https://cc-video-oss.oss-accelerate.aliyuncs.com/2023/05/26/a38dcfad21cf425fabf639b995f4149d20230508180603_caafc.jpg\",\"https://cc-video-oss.oss-accelerate.aliyuncs.com/2023/05/26/89f63a025fe446f4962929bf32a2ac8620230508180603_e26dd.jpg\",\"https://cc-video-oss.oss-accelerate.aliyuncs.com/2023/05/26/8b051c1a281448b6810cc9e08a021f6020230508180603_64cde.jpg\",\"https://cc-video-oss.oss-accelerate.aliyuncs.com/2023/05/26/8f9a7d3fa34646e7acf466aaea2f3dfd20230508180603_eca22.jpg\"]', '4', null, '1', '3', '0', '0', '0', '111111', '2023-05-26 09:25:18', null, '2023-05-26 09:25:18');
INSERT INTO `t_img_detail` VALUES ('1661906431759933442', '头像，情侣', 'https://cc-video-oss.oss-accelerate.aliyuncs.com/2023/05/26/b5a2ba1779874d5a82728e24c7eda3e120221119192231_bd543.jpg', '1601126546037874690', '1594985167723864116', '1594985167723864061', '[\"https://cc-video-oss.oss-accelerate.aliyuncs.com/2023/05/26/b5a2ba1779874d5a82728e24c7eda3e120221119192231_bd543.jpg\",\"https://cc-video-oss.oss-accelerate.aliyuncs.com/2023/05/26/f48a669f31b84489af3f98f6882aab4e20221119192231_84cb6.jpg\",\"https://cc-video-oss.oss-accelerate.aliyuncs.com/2023/05/26/e014050acf484878a30afec374c6ddf520221119192231_b8535.jpg\",\"https://cc-video-oss.oss-accelerate.aliyuncs.com/2023/05/26/d0579ddeb1254eb6b382d806131e820e20221119192231_f3da1.jpg\",\"https://cc-video-oss.oss-accelerate.aliyuncs.com/2023/05/26/5d229eb7be234083950687a4e65d752c20221119192231_86954.jpg\",\"https://cc-video-oss.oss-accelerate.aliyuncs.com/2023/05/26/9cb8cf69080c423a81943fb6e54cdb2e20221119192231_d23a1.jpg\",\"https://cc-video-oss.oss-accelerate.aliyuncs.com/2023/05/26/9c24ee9621e54e3e998832eba62e86d620221119192231_4f960.jpg\",\"https://cc-video-oss.oss-accelerate.aliyuncs.com/2023/05/26/ae029fd85fea421d8a528dfd2937fcf420221119192231_3d7bb.jpg\"]', '8', null, '1', '1', '0', '0', '0', '111111', '2023-05-26 09:25:45', null, '2023-05-26 09:25:45');
INSERT INTO `t_img_detail` VALUES ('1661906562852904961', '动物情侣头像', 'https://cc-video-oss.oss-accelerate.aliyuncs.com/2023/05/26/b5700f6e2b7b4eb498e06427f0c2ccc520230414154633_4485e.jpg', '1601126546037874690', '1594985167723864116', '1594985167723864061', '[\"https://cc-video-oss.oss-accelerate.aliyuncs.com/2023/05/26/b5700f6e2b7b4eb498e06427f0c2ccc520230414154633_4485e.jpg\",\"https://cc-video-oss.oss-accelerate.aliyuncs.com/2023/05/26/2d83c3f9427a41b48832c9fb63dbcf2b20230414154633_72bca.jpg\",\"https://cc-video-oss.oss-accelerate.aliyuncs.com/2023/05/26/1c4ac064ab3c40e0b17942d9ccf701d120230414154633_60942.jpg\",\"https://cc-video-oss.oss-accelerate.aliyuncs.com/2023/05/26/1cfbc9242954456999afc82dcfc96deb20230414154633_797e2.jpg\"]', '4', null, '1', '0', '0', '0', '0', '111111', '2023-05-26 09:26:16', null, '2023-05-26 09:26:16');
INSERT INTO `t_img_detail` VALUES ('1661906689961287682', '猫猫情侣头像', 'https://cc-video-oss.oss-accelerate.aliyuncs.com/2023/05/26/ff15757f83b340a5afd0bb0f283f69ac20230313085008_e2dbb.jpg', '1601126546037874690', '1594985167723864116', '1594985167723864061', '[\"https://cc-video-oss.oss-accelerate.aliyuncs.com/2023/05/26/ff15757f83b340a5afd0bb0f283f69ac20230313085008_e2dbb.jpg\",\"https://cc-video-oss.oss-accelerate.aliyuncs.com/2023/05/26/703f5c7f49324c4e9e6f59cd549a4eac20230313085008_d395c.jpg\",\"https://cc-video-oss.oss-accelerate.aliyuncs.com/2023/05/26/b67f314e84f24c2ba7978d003eddde9320230313085008_98b4a.jpg\",\"https://cc-video-oss.oss-accelerate.aliyuncs.com/2023/05/26/0aa8079f754e4e83926ff121404cda2f20230313085008_46536.jpg\",\"https://cc-video-oss.oss-accelerate.aliyuncs.com/2023/05/26/186a2554d9bf4e8fa2eb75ea016ed7fc20230313085008_8796f.jpg\",\"https://cc-video-oss.oss-accelerate.aliyuncs.com/2023/05/26/3f1b3bbcfa6f4002b833d04da5b2163320230313085008_a2bef.jpg\"]', '6', null, '1', '1', '0', '0', '0', '111111', '2023-05-26 09:26:46', null, '2023-05-26 09:26:46');
INSERT INTO `t_img_detail` VALUES ('1661908107719925762', '花壁纸分享', 'https://cc-video-oss.oss-accelerate.aliyuncs.com/2023/05/26/67f1c5059f304c76a9a9d568a95f0feaduitang_1685064458990.jpg', '1601126546037874690', '1661907545024700418', '1594985167723864064', '[\"https://cc-video-oss.oss-accelerate.aliyuncs.com/2023/05/26/67f1c5059f304c76a9a9d568a95f0feaduitang_1685064458990.jpg\",\"https://cc-video-oss.oss-accelerate.aliyuncs.com/2023/05/26/27b6b7818f414d1083d4b683de4c9182duitang_1685064458942.jpg\",\"https://cc-video-oss.oss-accelerate.aliyuncs.com/2023/05/26/ee6084116d0841f3961da0f8086655d8duitang_1685064458773.jpg\",\"https://cc-video-oss.oss-accelerate.aliyuncs.com/2023/05/26/32c96746982a45549429003acd6f439eduitang_1685064458741.jpg\"]', '4', null, '1', '0', '0', '0', '0', '111111', '2023-05-26 09:32:24', null, '2023-05-26 09:32:24');
INSERT INTO `t_img_detail` VALUES ('1661908249869082626', '壁纸，花', 'https://cc-video-oss.oss-accelerate.aliyuncs.com/2023/05/26/e2d062dc43c34906905e0c603e136935duitang_1685064458717.jpg', '1601126546037874690', '1661907545024700418', '1594985167723864064', '[\"https://cc-video-oss.oss-accelerate.aliyuncs.com/2023/05/26/e2d062dc43c34906905e0c603e136935duitang_1685064458717.jpg\",\"https://cc-video-oss.oss-accelerate.aliyuncs.com/2023/05/26/201ffefe192d4757acf33a2f9ac69ff2duitang_1685064458705.jpg\",\"https://cc-video-oss.oss-accelerate.aliyuncs.com/2023/05/26/ae9e5b3a5d2246f58b28c398514f1debduitang_1685064458692.jpg\",\"https://cc-video-oss.oss-accelerate.aliyuncs.com/2023/05/26/89af7db12fd24d05bc0d12100b40af76duitang_1685064458634.jpg\",\"https://cc-video-oss.oss-accelerate.aliyuncs.com/2023/05/26/cd2a8add80f5407bb1ebd0858acdf4d1duitang_1685064459317.jpg\",\"https://cc-video-oss.oss-accelerate.aliyuncs.com/2023/05/26/c016aaeec888408c97426f87a7a78badduitang_1685064459330.jpg\"]', '6', null, '1', '4', '0', '0', '0', '111111', '2023-05-26 09:32:58', null, '2023-05-26 09:32:58');
INSERT INTO `t_img_detail` VALUES ('1661908453166997506', '花花壁纸分享', 'https://cc-video-oss.oss-accelerate.aliyuncs.com/2023/05/26/bd00ed8eb37240d3aa1f9da21281776cduitang_1685064459254.jpg', '1601126546037874690', '1661907545024700418', '1594985167723864064', '[\"https://cc-video-oss.oss-accelerate.aliyuncs.com/2023/05/26/bd00ed8eb37240d3aa1f9da21281776cduitang_1685064459254.jpg\",\"https://cc-video-oss.oss-accelerate.aliyuncs.com/2023/05/26/f5fb6d3d2f784fa7954eac667440a178duitang_1685064459233.jpg\",\"https://cc-video-oss.oss-accelerate.aliyuncs.com/2023/05/26/db3bbf53b48a489ea065b5a332929862duitang_1685064459196.jpg\",\"https://cc-video-oss.oss-accelerate.aliyuncs.com/2023/05/26/055f51b3bc6d4aa69e43f7d84c77f42cduitang_1685064459181.jpg\",\"https://cc-video-oss.oss-accelerate.aliyuncs.com/2023/05/26/6d5630b4a07c44aa975e291182328cd7duitang_1685064459154.jpg\",\"https://cc-video-oss.oss-accelerate.aliyuncs.com/2023/05/26/2f617e4e8d254199bcf6373f258b72a6duitang_1685064459140.jpg\"]', '6', null, '1', '1', '0', '0', '0', '111111', '2023-05-26 09:33:47', null, '2023-05-26 09:33:47');
INSERT INTO `t_img_detail` VALUES ('1661908570716561410', '花花壁纸分享', 'https://cc-video-oss.oss-accelerate.aliyuncs.com/2023/05/26/c8dcffad1d12483a980bb0400c5bf3b2duitang_1685064459034.jpg', '1601126546037874690', '1661907545024700418', '1594985167723864064', '[\"https://cc-video-oss.oss-accelerate.aliyuncs.com/2023/05/26/c8dcffad1d12483a980bb0400c5bf3b2duitang_1685064459034.jpg\",\"https://cc-video-oss.oss-accelerate.aliyuncs.com/2023/05/26/b26bb700c93a481eadb73f654bfd200bduitang_1685064459063.jpg\",\"https://cc-video-oss.oss-accelerate.aliyuncs.com/2023/05/26/f87d70f6c17a43b4875fe64edccf06c0duitang_1685064459118.jpg\"]', '3', null, '1', '2', '0', '0', '0', '111111', '2023-05-26 09:34:15', null, '2023-05-26 09:34:15');
INSERT INTO `t_img_detail` VALUES ('1661908807828955138', 'ins生活壁纸', 'https://cc-video-oss.oss-accelerate.aliyuncs.com/2023/05/26/927c7cb84973431a8a4290fc2289f722duitang_1685064877983.jpg', '1601126546037874690', '1594985167723864210', '1594985167723864062', '[\"https://cc-video-oss.oss-accelerate.aliyuncs.com/2023/05/26/927c7cb84973431a8a4290fc2289f722duitang_1685064877983.jpg\",\"https://cc-video-oss.oss-accelerate.aliyuncs.com/2023/05/26/f55612b7b0fc40ce8d71c9ac6beb2931duitang_1685064877972.jpg\",\"https://cc-video-oss.oss-accelerate.aliyuncs.com/2023/05/26/cf01a75c983145dfa8ee09f7b4ed93baduitang_1685064877958.jpg\",\"https://cc-video-oss.oss-accelerate.aliyuncs.com/2023/05/26/bd88a6b9acbb42cca82f5e4000ba217fduitang_1685064877943.jpg\"]', '4', null, '1', '1', '0', '0', '0', '111111', '2023-05-26 09:35:11', null, '2023-05-26 09:35:11');
INSERT INTO `t_img_detail` VALUES ('1661908916843110401', 'ins风格壁纸分享', 'https://cc-video-oss.oss-accelerate.aliyuncs.com/2023/05/26/29ee64e9394f4506935fa3022ccc5d33duitang_1685064877900.jpg', '1601126546037874690', '1594985167723864210', '1594985167723864062', '[\"https://cc-video-oss.oss-accelerate.aliyuncs.com/2023/05/26/29ee64e9394f4506935fa3022ccc5d33duitang_1685064877900.jpg\",\"https://cc-video-oss.oss-accelerate.aliyuncs.com/2023/05/26/a96c1920ad9844af8c5c754d361320a2duitang_1685064877881.jpg\",\"https://cc-video-oss.oss-accelerate.aliyuncs.com/2023/05/26/68140a9fbd6d420e9d4bf3f50ef929c9duitang_1685064877853.jpg\",\"https://cc-video-oss.oss-accelerate.aliyuncs.com/2023/05/26/b23398068a2b4c70902da5d75d026c9fduitang_1685064877835.jpg\",\"https://cc-video-oss.oss-accelerate.aliyuncs.com/2023/05/26/36c3a80b61a541af8c894cbf23ac254bduitang_1685064877790.jpg\",\"https://cc-video-oss.oss-accelerate.aliyuncs.com/2023/05/26/7ca95c0a78cf4eaab53aefe87d8a3097duitang_1685064877771.jpg\"]', '6', null, '1', '1', '0', '0', '0', '111111', '2023-05-26 09:35:37', null, '2023-05-26 09:35:37');
INSERT INTO `t_img_detail` VALUES ('1661909031116922882', '简约风格，ins风格', 'https://cc-video-oss.oss-accelerate.aliyuncs.com/2023/05/26/db21c9440edb4a3099b912643f74eb60duitang_1685064877693.jpg', '1601126546037874690', '1594985167723864210', '1594985167723864062', '[\"https://cc-video-oss.oss-accelerate.aliyuncs.com/2023/05/26/db21c9440edb4a3099b912643f74eb60duitang_1685064877693.jpg\",\"https://cc-video-oss.oss-accelerate.aliyuncs.com/2023/05/26/4d503757c58a4d61a3999b605c7b4f5aduitang_1685064878320.jpg\",\"https://cc-video-oss.oss-accelerate.aliyuncs.com/2023/05/26/7b1bd624713d472ebe6e9a174bf95832duitang_1685064878004.jpg\"]', '3', null, '1', '4', '0', '1', '0', '111111', '2023-05-26 09:36:04', null, '2023-05-26 09:36:04');
INSERT INTO `t_img_detail` VALUES ('1661909357517660161', '卡通头像', 'https://cc-video-oss.oss-accelerate.aliyuncs.com/2023/05/26/7a688264acdc4551a2d05c80e2e7742e20221019201308_6cfb5.jpg', '1601126546037874691', '1594985167723864118', '1594985167723864061', '[\"https://cc-video-oss.oss-accelerate.aliyuncs.com/2023/05/26/7a688264acdc4551a2d05c80e2e7742e20221019201308_6cfb5.jpg\",\"https://cc-video-oss.oss-accelerate.aliyuncs.com/2023/05/26/d6b76554ac8f4b289310dd1332db283f20221019201308_ac527.jpg\",\"https://cc-video-oss.oss-accelerate.aliyuncs.com/2023/05/26/b939ba7834984e3093b03d7d38f747ec20221019201308_2f4ca.jpg\",\"https://cc-video-oss.oss-accelerate.aliyuncs.com/2023/05/26/1e11f86549d14084af44046d6ab7eaad20221019201308_17b51.jpg\",\"https://cc-video-oss.oss-accelerate.aliyuncs.com/2023/05/26/ce7b6bf6ac3a44b3b75473a563b8d36c20221019201308_93dc1.jpg\",\"https://cc-video-oss.oss-accelerate.aliyuncs.com/2023/05/26/54965018d42c4b58b09d4d4608f2b59520221019201308_ade34.jpg\",\"https://cc-video-oss.oss-accelerate.aliyuncs.com/2023/05/26/2ee765e6fc30493988c15a9e80c9e44320221019201308_aaf7c.jpg\",\"https://cc-video-oss.oss-accelerate.aliyuncs.com/2023/05/26/53edeb8fef8b4e58ad2f78ca68d7b85020221019201308_0bfd5.jpg\",\"https://cc-video-oss.oss-accelerate.aliyuncs.com/2023/05/26/2ecc3d0ec4c44ea3874854f2b598a1b020221019201308_18508.jpg\"]', '9', null, '1', '1', '0', '0', '0', '111111', '2023-05-26 09:37:22', null, '2023-05-26 09:37:22');
INSERT INTO `t_img_detail` VALUES ('1661909656877719553', '蜡笔小新头像，情侣头像', 'https://cc-video-oss.oss-accelerate.aliyuncs.com/2023/05/26/e7d2f96fd2f24717b717845f86a5d3e420230404193734_feedb.jpg', '1601126546037874691', '1594985167723864111', '1594985167723864061', '[\"https://cc-video-oss.oss-accelerate.aliyuncs.com/2023/05/26/e7d2f96fd2f24717b717845f86a5d3e420230404193734_feedb.jpg\",\"https://cc-video-oss.oss-accelerate.aliyuncs.com/2023/05/26/b4a621db2c0b46389376b736f32ebb0020230404193734_9d8be.jpg\",\"https://cc-video-oss.oss-accelerate.aliyuncs.com/2023/05/26/19b16f28bf2b4cf28213cbae9b2d7eee20230404193734_cc832.jpg\",\"https://cc-video-oss.oss-accelerate.aliyuncs.com/2023/05/26/1947cc64a58c4e59a80e3fd40a3f0fe520230404193734_de9b6.jpg\"]', '4', null, '1', '1', '0', '0', '0', '111111', '2023-05-26 09:38:34', null, '2023-05-26 09:38:34');
INSERT INTO `t_img_detail` VALUES ('1661909756970590209', '蜡笔小新头像', 'https://cc-video-oss.oss-accelerate.aliyuncs.com/2023/05/26/ed06345770d5441583836ca2fd87b02d20230404193734_79b41.jpg', '1601126546037874691', '1594985167723864111', '1594985167723864061', '[\"https://cc-video-oss.oss-accelerate.aliyuncs.com/2023/05/26/ed06345770d5441583836ca2fd87b02d20230404193734_79b41.jpg\",\"https://cc-video-oss.oss-accelerate.aliyuncs.com/2023/05/26/4c28d15435254c7fb3cc398e0baf7c8820230404193734_fc116.jpg\",\"https://cc-video-oss.oss-accelerate.aliyuncs.com/2023/05/26/c119f850a0ea45b5a1ae271b13a69d3220230404193734_619b9.jpg\",\"https://cc-video-oss.oss-accelerate.aliyuncs.com/2023/05/26/9badcc8914554c69b2d31d2c4303d39220230404193734_4323a.jpg\"]', '4', null, '1', '2', '0', '0', '1', '111111', '2023-05-26 09:38:58', null, '2023-05-26 09:38:58');
INSERT INTO `t_img_detail` VALUES ('1661910074844307457', '猫猫头像', 'https://cc-video-oss.oss-accelerate.aliyuncs.com/2023/05/26/ae8cdd6d2cc0427bb25a6058197ceacc20221006210144_e24f1.jpeg', '1601126546037874691', '1594985167723864117', '1594985167723864061', '[\"https://cc-video-oss.oss-accelerate.aliyuncs.com/2023/05/26/ae8cdd6d2cc0427bb25a6058197ceacc20221006210144_e24f1.jpeg\",\"https://cc-video-oss.oss-accelerate.aliyuncs.com/2023/05/26/6ccf21644eb345ada483f222de53d8de20221006210143_77ba8.jpeg\",\"https://cc-video-oss.oss-accelerate.aliyuncs.com/2023/05/26/406b313c59ff425a9cf19bd615b5e4d920221006210142_3b1a3.jpeg\"]', '3', null, '1', '0', '0', '0', '0', '111111', '2023-05-26 09:40:13', null, '2023-05-26 09:40:13');
INSERT INTO `t_img_detail` VALUES ('1661910195086614529', '猫咪头像', 'https://cc-video-oss.oss-accelerate.aliyuncs.com/2023/05/26/b6a7a290eef24769b2af6f7f1926d37f20221006210141_7bd2b.jpeg', '1601126546037874691', '1594985167723864117', '1594985167723864061', '[\"https://cc-video-oss.oss-accelerate.aliyuncs.com/2023/05/26/b6a7a290eef24769b2af6f7f1926d37f20221006210141_7bd2b.jpeg\",\"https://cc-video-oss.oss-accelerate.aliyuncs.com/2023/05/26/a0ddc469dbba4a758b3531598522cfad20221006210138_e6e1b.jpeg\",\"https://cc-video-oss.oss-accelerate.aliyuncs.com/2023/05/26/eac237182f024760a4aa899ec9a95f2e20221006210140_74ab3.jpeg\"]', '3', null, '1', '0', '0', '0', '0', '111111', '2023-05-26 09:40:42', null, '2023-05-26 09:40:42');
INSERT INTO `t_img_detail` VALUES ('1661910395276550145', '可爱卡通头像', 'https://cc-video-oss.oss-accelerate.aliyuncs.com/2023/05/26/f8dd8707ff484f59a741ec560c27872c20210310134259_03f03.jpeg', '1601126546037874691', '1594985167723864118', '1594985167723864061', '[\"https://cc-video-oss.oss-accelerate.aliyuncs.com/2023/05/26/f8dd8707ff484f59a741ec560c27872c20210310134259_03f03.jpeg\",\"https://cc-video-oss.oss-accelerate.aliyuncs.com/2023/05/26/2f24aaf190394c6daf7641c7dc7ec3f620210310134258_7fc05.jpeg\",\"https://cc-video-oss.oss-accelerate.aliyuncs.com/2023/05/26/fcbc1b06a6d84b44ac52a17348df7bf020210310134258_cd911.jpeg\"]', '3', null, '1', '1', '0', '1', '0', '111111', '2023-05-26 09:41:30', null, '2023-05-26 09:41:30');
INSERT INTO `t_img_detail` VALUES ('1661910503028219905', '名画头像', 'https://cc-video-oss.oss-accelerate.aliyuncs.com/2023/05/26/de1cb6fedd824f03a1c064033516576420210310134257_b5e5a.jpeg', '1601126546037874691', '1594985167723864118', '1594985167723864061', '[\"https://cc-video-oss.oss-accelerate.aliyuncs.com/2023/05/26/de1cb6fedd824f03a1c064033516576420210310134257_b5e5a.jpeg\",\"https://cc-video-oss.oss-accelerate.aliyuncs.com/2023/05/26/b4b3bcee14a8420c92224c042884d71d20210310134254_f95ae.jpeg\",\"https://cc-video-oss.oss-accelerate.aliyuncs.com/2023/05/26/e0bc3537bbcf450ea3dc702cff836dc020210310134255_e849a.jpeg\",\"https://cc-video-oss.oss-accelerate.aliyuncs.com/2023/05/26/56b5e7af23d145c4b8c63c58484a9fbe20210310134256_24bb2.jpeg\"]', '4', null, '1', '1', '0', '0', '0', '111111', '2023-05-26 09:41:55', null, '2023-05-26 09:41:55');
INSERT INTO `t_img_detail` VALUES ('1661911071947808770', '动漫头像，小林家的龙女仆', 'https://cc-video-oss.oss-accelerate.aliyuncs.com/2023/05/26/462688d80c024faf8de51576f811426520221008192654_53fae.jpeg', '1601126546037874691', '1594985167723864417', '1594985167723864066', '[\"https://cc-video-oss.oss-accelerate.aliyuncs.com/2023/05/26/462688d80c024faf8de51576f811426520221008192654_53fae.jpeg\",\"https://cc-video-oss.oss-accelerate.aliyuncs.com/2023/05/26/ce697f65fbb542a78702e531687efdc220221008192653_ca97d.jpeg\",\"https://cc-video-oss.oss-accelerate.aliyuncs.com/2023/05/26/33f1df391b2347ec9515226ff88436c020221008192653_f6222.jpeg\"]', '3', null, '1', '2', '0', '0', '0', '111111', '2023-05-26 09:44:11', null, '2023-05-26 09:44:11');
INSERT INTO `t_img_detail` VALUES ('1661911211244838913', '小林家的龙女仆', 'https://cc-video-oss.oss-accelerate.aliyuncs.com/2023/05/26/349e2889d43949939980b6e1c4e78b7d20221008192652_4d0a0.jpeg', '1601126546037874691', '1594985167723864417', '1594985167723864066', '[\"https://cc-video-oss.oss-accelerate.aliyuncs.com/2023/05/26/349e2889d43949939980b6e1c4e78b7d20221008192652_4d0a0.jpeg\",\"https://cc-video-oss.oss-accelerate.aliyuncs.com/2023/05/26/85e97ce9b7d94194b1d85a28047a9ef620221008192652_d0784.jpeg\",\"https://cc-video-oss.oss-accelerate.aliyuncs.com/2023/05/26/8023a770e4db4f5890ab3e5a3b96d7dd20221008192651_42777.jpeg\",\"https://cc-video-oss.oss-accelerate.aliyuncs.com/2023/05/26/866001507c2d4231a4a849d1b0a7083c20221008192651_718c7.jpeg\",\"https://cc-video-oss.oss-accelerate.aliyuncs.com/2023/05/26/49a855a98ff349b8bb33ae750015a1d220221008192650_139cc.jpeg\",\"https://cc-video-oss.oss-accelerate.aliyuncs.com/2023/05/26/672e34dd1dbf48eeb20dbb20e44f63cd20221008192649_cf085.jpeg\"]', '6', null, '1', '1', '0', '0', '0', '111111', '2023-05-26 09:44:44', null, '2023-05-26 09:44:44');
INSERT INTO `t_img_detail` VALUES ('1661911353909895170', '康娜', 'https://cc-video-oss.oss-accelerate.aliyuncs.com/2023/05/26/f73995e896474d84acb0c8c25f4f536e20210717220402_nldjd.png', '1601126546037874691', '1594985167723864417', '1594985167723864066', '[\"https://cc-video-oss.oss-accelerate.aliyuncs.com/2023/05/26/f73995e896474d84acb0c8c25f4f536e20210717220402_nldjd.png\",\"https://cc-video-oss.oss-accelerate.aliyuncs.com/2023/05/26/5137bccfdfb44012922eeec463e90a8420210717220400_gjkra.png\",\"https://cc-video-oss.oss-accelerate.aliyuncs.com/2023/05/26/9057a74c4c09409f908dae575309b8f220210717220400_lmsiv.jpg\",\"https://cc-video-oss.oss-accelerate.aliyuncs.com/2023/05/26/5d901f57804b48559df41e78c521c77820210717220359_xjjzx.jpg\"]', '4', null, '1', '0', '0', '0', '0', '111111', '2023-05-26 09:45:18', null, '2023-05-26 09:45:18');
INSERT INTO `t_img_detail` VALUES ('1661911478862405634', '康娜头像，壁纸', 'https://cc-video-oss.oss-accelerate.aliyuncs.com/2023/05/26/731901adcb8640b9ade126e9b484a04220210717220358_gfplh.jpg', '1601126546037874691', '1594985167723864417', '1594985167723864066', '[\"https://cc-video-oss.oss-accelerate.aliyuncs.com/2023/05/26/731901adcb8640b9ade126e9b484a04220210717220358_gfplh.jpg\",\"https://cc-video-oss.oss-accelerate.aliyuncs.com/2023/05/26/a9d3ce21e35e471d85f78fd21e5e3b0f20210717220358_avmwx.jpg\",\"https://cc-video-oss.oss-accelerate.aliyuncs.com/2023/05/26/7ceb11480ede428cbad9c2b44998deb320210717220357_jwhps.jpg\",\"https://cc-video-oss.oss-accelerate.aliyuncs.com/2023/05/26/ee44f54ab61c437c91c86fcd86565aa220210717220357_fhjbj.jpg\"]', '4', null, '1', '0', '0', '0', '0', '111111', '2023-05-26 09:45:48', null, '2023-05-26 09:45:48');
INSERT INTO `t_img_detail` VALUES ('1661911588769947649', '蜡笔小新头像壁纸', 'https://cc-video-oss.oss-accelerate.aliyuncs.com/2023/05/26/a4c12ee7917f423c999538ee0b23563120210516204040_f80b4.jpeg', '1601126546037874691', '1594985167723864218', '1594985167723864062', '[\"https://cc-video-oss.oss-accelerate.aliyuncs.com/2023/05/26/a4c12ee7917f423c999538ee0b23563120210516204040_f80b4.jpeg\",\"https://cc-video-oss.oss-accelerate.aliyuncs.com/2023/05/26/18898f5a67454b468bc6fd2502bcc52c20210516204039_d61e9.jpeg\",\"https://cc-video-oss.oss-accelerate.aliyuncs.com/2023/05/26/ba37a289a184460cb6d1188b0c1ba7c720210516204039_90cb0.jpeg\"]', '3', null, '1', '1', '0', '0', '0', '111111', '2023-05-26 09:46:14', null, '2023-05-26 09:46:14');
INSERT INTO `t_img_detail` VALUES ('1661911683745767426', '蜡笔小新壁纸头像', 'https://cc-video-oss.oss-accelerate.aliyuncs.com/2023/05/26/14de6529ae90429e88be6bdffa1c456920210516204038_13b5c.jpeg', '1601126546037874691', '1594985167723864415', '1594985167723864066', '[\"https://cc-video-oss.oss-accelerate.aliyuncs.com/2023/05/26/14de6529ae90429e88be6bdffa1c456920210516204038_13b5c.jpeg\",\"https://cc-video-oss.oss-accelerate.aliyuncs.com/2023/05/26/88065085c4a047b5b270b3e665417d1d20210516204036_462e3.jpeg\",\"https://cc-video-oss.oss-accelerate.aliyuncs.com/2023/05/26/6856c48c55274a8fae3643c61260dffd20210516204036_d0265.jpeg\",\"https://cc-video-oss.oss-accelerate.aliyuncs.com/2023/05/26/8b2dd8c433a0424fa3de7c6287654e3b20210516204024_f96c4.jpeg\"]', '4', null, '1', '1', '0', '0', '0', '111111', '2023-05-26 09:46:37', null, '2023-05-26 09:46:37');
INSERT INTO `t_img_detail` VALUES ('1661913536982212610', '蜡笔小新壁纸', 'https://cc-video-oss.oss-accelerate.aliyuncs.com/2023/05/26/d515d46d9c924485aed13054ac9c425f20230220160639_e194e.jpg', '1601126546037874693', '1594985167723864415', '1594985167723864066', '[\"https://cc-video-oss.oss-accelerate.aliyuncs.com/2023/05/26/d515d46d9c924485aed13054ac9c425f20230220160639_e194e.jpg\",\"https://cc-video-oss.oss-accelerate.aliyuncs.com/2023/05/26/59061eb41e3d40d1b2175153c578aa1120230220160639_dacd2.jpg\",\"https://cc-video-oss.oss-accelerate.aliyuncs.com/2023/05/26/fb9a72d99b5b42e99a32268f9eda665b20230220160639_acbee.jpg\",\"https://cc-video-oss.oss-accelerate.aliyuncs.com/2023/05/26/f5871766efff45ba8c2f7478fc9074ae20230220160639_5670e.jpg\"]', '4', null, '1', '1', '0', '0', '0', '111111', '2023-05-26 09:53:59', null, '2023-05-26 09:53:59');
INSERT INTO `t_img_detail` VALUES ('1661913633644142593', '蜡笔小新壁纸分享', 'https://cc-video-oss.oss-accelerate.aliyuncs.com/2023/05/26/e4bc975d198440bf9060a9b2a836256920230220160640_1107f.jpg', '1601126546037874693', '1594985167723864415', '1594985167723864066', '[\"https://cc-video-oss.oss-accelerate.aliyuncs.com/2023/05/26/e4bc975d198440bf9060a9b2a836256920230220160640_1107f.jpg\",\"https://cc-video-oss.oss-accelerate.aliyuncs.com/2023/05/26/e353ede039fd499c9dea71d042d6ec3220230220160639_ecc91.jpg\",\"https://cc-video-oss.oss-accelerate.aliyuncs.com/2023/05/26/52d73555cc5e49db9fcd99276a406f3320230220160639_0751b.jpg\",\"https://cc-video-oss.oss-accelerate.aliyuncs.com/2023/05/26/bf29a096048641afa05def26a4e56d5d20230220160639_df041.jpg\",\"https://cc-video-oss.oss-accelerate.aliyuncs.com/2023/05/26/e8baa7d1c02e497ea7e05c7e134c7d7020230220160639_be716.jpg\"]', '5', null, '1', '8', '0', '0', '0', '111111', '2023-05-26 09:54:22', null, '2023-05-26 09:54:22');
INSERT INTO `t_img_detail` VALUES ('1661913897855934466', '柯南卡通壁纸', 'https://cc-video-oss.oss-accelerate.aliyuncs.com/2023/05/26/cf9e80ff88e847f9b1cd14d7ba1ed48e20230206042746_1fb13.jpg', '1601126546037874693', '1594985167723864410', '1594985167723864066', '[\"https://cc-video-oss.oss-accelerate.aliyuncs.com/2023/05/26/cf9e80ff88e847f9b1cd14d7ba1ed48e20230206042746_1fb13.jpg\",\"https://cc-video-oss.oss-accelerate.aliyuncs.com/2023/05/26/6c524a9836b041ec9ae8665c1228466220230206042746_45f67.jpg\",\"https://cc-video-oss.oss-accelerate.aliyuncs.com/2023/05/26/69f6469737ea4381b0adc1c198b7a4b320230206042746_a132e.jpg\",\"https://cc-video-oss.oss-accelerate.aliyuncs.com/2023/05/26/ae2d11d58fbf4e70b573a3e96c8ec04020230206042746_83dbe.jpg\",\"https://cc-video-oss.oss-accelerate.aliyuncs.com/2023/05/26/0646f964205e470094e8f3751e1b8a3220230206042746_b7c22.jpg\",\"https://cc-video-oss.oss-accelerate.aliyuncs.com/2023/05/26/e8344f6b0885407199fcde910f41f8d920230206042746_eb44c.jpg\",\"https://cc-video-oss.oss-accelerate.aliyuncs.com/2023/05/26/7c9130cdc7794c05beba3f0f91b73b3d20230206042746_f2b23.jpg\",\"https://cc-video-oss.oss-accelerate.aliyuncs.com/2023/05/26/076c8e70049448639c51287880cb728d20230206042746_2f775.jpg\",\"https://cc-video-oss.oss-accelerate.aliyuncs.com/2023/05/26/a99a251c5269437fb08e4c75eb70b78420230206042746_14b44.jpg\"]', '9', null, '1', '1', '0', '1', '0', '111111', '2023-05-26 09:55:25', null, '2023-05-26 09:55:25');
INSERT INTO `t_img_detail` VALUES ('1661914122016317442', '柯南情侣头像', 'https://cc-video-oss.oss-accelerate.aliyuncs.com/2023/05/26/c12e8861378844ae888c20497f5d160920230428224157_a90d0.jpg', '1601126546037874693', '1594985167723864116', '1594985167723864061', '[\"https://cc-video-oss.oss-accelerate.aliyuncs.com/2023/05/26/c12e8861378844ae888c20497f5d160920230428224157_a90d0.jpg\",\"https://cc-video-oss.oss-accelerate.aliyuncs.com/2023/05/26/e67e3f8fc5914ad8a34a29b429ebb8fe20230428224157_327bb.jpg\",\"https://cc-video-oss.oss-accelerate.aliyuncs.com/2023/05/26/78868665e01d49ddb0d9dab3161eeb9620230428224157_d412f.jpg\",\"https://cc-video-oss.oss-accelerate.aliyuncs.com/2023/05/26/f85559f13d4843c581d166232703d81320230428224157_f5396.jpg\"]', '4', null, '1', '1', '0', '0', '0', '111111', '2023-05-26 09:56:18', null, '2023-05-26 09:56:18');
INSERT INTO `t_img_detail` VALUES ('1661914255135137793', '柯南壁纸头像', 'https://cc-video-oss.oss-accelerate.aliyuncs.com/2023/05/26/70e7e6a12ff4430981db32740ce36ff720230428224157_e52b3.jpg', '1601126546037874693', '1594985167723864410', '1594985167723864066', '[\"https://cc-video-oss.oss-accelerate.aliyuncs.com/2023/05/26/70e7e6a12ff4430981db32740ce36ff720230428224157_e52b3.jpg\",\"https://cc-video-oss.oss-accelerate.aliyuncs.com/2023/05/26/309519d4619c46138dd6d2506f43376720230428224157_246b5.jpg\",\"https://cc-video-oss.oss-accelerate.aliyuncs.com/2023/05/26/0745021eb6874efa8c7aa83f9df8db0b20230428224157_f4467.jpg\",\"https://cc-video-oss.oss-accelerate.aliyuncs.com/2023/05/26/afc3ee3acd0b44e1ac3b4734a90b879420230428224157_1808b.jpg\"]', '4', null, '1', '1', '0', '0', '0', '111111', '2023-05-26 09:56:50', null, '2023-05-26 09:56:50');
INSERT INTO `t_img_detail` VALUES ('1661914591438626817', '海贼王卡通壁纸', 'https://cc-video-oss.oss-accelerate.aliyuncs.com/2023/05/26/f45af7e95b9a474a99d390cc5442e11620220830203124_88fba.jpeg', '1601126546037874693', '1594985167723864414', '1594985167723864066', '[\"https://cc-video-oss.oss-accelerate.aliyuncs.com/2023/05/26/f45af7e95b9a474a99d390cc5442e11620220830203124_88fba.jpeg\",\"https://cc-video-oss.oss-accelerate.aliyuncs.com/2023/05/26/af339bbd2eb04c8da542d30dc9485c4420220830203123_a1148.jpeg\",\"https://cc-video-oss.oss-accelerate.aliyuncs.com/2023/05/26/288859ee9afc486d86475ea4c051a9a420220830203123_67779.jpeg\",\"https://cc-video-oss.oss-accelerate.aliyuncs.com/2023/05/26/777222c022894d48876f9a093ee7930320220830203121_facec.jpeg\",\"https://cc-video-oss.oss-accelerate.aliyuncs.com/2023/05/26/89a51f896ebd41a585410ce2eca91fbb20220830203122_2a487.jpeg\",\"https://cc-video-oss.oss-accelerate.aliyuncs.com/2023/05/26/d3248505b75647bfb1ad95baf21e370a20220830203122_83ce8.jpeg\",\"https://cc-video-oss.oss-accelerate.aliyuncs.com/2023/05/26/a70407fe3df44c01b1a5aedebccf687a20220830203125_a745e.jpeg\",\"https://cc-video-oss.oss-accelerate.aliyuncs.com/2023/05/26/305efd3bff204eedab228c3f71f9c45a20220830203124_efba4.jpeg\",\"https://cc-video-oss.oss-accelerate.aliyuncs.com/2023/05/26/d170aaf201f54930977f3643f7bd7f0520220830203124_0a1b9.jpeg\"]', '9', null, '1', '1', '0', '0', '0', '111111', '2023-05-26 09:58:10', null, '2023-05-26 09:58:10');
INSERT INTO `t_img_detail` VALUES ('1661914728021942273', '海贼王壁纸', 'https://cc-video-oss.oss-accelerate.aliyuncs.com/2023/05/26/f22c83dd991a42b399833f329d36b6bb20221008201206_410c2.jpg', '1601126546037874693', '1594985167723864414', '1594985167723864066', '[\"https://cc-video-oss.oss-accelerate.aliyuncs.com/2023/05/26/f22c83dd991a42b399833f329d36b6bb20221008201206_410c2.jpg\",\"https://cc-video-oss.oss-accelerate.aliyuncs.com/2023/05/26/4efbd5975cd243fc9746f403c43e1f5220221008201206_2d0a3.jpg\",\"https://cc-video-oss.oss-accelerate.aliyuncs.com/2023/05/26/9b51eb3d6fa84f16bf1b9f2db9adf79520221008201206_d3b6f.jpg\"]', '3', null, '1', '5', '0', '0', '0', '111111', '2023-05-26 09:58:43', null, '2023-05-26 09:58:43');
INSERT INTO `t_img_detail` VALUES ('1661914828131590146', '海贼王壁纸', 'https://cc-video-oss.oss-accelerate.aliyuncs.com/2023/05/26/cb80ea52144740bd94e7512ca481784720221008201206_da248.jpg', '1601126546037874693', '1594985167723864414', '1594985167723864066', '[\"https://cc-video-oss.oss-accelerate.aliyuncs.com/2023/05/26/cb80ea52144740bd94e7512ca481784720221008201206_da248.jpg\",\"https://cc-video-oss.oss-accelerate.aliyuncs.com/2023/05/26/0630d3ef63ab4d49a25f057738e0ae3e20221008201206_23f9d.jpg\",\"https://cc-video-oss.oss-accelerate.aliyuncs.com/2023/05/26/15d182ccb4654d37b0161f32aceecdf120221008201206_06688.jpg\",\"https://cc-video-oss.oss-accelerate.aliyuncs.com/2023/05/26/122eca6832e9467d9de982afb33a94db20221008201206_188bb.jpg\"]', '4', null, '1', '9', '0', '0', '0', '111111', '2023-05-26 09:59:07', null, '2023-05-26 09:59:07');
INSERT INTO `t_img_detail` VALUES ('1661914929839267842', '海贼王头像', 'https://cc-video-oss.oss-accelerate.aliyuncs.com/2023/05/26/0d9683b5357c4f79bb3a8f876a9635cd20221008201206_33d21.jpg', '1601126546037874693', '1594985167723864414', '1594985167723864066', '[\"https://cc-video-oss.oss-accelerate.aliyuncs.com/2023/05/26/0d9683b5357c4f79bb3a8f876a9635cd20221008201206_33d21.jpg\",\"https://cc-video-oss.oss-accelerate.aliyuncs.com/2023/05/26/2d5e751325b54652bf8119eafeeb330820221008201206_39a26.jpg\"]', '2', null, '1', '9', '0', '1', '0', '111111', '2023-05-26 09:59:31', null, '2023-05-26 09:59:31');
INSERT INTO `t_img_detail` VALUES ('1661915248556040194', '哆啦A梦壁纸头像', 'https://cc-video-oss.oss-accelerate.aliyuncs.com/2023/05/26/a7bd3f2c33624d9b90f8ac367abba9f320230410003016_b8c54.jpeg', '1601126546037874693', '1594985167723864218', '1594985167723864062', '[\"https://cc-video-oss.oss-accelerate.aliyuncs.com/2023/05/26/a7bd3f2c33624d9b90f8ac367abba9f320230410003016_b8c54.jpeg\",\"https://cc-video-oss.oss-accelerate.aliyuncs.com/2023/05/26/9f727928d88e47c1998075f2bdf0eafe20230410003015_ff41d.jpeg\",\"https://cc-video-oss.oss-accelerate.aliyuncs.com/2023/05/26/1c9f2a4333b64a3eac572f118b235ec420230410003015_68669.jpeg\"]', '3', null, '1', '1', '0', '0', '0', '111111', '2023-05-26 10:00:47', null, '2023-05-26 10:00:47');
INSERT INTO `t_img_detail` VALUES ('1661915348661493761', '哆啦A梦壁纸分享', 'https://cc-video-oss.oss-accelerate.aliyuncs.com/2023/05/26/a414f0e049234fe3a9834c38ebdd898a20230410003015_584db.jpeg', '1601126546037874693', '1594985167723864111', '1594985167723864061', '[\"https://cc-video-oss.oss-accelerate.aliyuncs.com/2023/05/26/a414f0e049234fe3a9834c38ebdd898a20230410003015_584db.jpeg\",\"https://cc-video-oss.oss-accelerate.aliyuncs.com/2023/05/26/33a762739b524cd3b5f0e1f1b3c634c620230410003014_f11b7.jpeg\",\"https://cc-video-oss.oss-accelerate.aliyuncs.com/2023/05/26/e62f50cceec145d68eee95d2869127df20230410003014_4ad53.jpeg\",\"https://cc-video-oss.oss-accelerate.aliyuncs.com/2023/05/26/b6b46173e82540398b0fff1fa55c20db20230410003013_6ab2d.jpeg\"]', '4', null, '1', '1', '0', '0', '0', '111111', '2023-05-26 10:01:11', null, '2023-05-26 10:01:11');
INSERT INTO `t_img_detail` VALUES ('1661915456429940738', '壁纸，哆啦A梦', 'https://cc-video-oss.oss-accelerate.aliyuncs.com/2023/05/26/bc730022321a4a12b134e17e9646f1fb20220618005858_5414c.jpeg', '1601126546037874693', '1594985167723864218', '1594985167723864062', '[\"https://cc-video-oss.oss-accelerate.aliyuncs.com/2023/05/26/bc730022321a4a12b134e17e9646f1fb20220618005858_5414c.jpeg\",\"https://cc-video-oss.oss-accelerate.aliyuncs.com/2023/05/26/57293a25d03c472a8ab126deebec6b1320220618005858_49fbd.jpeg\",\"https://cc-video-oss.oss-accelerate.aliyuncs.com/2023/05/26/b2e009384aa2428693cdc30c0ba359c020220618005857_f4ff7.jpeg\"]', '3', null, '1', '2', '0', '0', '0', '111111', '2023-05-26 10:01:36', null, '2023-05-26 10:01:36');
INSERT INTO `t_img_detail` VALUES ('1661915545319825409', '哆啦A梦壁纸头像', 'https://cc-video-oss.oss-accelerate.aliyuncs.com/2023/05/26/bb47f1d72a9b4f4596b6875b1f01f13320220618005857_9eff0.jpeg', '1601126546037874693', '1594985167723864218', '1594985167723864062', '[\"https://cc-video-oss.oss-accelerate.aliyuncs.com/2023/05/26/bb47f1d72a9b4f4596b6875b1f01f13320220618005857_9eff0.jpeg\",\"https://cc-video-oss.oss-accelerate.aliyuncs.com/2023/05/26/692bbab2cb7144d8bcff5bb00702f4b120220618005855_c87c1.jpeg\",\"https://cc-video-oss.oss-accelerate.aliyuncs.com/2023/05/26/96119b10a7cd472ea583c687281787dc20220618005854_6726e.jpeg\",\"https://cc-video-oss.oss-accelerate.aliyuncs.com/2023/05/26/da9b75a6624543a6834b35063254ad0120220618005856_82d72.jpeg\"]', '4', null, '1', '1', '0', '0', '0', '111111', '2023-05-26 10:01:58', null, '2023-05-26 10:01:58');
INSERT INTO `t_img_detail` VALUES ('1661915917669163010', '风景壁纸头像', 'https://cc-video-oss.oss-accelerate.aliyuncs.com/2023/05/26/155f987849c34b1c99047374a5ca6a01gVSLNJJ0TQwddb0.jpg', '1656857358946361346', '1594985167723864510', '1594985167723864064', '[\"https://cc-video-oss.oss-accelerate.aliyuncs.com/2023/05/26/155f987849c34b1c99047374a5ca6a01gVSLNJJ0TQwddb0.jpg\",\"https://cc-video-oss.oss-accelerate.aliyuncs.com/2023/05/26/49e70709b64a4d50bc050a2e54d439493BSD1QQoCzLEEeD.jpg\",\"https://cc-video-oss.oss-accelerate.aliyuncs.com/2023/05/26/1af2f0f068eb454eabb4164120f6abf32YSzqGG4f6E44Me.jpg\"]', '3', null, '1', '1', '0', '0', '0', '111111', '2023-05-26 10:03:26', null, '2023-05-26 10:03:26');
INSERT INTO `t_img_detail` VALUES ('1661916063266037761', '风景壁纸头像', 'https://cc-video-oss.oss-accelerate.aliyuncs.com/2023/05/26/825848493dc0467da50bee6007734a8dGgSbN770SdZ55jn.jpg', '1656857358946361346', '1594985167723864114', '1594985167723864061', '[\"https://cc-video-oss.oss-accelerate.aliyuncs.com/2023/05/26/825848493dc0467da50bee6007734a8dGgSbN770SdZ55jn.jpg\",\"https://cc-video-oss.oss-accelerate.aliyuncs.com/2023/05/26/acbb1a363a5341f0b9340d6cb88fc2d04ESbXDD1Sog11Pd.jpg\",\"https://cc-video-oss.oss-accelerate.aliyuncs.com/2023/05/26/b360bc96b3994cac8c41880dbda678246zS4oXXwiqBwwed.jpg\"]', '3', null, '1', '2', '0', '1', '1', '111111', '2023-05-26 10:04:01', null, '2023-05-26 10:04:01');
INSERT INTO `t_img_detail` VALUES ('1661916200314920962', '风景壁纸头像', 'https://cc-video-oss.oss-accelerate.aliyuncs.com/2023/05/26/3833fac9ce0d42c787f71576a22bf49573S23XX8Tew884p.jpg', '1656857358946361346', '1594985167723864510', '1594985167723864064', '[\"https://cc-video-oss.oss-accelerate.aliyuncs.com/2023/05/26/3833fac9ce0d42c787f71576a22bf49573S23XX8Tew884p.jpg\",\"https://cc-video-oss.oss-accelerate.aliyuncs.com/2023/05/26/1be80d0b1b4e44d8a1a8b1709ccb3436pGSm4WWdTBWggLz.jpg\",\"https://cc-video-oss.oss-accelerate.aliyuncs.com/2023/05/26/176f8d9f11da400088953be54a31750cvDS9PWWGfdPmmVq.jpg\"]', '3', null, '1', '4', '0', '2', '0', '111111', '2023-05-26 10:04:34', null, '2023-05-26 10:04:34');
INSERT INTO `t_img_detail` VALUES ('1661916418548752385', '蓝色壁纸', 'https://cc-video-oss.oss-accelerate.aliyuncs.com/2023/05/26/914a099625b34d51ab5c628af87476f50GSVgoJ5F0op2eN.jpg', '1656857358946361346', '1594985167723864510', '1594985167723864064', '[\"https://cc-video-oss.oss-accelerate.aliyuncs.com/2023/05/26/914a099625b34d51ab5c628af87476f50GSVgoJ5F0op2eN.jpg\",\"https://cc-video-oss.oss-accelerate.aliyuncs.com/2023/05/26/d90943bf7aa349fb90e2f3557998a85cJOSb4pP7TWmBLaW.jpg\",\"https://cc-video-oss.oss-accelerate.aliyuncs.com/2023/05/26/0b0d6470e883465fab7dea6f74735e62vDSZG4LdIdPg3N3.jpg\"]', '3', null, '1', '1', '0', '1', '0', '111111', '2023-05-26 10:05:26', null, '2023-05-26 10:05:26');
INSERT INTO `t_img_detail` VALUES ('1661916556801400834', '风景壁纸，可用作背景图', 'https://cc-video-oss.oss-accelerate.aliyuncs.com/2023/05/26/f268f84cccef4e6f876b1662aadb5758YxSPAm8ycqOE9wZ.jpg', '1656857358946361346', '1594985167723864510', '1594985167723864064', '[\"https://cc-video-oss.oss-accelerate.aliyuncs.com/2023/05/26/f268f84cccef4e6f876b1662aadb5758YxSPAm8ycqOE9wZ.jpg\",\"https://cc-video-oss.oss-accelerate.aliyuncs.com/2023/05/26/ac777344ff04466ea7e41168de1f8e8aN5SeyGL4uPV8zZQ.jpg\",\"https://cc-video-oss.oss-accelerate.aliyuncs.com/2023/05/26/7c711f0c9476417b963712313113b86eWXSqvMaEUQl2njx.jpg\"]', '3', null, '1', '1', '0', '0', '0', '111111', '2023-05-26 10:05:59', null, '2023-05-26 10:05:59');
INSERT INTO `t_img_detail` VALUES ('1661916675365986306', '海边壁纸，风景头像，背景图', 'https://cc-video-oss.oss-accelerate.aliyuncs.com/2023/05/26/368fa466b76c4bcd9e593d9c55b91598EWSMd6ONUV58L2P.jpg', '1656857358946361346', '1594985167723864114', '1594985167723864061', '[\"https://cc-video-oss.oss-accelerate.aliyuncs.com/2023/05/26/368fa466b76c4bcd9e593d9c55b91598EWSMd6ONUV58L2P.jpg\",\"https://cc-video-oss.oss-accelerate.aliyuncs.com/2023/05/26/b4ad7c2e56b94dceb061d610ff97501fV2S90qQZFmB4e9Z.jpg\",\"https://cc-video-oss.oss-accelerate.aliyuncs.com/2023/05/26/e992f4a33172417eb0d316eddaa8ac8eB8SqG27JUlOev0j.jpg\"]', '3', null, '1', '1', '0', '0', '0', '111111', '2023-05-26 10:06:27', null, '2023-05-26 10:06:27');
INSERT INTO `t_img_detail` VALUES ('1661917128573116417', '少女心，卡通', 'https://cc-video-oss.oss-accelerate.aliyuncs.com/2023/05/26/b224359f47f6483c8177253500e21380B8SqG27JUlOeqlD.jpg', '1659168639711813634', '1594985167723864112', '1594985167723864061', '[\"https://cc-video-oss.oss-accelerate.aliyuncs.com/2023/05/26/b224359f47f6483c8177253500e21380B8SqG27JUlOeqlD.jpg\",\"https://cc-video-oss.oss-accelerate.aliyuncs.com/2023/05/26/b5b03ce6484d42018484524a07df23fcV2S90qQZFmB4Emj.jpg\",\"https://cc-video-oss.oss-accelerate.aliyuncs.com/2023/05/26/1169b35f82d642929dfadad6716c4b55WXSqvMaEUQl28Q9.jpg\"]', '3', null, '1', '1', '0', '1', '0', '111111', '2023-05-26 10:08:15', null, '2023-05-26 10:08:15');
INSERT INTO `t_img_detail` VALUES ('1661917245288013825', '少女心壁纸', 'https://cc-video-oss.oss-accelerate.aliyuncs.com/2023/05/26/0139dbb17e7b4ca2b4cfffd58d545ea5N5SeyGL4uPV8XPN.jpg', '1659168639711813634', '1594985167723864513', '1594985167723864064', '[\"https://cc-video-oss.oss-accelerate.aliyuncs.com/2023/05/26/0139dbb17e7b4ca2b4cfffd58d545ea5N5SeyGL4uPV8XPN.jpg\",\"https://cc-video-oss.oss-accelerate.aliyuncs.com/2023/05/26/4ab8de018be44a5692f363540cd8baafxDS9Y5xvF2Gx52O.jpg\",\"https://cc-video-oss.oss-accelerate.aliyuncs.com/2023/05/26/e7f23457905046bfaa6dd2ddbd7cfb21YxSPAm8ycqOEZqQ.jpg\"]', '3', null, '1', '1', '1', '2', '2', '111111', '2023-05-26 10:08:43', null, '2023-05-26 10:08:43');
INSERT INTO `t_img_detail` VALUES ('1661917354386055170', '卡通少女心壁纸头像', 'https://cc-video-oss.oss-accelerate.aliyuncs.com/2023/05/26/4997ca1bd2dc4d4bb02f91b26213c0cdoVS4b7zdTgANMgn.jpg', '1659168639711813634', '1594985167723864118', '1594985167723864061', '[\"https://cc-video-oss.oss-accelerate.aliyuncs.com/2023/05/26/4997ca1bd2dc4d4bb02f91b26213c0cdoVS4b7zdTgANMgn.jpg\",\"https://cc-video-oss.oss-accelerate.aliyuncs.com/2023/05/26/1d53888e87444c93921a2a287ebdea84lGS2Y1XJcx0dpxE.jpg\",\"https://cc-video-oss.oss-accelerate.aliyuncs.com/2023/05/26/73e5917df23c4061b32b73e36a833386EWSMd6ONUV58AVO.jpg\"]', '3', null, '1', '2', '0', '1', '0', '111111', '2023-05-26 10:09:09', null, '2023-05-26 10:09:09');
INSERT INTO `t_img_detail` VALUES ('1661917744783482881', '小埋壁纸', 'https://cc-video-oss.oss-accelerate.aliyuncs.com/2023/05/26/041c21ee4b1b4e9bb0a8323f7e513cc820230317084404_606f1.jpg', '1659168639711813634', '1594985167723864412', '1594985167723864066', '[\"https://cc-video-oss.oss-accelerate.aliyuncs.com/2023/05/26/041c21ee4b1b4e9bb0a8323f7e513cc820230317084404_606f1.jpg\",\"https://cc-video-oss.oss-accelerate.aliyuncs.com/2023/05/26/dc11e8e8d58b4f38ae469364fca9684c20230317084404_9cc0f.jpg\",\"https://cc-video-oss.oss-accelerate.aliyuncs.com/2023/05/26/f4f4f7f4bade485ea302f5e002d2b40920230317084404_e3b18.jpg\",\"https://cc-video-oss.oss-accelerate.aliyuncs.com/2023/05/26/fb1d64ec2bcb40f4b1f9eec1e627198320230424140243_ba3c6.jpg\",\"https://cc-video-oss.oss-accelerate.aliyuncs.com/2023/05/26/68e21e4c44ec4fbf81d6ae77f66ec51920230424140243_c9fc4.jpg\",\"https://cc-video-oss.oss-accelerate.aliyuncs.com/2023/05/26/b4908a59537446029348fc266570e02c20230424140243_5b4e1.jpg\",\"https://cc-video-oss.oss-accelerate.aliyuncs.com/2023/05/26/04ecca4ec2014b2192b21c2f70dd339020230424140243_9bd2e.jpg\"]', '7', null, '1', '2', '0', '0', '3', '111111', '2023-05-26 10:10:42', null, '2023-05-26 10:10:42');
INSERT INTO `t_img_detail` VALUES ('1661917915319689218', '小埋壁纸', 'https://cc-video-oss.oss-accelerate.aliyuncs.com/2023/05/26/59221f880d7b4a94ba2f0b8260b834fc20230306155212_2086a.jpeg', '1659168639711813634', '1594985167723864412', '1594985167723864066', '[\"https://cc-video-oss.oss-accelerate.aliyuncs.com/2023/05/26/59221f880d7b4a94ba2f0b8260b834fc20230306155212_2086a.jpeg\",\"https://cc-video-oss.oss-accelerate.aliyuncs.com/2023/05/26/9a2ca79f9f19470f939a6a0f5d21816420230306155210_6edbc.jpeg\",\"https://cc-video-oss.oss-accelerate.aliyuncs.com/2023/05/26/3bf5225fb17d4ca2ad42ce1253f5824720230306155203_401d5.jpeg\",\"https://cc-video-oss.oss-accelerate.aliyuncs.com/2023/05/26/083126b1c0e94ff7890988a53718ca4520230306155206_db105.jpeg\",\"https://cc-video-oss.oss-accelerate.aliyuncs.com/2023/05/26/215aa0247eaa4908b5a209e43bd4a32e20230306155157_46f23.jpeg\"]', '5', null, '1', '1', '0', '0', '0', '111111', '2023-05-26 10:11:23', null, '2023-05-26 10:11:23');
INSERT INTO `t_img_detail` VALUES ('1661918036002398209', '小埋', 'https://cc-video-oss.oss-accelerate.aliyuncs.com/2023/05/26/5713cee4dc514605b79ba056eee0dad920230306155004_ee83e.jpeg', '1659168639711813634', '1594985167723864412', '1594985167723864066', '[\"https://cc-video-oss.oss-accelerate.aliyuncs.com/2023/05/26/5713cee4dc514605b79ba056eee0dad920230306155004_ee83e.jpeg\",\"https://cc-video-oss.oss-accelerate.aliyuncs.com/2023/05/26/b28892d63c2244ad91e2c6af1654480820230306155017_ac030.jpeg\",\"https://cc-video-oss.oss-accelerate.aliyuncs.com/2023/05/26/4974e74212684f43bb2f8613f9a1d11c20230306155156_b96d9.jpeg\",\"https://cc-video-oss.oss-accelerate.aliyuncs.com/2023/05/26/6ec9b75c4f804308960774a625d5839520230306155154_abfd8.jpeg\"]', '4', null, '1', '1', '0', '0', '0', '111111', '2023-05-26 10:11:51', null, '2023-05-26 10:11:51');
INSERT INTO `t_img_detail` VALUES ('1661918138225975297', '小埋头像', 'https://cc-video-oss.oss-accelerate.aliyuncs.com/2023/05/26/43244f1e6040430e9f074982d6f42fe720230306155159_38709.jpeg', '1659168639711813634', '1594985167723864412', '1594985167723864066', '[\"https://cc-video-oss.oss-accelerate.aliyuncs.com/2023/05/26/43244f1e6040430e9f074982d6f42fe720230306155159_38709.jpeg\",\"https://cc-video-oss.oss-accelerate.aliyuncs.com/2023/05/26/e6e607309e50419a9f80be5b06ed29a420230306155201_27cff.jpeg\"]', '2', null, '1', '1', '0', '0', '0', '111111', '2023-05-26 10:12:16', null, '2023-05-26 10:12:16');
INSERT INTO `t_img_detail` VALUES ('1661918562991529985', '情侣卡通头像', 'https://cc-video-oss.oss-accelerate.aliyuncs.com/2023/05/26/049f5c6e497d4316b755ce157465b9e220220725212717_00e6a.jpeg', '1648549224075079682', '1594985167723864511', '1594985167723864064', '[\"https://cc-video-oss.oss-accelerate.aliyuncs.com/2023/05/26/049f5c6e497d4316b755ce157465b9e220220725212717_00e6a.jpeg\",\"https://cc-video-oss.oss-accelerate.aliyuncs.com/2023/05/26/fcf39d96c73f4bf6a150dd048c75246a20220725212717_dd1ec.jpeg\",\"https://cc-video-oss.oss-accelerate.aliyuncs.com/2023/05/26/8dcb754a77a04b4db0f7d5cc974bffff20220725212717_eb127.jpg\",\"https://cc-video-oss.oss-accelerate.aliyuncs.com/2023/05/26/30c2b6c97dda43f0b457a6d9aa4969ee20220725212717_a8805.jpg\"]', '4', null, '1', '1', '0', '1', '0', '111111', '2023-05-26 10:13:57', null, '2023-05-26 10:13:57');
INSERT INTO `t_img_detail` VALUES ('1661918686266318850', '情侣头像', 'https://cc-video-oss.oss-accelerate.aliyuncs.com/2023/05/26/281770620f0c4d3aa9fe4aaa768e309120220725212717_7f9a0.jpg', '1648549224075079682', '1594985167723864116', '1594985167723864061', '[\"https://cc-video-oss.oss-accelerate.aliyuncs.com/2023/05/26/281770620f0c4d3aa9fe4aaa768e309120220725212717_7f9a0.jpg\",\"https://cc-video-oss.oss-accelerate.aliyuncs.com/2023/05/26/3ca07e4da55644fb8acd3b999aaa5cf920220725212717_35c69.jpg\",\"https://cc-video-oss.oss-accelerate.aliyuncs.com/2023/05/26/9b7a7b166f654a3cba833a8c30107f8120220725212717_2f808.jpg\",\"https://cc-video-oss.oss-accelerate.aliyuncs.com/2023/05/26/56c2a06650b441ed9689ea132ab3feb120220725212717_77bad.jpg\"]', '4', null, '1', '2', '0', '0', '0', '111111', '2023-05-26 10:14:26', null, '2023-05-26 10:14:26');
INSERT INTO `t_img_detail` VALUES ('1661919005385744385', '猫咪情头', 'https://cc-video-oss.oss-accelerate.aliyuncs.com/2023/05/26/4fb8993a23674ea6859350ecbc12a56020200719120712_wgarg.jpg', '1648549224075079682', '1594985167723864511', '1594985167723864064', '[\"https://cc-video-oss.oss-accelerate.aliyuncs.com/2023/05/26/4fb8993a23674ea6859350ecbc12a56020200719120712_wgarg.jpg\",\"https://cc-video-oss.oss-accelerate.aliyuncs.com/2023/05/26/4bb67ba7c4fc49e49bdbb1f4e63bc77d20200719120711_cqift.jpg\",\"https://cc-video-oss.oss-accelerate.aliyuncs.com/2023/05/26/26925c23e164404a914a24ae9b73a98e20200719120711_epqtz.jpg\",\"https://cc-video-oss.oss-accelerate.aliyuncs.com/2023/05/26/9caa0cb09cc844dd88ec22fe90dbab8420200719120711_jnkfu.jpg\"]', '4', null, '1', '1', '0', '2', '0', '111111', '2023-05-26 10:15:43', null, '2023-05-26 10:15:43');
INSERT INTO `t_img_detail` VALUES ('1661919123069526017', '猫咪情头', 'https://cc-video-oss.oss-accelerate.aliyuncs.com/2023/05/26/a5830353217340e897270ca3dfdc54bd20200719120709_ycbvc.jpg', '1648549224075079682', '1594985167723864511', '1594985167723864064', '[\"https://cc-video-oss.oss-accelerate.aliyuncs.com/2023/05/26/a5830353217340e897270ca3dfdc54bd20200719120709_ycbvc.jpg\",\"https://cc-video-oss.oss-accelerate.aliyuncs.com/2023/05/26/477bab4f9aad46ee8180422b251f5acf20200719120710_aysgs.jpg\",\"https://cc-video-oss.oss-accelerate.aliyuncs.com/2023/05/26/4327d1cdee8e455bb36aec630e1d221720200719120710_jykro.jpg\",\"https://cc-video-oss.oss-accelerate.aliyuncs.com/2023/05/26/eaa1bcf2464c4cf39e3ce46251d134b820200719120710_jxyvw.jpg\"]', '4', null, '1', '1', '0', '0', '0', '111111', '2023-05-26 10:16:11', null, '2023-05-26 10:16:11');
INSERT INTO `t_img_detail` VALUES ('1661964863007436802', '刘亦菲壁纸', 'https://cc-video-oss.oss-accelerate.aliyuncs.com/2023/05/26/8c0550dee02e441ebf9bdd58ef2b4ee220230129164258_9529e.jpg', '1601126546037874691', '1594985167723864217', '1594985167723864062', '[\"https://cc-video-oss.oss-accelerate.aliyuncs.com/2023/05/26/8c0550dee02e441ebf9bdd58ef2b4ee220230129164258_9529e.jpg\",\"https://cc-video-oss.oss-accelerate.aliyuncs.com/2023/05/26/89bafd31731b4c00af81a668b07c96c920230129164258_7a815.jpg\",\"https://cc-video-oss.oss-accelerate.aliyuncs.com/2023/05/26/fb22fb0e6010440c89bb50cf9dcafe7820230129164258_d93c9.jpg\",\"https://cc-video-oss.oss-accelerate.aliyuncs.com/2023/05/26/ef948aebbe2a4138b821385bbd2a75f920230129164258_931ae.jpg\",\"https://cc-video-oss.oss-accelerate.aliyuncs.com/2023/05/26/bd0597894547495d950b210d2a13c1b320230129164258_8c05e.jpg\",\"https://cc-video-oss.oss-accelerate.aliyuncs.com/2023/05/26/5988dd8c90784424be88b2d85632fc3220230129164258_1e422.jpg\"]', '6', null, '1', '1', '0', '0', '0', '111111', '2023-05-26 13:17:56', null, '2023-05-26 13:17:56');
INSERT INTO `t_img_detail` VALUES ('1661969895794749442', '风景壁纸，护眼', 'https://cc-video-oss.oss-accelerate.aliyuncs.com/2023/05/26/81036e7e56ad4b1a9f322693de473c4e20221011175540_60c86.jpeg', '1656857358946361346', '1594985167723864510', '1594985167723864064', '[\"https://cc-video-oss.oss-accelerate.aliyuncs.com/2023/05/26/81036e7e56ad4b1a9f322693de473c4e20221011175540_60c86.jpeg\",\"https://cc-video-oss.oss-accelerate.aliyuncs.com/2023/05/26/7239c792d2bc422b953d2f21a728137420221011175534_03356.jpeg\",\"https://cc-video-oss.oss-accelerate.aliyuncs.com/2023/05/26/f45f056219f24f93a5e18341e383181320221011175525_38cf5.jpeg\",\"https://cc-video-oss.oss-accelerate.aliyuncs.com/2023/05/26/624af6c39d7c40a88ccddb593d8400f120221011175523_03e1e.jpeg\"]', '4', null, '1', '1', '1', '0', '0', '111111', '2023-05-26 13:37:56', null, '2023-05-26 13:37:56');
INSERT INTO `t_img_detail` VALUES ('1661970381172191233', '头像', 'https://cc-video-oss.oss-accelerate.aliyuncs.com/2023/05/26/72711494722d47aabdce12306225257f20211017133040_197a4.jpeg', '1656857358946361346', '1594985167723864115', '1594985167723864061', '[\"https://cc-video-oss.oss-accelerate.aliyuncs.com/2023/05/26/72711494722d47aabdce12306225257f20211017133040_197a4.jpeg\",\"https://cc-video-oss.oss-accelerate.aliyuncs.com/2023/05/26/490a99fb6958457a9418fd71af40ff7220211017133039_1f6ff.jpeg\",\"https://cc-video-oss.oss-accelerate.aliyuncs.com/2023/05/26/90f4181294f442eeb6074523dc13693820211017133036_fb8f8.jpeg\",\"https://cc-video-oss.oss-accelerate.aliyuncs.com/2023/05/26/f71a1c3c458142a48f10967780bbb95720211017133037_2210b.jpeg\",\"https://cc-video-oss.oss-accelerate.aliyuncs.com/2023/05/26/9b84aa7de5dc479dacffa5302edd413220211017133038_81f73.jpeg\"]', '5', null, '1', '1', '0', '0', '0', '111111', '2023-05-26 13:39:51', null, '2023-05-26 13:39:51');
INSERT INTO `t_img_detail` VALUES ('1661974698612568065', '可爱', 'https://cc-video-oss.oss-accelerate.aliyuncs.com/2023/05/26/48dbc042925444658678cb1989abddbf20211005142917_9ea8c.png', '1656857358946361346', '1594985167723864217', '1594985167723864062', '[\"https://cc-video-oss.oss-accelerate.aliyuncs.com/2023/05/26/48dbc042925444658678cb1989abddbf20211005142917_9ea8c.png\",\"https://cc-video-oss.oss-accelerate.aliyuncs.com/2023/05/26/ea4496225b7445c38c90a4264c31472c20211005142916_e0b74.png\",\"https://cc-video-oss.oss-accelerate.aliyuncs.com/2023/05/26/510f3b696dc54d6f823507c29f8fae2220211005142914_678f7.png\",\"https://cc-video-oss.oss-accelerate.aliyuncs.com/2023/05/26/4ca645900c2349db96bade49cff752e820211005142913_533bb.png\"]', '4', null, '1', '1', '0', '0', '0', '111111', '2023-05-26 13:57:01', null, '2023-05-26 13:57:01');
INSERT INTO `t_img_detail` VALUES ('1661974836798107650', '风景壁纸分享', 'https://cc-video-oss.oss-accelerate.aliyuncs.com/2023/05/26/aac850e668564981acbd23ed78413e8b20211005142912_5e884.png', '1656857358946361346', '1594985167723864510', '1594985167723864064', '[\"https://cc-video-oss.oss-accelerate.aliyuncs.com/2023/05/26/aac850e668564981acbd23ed78413e8b20211005142912_5e884.png\",\"https://cc-video-oss.oss-accelerate.aliyuncs.com/2023/05/26/41c6c40006464b94a887261e6323fbb320211005142910_d6768.png\",\"https://cc-video-oss.oss-accelerate.aliyuncs.com/2023/05/26/c4950e58e1c64e92be294cda5f2e38bd20211005142911_4fd14.png\",\"https://cc-video-oss.oss-accelerate.aliyuncs.com/2023/05/26/8b51577767fd4e65a0d0bb15dd427da520211005142912_512d7.png\",\"https://cc-video-oss.oss-accelerate.aliyuncs.com/2023/05/26/695e408889e94689a1b2f106f8bf0bdc20211005142914_1df40.png\"]', '5', null, '1', '1', '0', '0', '0', '111111', '2023-05-26 13:57:34', null, '2023-05-26 13:57:34');
INSERT INTO `t_img_detail` VALUES ('1662082249492606977', '背景图', 'https://cc-video-oss.oss-accelerate.aliyuncs.com/2023/05/26/d043af745f05434280c93d79e8ca442120230429134521_66f8b.jpeg', '1656857358946361346', '1594985167723864510', '1594985167723864064', '[\"https://cc-video-oss.oss-accelerate.aliyuncs.com/2023/05/26/d043af745f05434280c93d79e8ca442120230429134521_66f8b.jpeg\",\"https://cc-video-oss.oss-accelerate.aliyuncs.com/2023/05/26/fe2745796e6b48c68691b077b33c310420230429134521_cba7c.jpeg\",\"https://cc-video-oss.oss-accelerate.aliyuncs.com/2023/05/26/fe69ffc7477b447f8d428d7970d403d820230429134520_f8373.jpeg\"]', '3', null, '1', '1', '0', '0', '0', '111111', '2023-05-26 21:04:23', null, '2023-05-26 21:04:23');
INSERT INTO `t_img_detail` VALUES ('1662082346058067969', '花', 'https://cc-video-oss.oss-accelerate.aliyuncs.com/2023/05/26/d03549f3025a447891dce297167c235420230429134519_0fdf5.jpeg', '1656857358946361346', '1661907545024700418', '1594985167723864064', '[\"https://cc-video-oss.oss-accelerate.aliyuncs.com/2023/05/26/d03549f3025a447891dce297167c235420230429134519_0fdf5.jpeg\",\"https://cc-video-oss.oss-accelerate.aliyuncs.com/2023/05/26/339165d69a4f42cf8b31d07367c07faf20230429134520_50145.jpeg\"]', '2', null, '1', '2', '0', '0', '0', '111111', '2023-05-26 21:04:46', null, '2023-05-26 21:04:46');
INSERT INTO `t_img_detail` VALUES ('1662097100684210178', '风景壁纸', 'https://cc-video-oss.oss-accelerate.aliyuncs.com/2023/05/26/e6327b7fa252494783b8f6ce71c331a020210315220556_1c9ac.jpeg', '1656857358946361346', '1594985167723864510', '1594985167723864064', '[\"https://cc-video-oss.oss-accelerate.aliyuncs.com/2023/05/26/e6327b7fa252494783b8f6ce71c331a020210315220556_1c9ac.jpeg\",\"https://cc-video-oss.oss-accelerate.aliyuncs.com/2023/05/26/77f5336e0af0432cb8f126989c2d0ece20210315220559_edc4e.jpeg\",\"https://cc-video-oss.oss-accelerate.aliyuncs.com/2023/05/26/d2f5bf299e5943da944d9ddef2631f0120210315220600_9ed9a.jpeg\"]', '3', null, '1', '1', '0', '0', '0', '111111', '2023-05-26 22:03:24', null, '2023-05-26 22:03:24');
INSERT INTO `t_img_detail` VALUES ('1662102761434329089', '猫猫壁纸', 'https://cc-video-oss.oss-accelerate.aliyuncs.com/2023/05/26/9cbe6c4a944047eca53b764718ea434820230305201015_9233d.jpg', '1656857358946361346', '1662102277982056450', '1594985167723864067', '[\"https://cc-video-oss.oss-accelerate.aliyuncs.com/2023/05/26/9cbe6c4a944047eca53b764718ea434820230305201015_9233d.jpg\",\"https://cc-video-oss.oss-accelerate.aliyuncs.com/2023/05/26/163ec753538248fbbbbb8b402c6ff62220230305201015_48e1c.jpg\",\"https://cc-video-oss.oss-accelerate.aliyuncs.com/2023/05/26/e2f501e0e3a348279b7176bca9f6398f20230305201015_8efc3.jpg\",\"https://cc-video-oss.oss-accelerate.aliyuncs.com/2023/05/26/539b5d8dd90842c6b8f3f4d24aa5297920230305201015_c7eb6.jpg\",\"https://cc-video-oss.oss-accelerate.aliyuncs.com/2023/05/26/d022c0e8a8d349b8965e277b208d4bf720230305201015_88a0b.jpg\",\"https://cc-video-oss.oss-accelerate.aliyuncs.com/2023/05/26/3a5585e9e8564ccf97179b7a3800c1f420230305201015_c8701.jpg\"]', '6', null, '1', '2', '0', '0', '0', '111111', '2023-05-26 22:25:53', null, '2023-05-26 22:25:53');
INSERT INTO `t_img_detail` VALUES ('1662102870943412225', '猫咪壁纸头像', 'https://cc-video-oss.oss-accelerate.aliyuncs.com/2023/05/26/c8abeeffa205422fb8444192b3b3172420230305201015_b0032.jpg', '1656857358946361346', '1662102277982056450', '1594985167723864067', '[\"https://cc-video-oss.oss-accelerate.aliyuncs.com/2023/05/26/c8abeeffa205422fb8444192b3b3172420230305201015_b0032.jpg\",\"https://cc-video-oss.oss-accelerate.aliyuncs.com/2023/05/26/3812be3971ad40b3bc4622c007dec89420230305201015_5b430.jpg\",\"https://cc-video-oss.oss-accelerate.aliyuncs.com/2023/05/26/fc08aad8c74e4b5bb7f3944f39a89d1420230305201015_404c7.jpg\"]', '3', null, '1', '1', '0', '0', '0', '111111', '2023-05-26 22:26:19', null, '2023-05-26 22:26:19');
INSERT INTO `t_img_detail` VALUES ('1662103096794099713', '猫咪壁纸', 'https://cc-video-oss.oss-accelerate.aliyuncs.com/2023/05/26/943222a4e67642ebab2b2946b2d740db20230305201015_b0032.jpg', '1656857358946361346', '1662102277982056450', '1594985167723864067', '[\"https://cc-video-oss.oss-accelerate.aliyuncs.com/2023/05/26/943222a4e67642ebab2b2946b2d740db20230305201015_b0032.jpg\",\"https://cc-video-oss.oss-accelerate.aliyuncs.com/2023/05/26/4b8fe4b4ff4e494ea99df84a28b23d7020230129234001_fb3db.png\",\"https://cc-video-oss.oss-accelerate.aliyuncs.com/2023/05/26/7be44620911a45839d86e690c7d9fcaa20230129234001_b5edc.png\"]', '3', null, '1', '1', '0', '0', '0', '111111', '2023-05-26 22:27:13', null, '2023-05-26 22:27:13');
INSERT INTO `t_img_detail` VALUES ('1662103184874483714', '猫猫', 'https://cc-video-oss.oss-accelerate.aliyuncs.com/2023/05/26/3bb0a208cd814a3ca5acacd94a5c73dd20230129234001_5f43f.png', '1656857358946361346', '1662102277982056450', '1594985167723864067', '[\"https://cc-video-oss.oss-accelerate.aliyuncs.com/2023/05/26/3bb0a208cd814a3ca5acacd94a5c73dd20230129234001_5f43f.png\",\"https://cc-video-oss.oss-accelerate.aliyuncs.com/2023/05/26/a75d68f67a1447bd91862d77f61daab020230129234001_fed31.png\",\"https://cc-video-oss.oss-accelerate.aliyuncs.com/2023/05/26/00528be102584eb8a9238d3b99ae7f5120230129234001_b3d11.png\"]', '3', null, '1', '1', '0', '0', '0', '111111', '2023-05-26 22:27:34', null, '2023-05-26 22:27:34');
INSERT INTO `t_img_detail` VALUES ('1662103591243821058', '柴犬', 'https://cc-video-oss.oss-accelerate.aliyuncs.com/2023/05/26/e2de728e151a4954a588f28b0646b37d20210916225513_b157f.jpeg', '1656857358946361346', '1662102099220819969', '1594985167723864067', '[\"https://cc-video-oss.oss-accelerate.aliyuncs.com/2023/05/26/e2de728e151a4954a588f28b0646b37d20210916225513_b157f.jpeg\",\"https://cc-video-oss.oss-accelerate.aliyuncs.com/2023/05/26/26623eb695d8404aba8e92eb70aefea520210916225510_939ba.jpeg\",\"https://cc-video-oss.oss-accelerate.aliyuncs.com/2023/05/26/033bbddf4a5d4dfa915e4f75b8dc020f20210916225511_9def2.jpeg\",\"https://cc-video-oss.oss-accelerate.aliyuncs.com/2023/05/26/439ddbf28ed34d659c35fea70f2e6a8920210916225512_c1d46.jpeg\"]', '4', null, '1', '0', '0', '0', '0', '111111', '2023-05-26 22:29:11', null, '2023-05-26 22:29:11');
INSERT INTO `t_img_detail` VALUES ('1662103908660359170', '猫咪表情包', 'https://cc-video-oss.oss-accelerate.aliyuncs.com/2023/05/26/37835ea1dae448bbaef14f5a14fbc07320230407144330_b6418.jpg', '1656857358946361346', '1594985167723864315', '1594985167723864063', '[\"https://cc-video-oss.oss-accelerate.aliyuncs.com/2023/05/26/37835ea1dae448bbaef14f5a14fbc07320230407144330_b6418.jpg\",\"https://cc-video-oss.oss-accelerate.aliyuncs.com/2023/05/26/471d11eed4ca4abbb5f3a59ae8f170a820230407144330_8d7eb.jpg\",\"https://cc-video-oss.oss-accelerate.aliyuncs.com/2023/05/26/b2c1d923b3de4857ae73a7795285d45620230407144330_3b2c7.jpg\",\"https://cc-video-oss.oss-accelerate.aliyuncs.com/2023/05/26/e7c01d01bb674da1b2fe6896f471521120230407144330_a742a.jpg\",\"https://cc-video-oss.oss-accelerate.aliyuncs.com/2023/05/26/5260760989a04f82b771504a565b46f120230407144330_ef76d.jpg\",\"https://cc-video-oss.oss-accelerate.aliyuncs.com/2023/05/26/297a20ddd5ab48c7a79e2898944410bc20230407144330_76412.jpg\"]', '6', null, '1', '2', '0', '0', '0', '111111', '2023-05-26 22:30:27', null, '2023-05-26 22:30:27');
INSERT INTO `t_img_detail` VALUES ('1662106847248461825', 'ins风格壁纸', 'https://cc-video-oss.oss-accelerate.aliyuncs.com/2023/05/26/60fa9a03f2c041df9db254a32b6a21e220230219021251_d2fff.jpg', '1599618448034959361', '1594985167723864210', '1594985167723864062', '[\"https://cc-video-oss.oss-accelerate.aliyuncs.com/2023/05/26/60fa9a03f2c041df9db254a32b6a21e220230219021251_d2fff.jpg\",\"https://cc-video-oss.oss-accelerate.aliyuncs.com/2023/05/26/ea2bb4f5c7c449ad851e0f2c8f21e76320230219021251_b1659.jpg\",\"https://cc-video-oss.oss-accelerate.aliyuncs.com/2023/05/26/bb487ccd03e24771b2be84a1657bdd2320230219021251_a15ad.jpg\",\"https://cc-video-oss.oss-accelerate.aliyuncs.com/2023/05/26/28eae4e16b624484ac92269a39aaf53820230219021251_132c3.jpg\"]', '4', null, '1', '0', '0', '0', '0', '111111', '2023-05-26 22:42:07', null, '2023-05-26 22:42:07');
INSERT INTO `t_img_detail` VALUES ('1662107038869434369', '女生头像，ins风格壁纸', 'https://cc-video-oss.oss-accelerate.aliyuncs.com/2023/05/26/7dca6e617a6f4811bf469210cfb928a320230219021251_f637d.jpg', '1599618448034959361', '1594985167723864210', '1594985167723864062', '[\"https://cc-video-oss.oss-accelerate.aliyuncs.com/2023/05/26/7dca6e617a6f4811bf469210cfb928a320230219021251_f637d.jpg\",\"https://cc-video-oss.oss-accelerate.aliyuncs.com/2023/05/26/a7b1b6a77d5f4e299680b26de15a5f8120230219021251_1aec4.jpg\",\"https://cc-video-oss.oss-accelerate.aliyuncs.com/2023/05/26/23a68637aac9462699aac5eb287ca28020230219021251_615d0.jpg\",\"https://cc-video-oss.oss-accelerate.aliyuncs.com/2023/05/26/d99394215ae74080b98768b3c282a24d20230219021251_2c499.jpg\",\"https://cc-video-oss.oss-accelerate.aliyuncs.com/2023/05/26/d55c5e825a244fd799b48ffa78d93d6d20230219021251_9ac0e.jpg\"]', '5', null, '1', '1', '0', '0', '0', '111111', '2023-05-26 22:42:53', null, '2023-05-26 22:42:53');
INSERT INTO `t_img_detail` VALUES ('1662116870049574913', '棕色壁纸', 'https://cc-video-oss.oss-accelerate.aliyuncs.com/2023/05/26/30794b4f77fe40ab9376fb8d5d43dedb20220309081556_c1da2.jpeg', '1601126546037874692', '1594985167723864512', '1594985167723864064', '[\"https://cc-video-oss.oss-accelerate.aliyuncs.com/2023/05/26/30794b4f77fe40ab9376fb8d5d43dedb20220309081556_c1da2.jpeg\",\"https://cc-video-oss.oss-accelerate.aliyuncs.com/2023/05/26/2775f37006c848cbab0e137a453150c920220309081557_d02e0.jpeg\",\"https://cc-video-oss.oss-accelerate.aliyuncs.com/2023/05/26/1748523b122e4d6da034156b02317b6520220309081559_47275.jpeg\",\"https://cc-video-oss.oss-accelerate.aliyuncs.com/2023/05/26/109bff58cd9049a38db69e16d7ace8e620220309081550_9de35.jpeg\",\"https://cc-video-oss.oss-accelerate.aliyuncs.com/2023/05/26/1bb084e7ef6541e58cbe65cac05d456320220309081553_74d9c.jpeg\",\"https://cc-video-oss.oss-accelerate.aliyuncs.com/2023/05/26/2fb0569fe10e46ba93caa6f543408ff520220309081554_592da.jpeg\",\"https://cc-video-oss.oss-accelerate.aliyuncs.com/2023/05/26/c768e3b4475f49e998d0cd925adf6ed520220309081545_12808.jpeg\",\"https://cc-video-oss.oss-accelerate.aliyuncs.com/2023/05/26/0c62be99ad25460188d18416d519751a20220309081547_ab219.jpeg\",\"https://cc-video-oss.oss-accelerate.aliyuncs.com/2023/05/26/1b362fe083ee4d78b0fca21eab505e4420220309081548_573ac.jpeg\"]', '9', null, '1', '1', '0', '0', '0', '111111', '2023-05-26 23:21:57', null, '2023-05-26 23:21:57');
INSERT INTO `t_img_detail` VALUES ('1662425261311279106', '喵喵壁纸', 'https://cc-video-oss.oss-accelerate.aliyuncs.com/2023/05/27/c361857732c94375ae6da7b590fab4251679673914-origin-IMG_2101.JPG', '1660834274611150849', '1662102277982056450', '1594985167723864067', '[\"https://cc-video-oss.oss-accelerate.aliyuncs.com/2023/05/27/c361857732c94375ae6da7b590fab4251679673914-origin-IMG_2101.JPG\",\"https://cc-video-oss.oss-accelerate.aliyuncs.com/2023/05/27/a6e1570cd65a437490411a059eb3b1401679673917-origin-IMG_2102.JPG\",\"https://cc-video-oss.oss-accelerate.aliyuncs.com/2023/05/27/cd7663c951584644bdef6ae5d76845451679673924-origin-IMG_2103.JPG\",\"https://cc-video-oss.oss-accelerate.aliyuncs.com/2023/05/27/7e62e75002f747648018b8a298e7a1391679673911-origin-IMG_2100.JPG\"]', '4', null, '1', '1', '0', '0', '0', '111111', '2023-05-27 19:47:23', null, '2023-05-27 19:47:23');
INSERT INTO `t_img_detail` VALUES ('1662430059007852545', '蜡笔小新壁纸', 'https://cc-video-oss.oss-accelerate.aliyuncs.com/2023/05/27/2e1fb369122343e69c1d063689eec1481679667638-origin-IMG_2042.PNG', '1660834274611150849', '1594985167723864415', '1594985167723864066', '[\"https://cc-video-oss.oss-accelerate.aliyuncs.com/2023/05/27/2e1fb369122343e69c1d063689eec1481679667638-origin-IMG_2042.PNG\",\"https://cc-video-oss.oss-accelerate.aliyuncs.com/2023/05/27/e56880a956e442278a387a658b008f771679667640-origin-IMG_2043.PNG\",\"https://cc-video-oss.oss-accelerate.aliyuncs.com/2023/05/27/615883904f474e79bbbfacf4a6eb97321679667741-origin-IMG_2052.PNG\",\"https://cc-video-oss.oss-accelerate.aliyuncs.com/2023/05/27/ab5c44bdba814c639547e48b750dfdc61679667778-origin-IMG_2056.PNG\",\"https://cc-video-oss.oss-accelerate.aliyuncs.com/2023/05/27/8f8d60f9808149739472c00cef7745b41679667787-origin-IMG_2058.PNG\"]', '5', null, '1', '2', '0', '3', '0', '111111', '2023-05-27 20:06:27', null, '2023-05-27 20:06:27');
INSERT INTO `t_img_detail` VALUES ('1662430671355265026', '奇奇怪怪壁纸', 'https://cc-video-oss.oss-accelerate.aliyuncs.com/2023/05/27/54762f28a6f44cde8da44989bd93b92d1679666482-origin-IMG_2006.PNG', '1660834274611150849', '1594985167723864118', '1594985167723864061', '[\"https://cc-video-oss.oss-accelerate.aliyuncs.com/2023/05/27/54762f28a6f44cde8da44989bd93b92d1679666482-origin-IMG_2006.PNG\",\"https://cc-video-oss.oss-accelerate.aliyuncs.com/2023/05/27/bf8974bdb64642e9a8e893ed1fc66faa1679666482-origin-IMG_2005.PNG\",\"https://cc-video-oss.oss-accelerate.aliyuncs.com/2023/05/27/755781c4f99649e49225b7068ce8f9c51679666482-origin-IMG_2004.PNG\",\"https://cc-video-oss.oss-accelerate.aliyuncs.com/2023/05/27/66fdaf823c974141af0690cbd1174f741679666482-origin-IMG_2001.PNG\",\"https://cc-video-oss.oss-accelerate.aliyuncs.com/2023/05/27/b5f6aa7e09c946bfad16532fbbb82ea11679666482-origin-IMG_1999.PNG\",\"https://cc-video-oss.oss-accelerate.aliyuncs.com/2023/05/27/34b83b0695074fb6baa6b1cd67af22af1679666482-origin-IMG_2002.PNG\",\"https://cc-video-oss.oss-accelerate.aliyuncs.com/2023/05/27/4a133dee3e1b446d90b0eda49f6a3c6d1679666482-origin-IMG_2003.PNG\",\"https://cc-video-oss.oss-accelerate.aliyuncs.com/2023/05/27/d43f40b887e740bfa0c2fb17ea9cb1b21679666482-origin-IMG_1998.PNG\",\"https://cc-video-oss.oss-accelerate.aliyuncs.com/2023/05/27/0f0cd8e925ba4cf28c835c04aa02cc581679666482-origin-IMG_1997.PNG\"]', '9', null, '1', '2', '0', '0', '0', '111111', '2023-05-27 20:08:53', null, '2023-05-27 20:08:53');
INSERT INTO `t_img_detail` VALUES ('1662430843355283457', '卡通壁纸', 'https://cc-video-oss.oss-accelerate.aliyuncs.com/2023/05/27/1c13603357764a4ea49b3492b5b3e40d1679666481-origin-IMG_1985.PNG', '1660834274611150849', '1594985167723864118', '1594985167723864061', '[\"https://cc-video-oss.oss-accelerate.aliyuncs.com/2023/05/27/1c13603357764a4ea49b3492b5b3e40d1679666481-origin-IMG_1985.PNG\",\"https://cc-video-oss.oss-accelerate.aliyuncs.com/2023/05/27/9d4b707750c24d6788ee9ff023fcb15a1679666481-origin-IMG_1986.PNG\",\"https://cc-video-oss.oss-accelerate.aliyuncs.com/2023/05/27/bd36cff813114ebf8d851915855806ed1679666481-origin-IMG_1987.PNG\",\"https://cc-video-oss.oss-accelerate.aliyuncs.com/2023/05/27/d33a4919e25743f9978b8ecff647e8561679666481-origin-IMG_1988.PNG\",\"https://cc-video-oss.oss-accelerate.aliyuncs.com/2023/05/27/aa1acbcd55a54f4aaacb2fab37425b5a1679666481-origin-IMG_1989.PNG\",\"https://cc-video-oss.oss-accelerate.aliyuncs.com/2023/05/27/f73cf64de7d24206ab39aaa7fc70e53e1679666481-origin-IMG_1990.PNG\"]', '6', null, '1', '1', '0', '0', '0', '111111', '2023-05-27 20:09:34', null, '2023-05-27 20:09:34');
INSERT INTO `t_img_detail` VALUES ('1662430989933625345', '卡通壁纸分享', 'https://cc-video-oss.oss-accelerate.aliyuncs.com/2023/05/27/ea502ab799404afda8d4efb08849991f1679666481-origin-IMG_1991.PNG', '1660834274611150849', '1594985167723864513', '1594985167723864064', '[\"https://cc-video-oss.oss-accelerate.aliyuncs.com/2023/05/27/ea502ab799404afda8d4efb08849991f1679666481-origin-IMG_1991.PNG\",\"https://cc-video-oss.oss-accelerate.aliyuncs.com/2023/05/27/56ee3a3b9a1640648be93ca66c412d641679666481-origin-IMG_1992.PNG\",\"https://cc-video-oss.oss-accelerate.aliyuncs.com/2023/05/27/6508fd15c2da46d7ab754ba8ed3f320e1679666481-origin-IMG_1993.PNG\",\"https://cc-video-oss.oss-accelerate.aliyuncs.com/2023/05/27/052dec88ada548e09634c239894469381679666482-origin-IMG_1994.PNG\",\"https://cc-video-oss.oss-accelerate.aliyuncs.com/2023/05/27/2487c0d4309f452bb070e081981646f91679666482-origin-IMG_1995.PNG\",\"https://cc-video-oss.oss-accelerate.aliyuncs.com/2023/05/27/9e1a01c62b6b4014bfa50b74ee5dcd8d1679666482-origin-IMG_1996.PNG\"]', '6', null, '1', '1', '0', '0', '0', '111111', '2023-05-27 20:10:09', null, '2023-05-27 20:10:09');
INSERT INTO `t_img_detail` VALUES ('1662431229138976769', 'ins风格', 'https://cc-video-oss.oss-accelerate.aliyuncs.com/2023/05/27/99c9f1d150684556959116bff12fbf8f1679666411-origin-IMG_1955.JPG', '1660834274611150849', '1594985167723864215', '1594985167723864062', '[\"https://cc-video-oss.oss-accelerate.aliyuncs.com/2023/05/27/99c9f1d150684556959116bff12fbf8f1679666411-origin-IMG_1955.JPG\",\"https://cc-video-oss.oss-accelerate.aliyuncs.com/2023/05/27/92d3f4d8010841fca7ca04610b3fa4041679666411-origin-IMG_1956.JPG\",\"https://cc-video-oss.oss-accelerate.aliyuncs.com/2023/05/27/f8bc19df571246038ec5f4b8b89d1f211679666411-origin-IMG_1954.PNG\",\"https://cc-video-oss.oss-accelerate.aliyuncs.com/2023/05/27/34091e2dea054b4fa07c798c9ef139de1679666411-origin-IMG_1953.JPG\",\"https://cc-video-oss.oss-accelerate.aliyuncs.com/2023/05/27/c492ce7778dc4e3b9de7fbc8eb359d3b1679666411-origin-IMG_1952.JPG\"]', '5', null, '1', '1', '0', '0', '0', '111111', '2023-05-27 20:11:06', null, '2023-05-27 20:11:06');
INSERT INTO `t_img_detail` VALUES ('1662431405207470081', '粉色壁纸', 'https://cc-video-oss.oss-accelerate.aliyuncs.com/2023/05/27/0bec67af4ecd4a99850f825f012aa5211679666411-origin-IMG_1951.JPG', '1660834274611150849', '1594985167723864510', '1594985167723864064', '[\"https://cc-video-oss.oss-accelerate.aliyuncs.com/2023/05/27/0bec67af4ecd4a99850f825f012aa5211679666411-origin-IMG_1951.JPG\",\"https://cc-video-oss.oss-accelerate.aliyuncs.com/2023/05/27/8a3f9cfea10747ab9597571714f28b411679666411-origin-IMG_1947.JPG\",\"https://cc-video-oss.oss-accelerate.aliyuncs.com/2023/05/27/8c6fc67dc3d4467bb47245522d0d43881679666411-origin-IMG_1948.JPG\",\"https://cc-video-oss.oss-accelerate.aliyuncs.com/2023/05/27/e455a6f08b054802bb0911afbcd731571679666411-origin-IMG_1949.JPG\"]', '4', null, '1', '1', '0', '0', '0', '111111', '2023-05-27 20:11:48', null, '2023-05-27 20:11:48');
INSERT INTO `t_img_detail` VALUES ('1662432035347120129', '粉丝风格，ins风格', 'https://cc-video-oss.oss-accelerate.aliyuncs.com/2023/05/27/235774e8474948dcb61ffaec8430372c1679666411-origin-IMG_1946.JPG', '1656858656227811330', '1594985167723864210', '1594985167723864062', '[\"https://cc-video-oss.oss-accelerate.aliyuncs.com/2023/05/27/235774e8474948dcb61ffaec8430372c1679666411-origin-IMG_1946.JPG\",\"https://cc-video-oss.oss-accelerate.aliyuncs.com/2023/05/27/ec381717b4a9408cad4d48bda42ac7b31679666411-origin-IMG_1945.JPG\",\"https://cc-video-oss.oss-accelerate.aliyuncs.com/2023/05/27/35a1c5601d0a43c094082b56f9069f781679666411-origin-IMG_1943.JPG\",\"https://cc-video-oss.oss-accelerate.aliyuncs.com/2023/05/27/c944face23e244d4b85d4b3dcdffb6061679666411-origin-IMG_1944.JPG\",\"https://cc-video-oss.oss-accelerate.aliyuncs.com/2023/05/27/2c74551d25354310aafa952ebb5b2ce01679666411-origin-IMG_1942.JPG\"]', '5', null, '1', '1', '0', '0', '0', '111111', '2023-05-27 20:14:18', null, '2023-05-27 20:14:18');
INSERT INTO `t_img_detail` VALUES ('1662434532681859074', '文字壁纸', 'https://cc-video-oss.oss-accelerate.aliyuncs.com/2023/05/27/f3f65dc6b0c242228d72d9b85d5418071679666397-origin-IMG_1923.JPG', '1656858656227811330', '1594985167723864211', '1594985167723864062', '[\"https://cc-video-oss.oss-accelerate.aliyuncs.com/2023/05/27/f3f65dc6b0c242228d72d9b85d5418071679666397-origin-IMG_1923.JPG\",\"https://cc-video-oss.oss-accelerate.aliyuncs.com/2023/05/27/55400f9a78f24ac0899f295da9b9695f1679666397-origin-IMG_1919.JPG\",\"https://cc-video-oss.oss-accelerate.aliyuncs.com/2023/05/27/f1b8c978e9584ee48ff120497e520c3b1679666397-origin-IMG_1920.JPG\",\"https://cc-video-oss.oss-accelerate.aliyuncs.com/2023/05/27/15e5df0cd959466cac1879d01dabade61679666397-origin-IMG_1921.JPG\",\"https://cc-video-oss.oss-accelerate.aliyuncs.com/2023/05/27/59f62caa25734333bdf60afb8db5a1e81679666397-origin-IMG_1922.JPG\"]', '5', null, '1', '2', '0', '0', '0', '111111', '2023-05-27 20:24:14', null, '2023-05-27 20:24:14');
INSERT INTO `t_img_detail` VALUES ('1662434902845964289', '文字壁纸', 'https://cc-video-oss.oss-accelerate.aliyuncs.com/2023/05/27/88b93bce043b4fbcba341dd9b05d37b11679666397-origin-IMG_1915.JPG', '1656858656227811330', '1594985167723864211', '1594985167723864062', '[\"https://cc-video-oss.oss-accelerate.aliyuncs.com/2023/05/27/88b93bce043b4fbcba341dd9b05d37b11679666397-origin-IMG_1915.JPG\",\"https://cc-video-oss.oss-accelerate.aliyuncs.com/2023/05/27/a221df42b3814fe39f491fe89507fa5c1679666397-origin-IMG_1916.JPG\",\"https://cc-video-oss.oss-accelerate.aliyuncs.com/2023/05/27/c8b87859f72c4fc2b6bb1d27c3b9fe1e1679666397-origin-IMG_1917.JPG\",\"https://cc-video-oss.oss-accelerate.aliyuncs.com/2023/05/27/6211c387d9fa42069d871ef4bba2fae21679666397-origin-IMG_1918.JPG\",\"https://cc-video-oss.oss-accelerate.aliyuncs.com/2023/05/27/ecef57685b914d089034afc4c760cb921679666397-origin-IMG_1911.JPG\",\"https://cc-video-oss.oss-accelerate.aliyuncs.com/2023/05/27/942651b0fd55477d881158c91de030211679666397-origin-IMG_1912.JPG\",\"https://cc-video-oss.oss-accelerate.aliyuncs.com/2023/05/27/927ecdb11d804b519f41e0b9a27a47b21679666397-origin-IMG_1913.JPG\",\"https://cc-video-oss.oss-accelerate.aliyuncs.com/2023/05/27/3b843df8fe374ecabd210ab76af6b6b61679666397-origin-IMG_1914.JPG\"]', '8', null, '1', '1', '0', '0', '0', '111111', '2023-05-27 20:25:42', null, '2023-05-27 20:25:42');
INSERT INTO `t_img_detail` VALUES ('1662435075110223873', 'ins壁纸', 'https://cc-video-oss.oss-accelerate.aliyuncs.com/2023/05/27/6bd9d11536c949378b291b3d0feec7e41679666391-origin-IMG_1891.JPG', '1656858656227811330', '1594985167723864210', '1594985167723864062', '[\"https://cc-video-oss.oss-accelerate.aliyuncs.com/2023/05/27/6bd9d11536c949378b291b3d0feec7e41679666391-origin-IMG_1891.JPG\",\"https://cc-video-oss.oss-accelerate.aliyuncs.com/2023/05/27/ad4986c5b5be4e41b9ff7e0c2473aa8c1679666391-origin-IMG_1890.JPG\",\"https://cc-video-oss.oss-accelerate.aliyuncs.com/2023/05/27/08ca31fa92334b18b9a42f3f1a8cbcde1679666391-origin-IMG_1889.JPG\",\"https://cc-video-oss.oss-accelerate.aliyuncs.com/2023/05/27/ec668e6b3aca4a7ca29dccdce84994051679666391-origin-IMG_1888.JPG\",\"https://cc-video-oss.oss-accelerate.aliyuncs.com/2023/05/27/b8c75774670b4c7c9270d15b773051291679666391-origin-IMG_1887.JPG\"]', '5', null, '1', '1', '0', '0', '0', '111111', '2023-05-27 20:26:23', null, '2023-05-27 20:26:23');
INSERT INTO `t_img_detail` VALUES ('1662435295105662978', 'ins风格壁纸', 'https://cc-video-oss.oss-accelerate.aliyuncs.com/2023/05/27/4225c794b7a042718feefaac18d39a881679666391-origin-IMG_1886.JPG', '1656858656227811330', '1594985167723864210', '1594985167723864062', '[\"https://cc-video-oss.oss-accelerate.aliyuncs.com/2023/05/27/4225c794b7a042718feefaac18d39a881679666391-origin-IMG_1886.JPG\",\"https://cc-video-oss.oss-accelerate.aliyuncs.com/2023/05/27/70eca903042a453ba391b746bc18529d1679666391-origin-IMG_1884.JPG\",\"https://cc-video-oss.oss-accelerate.aliyuncs.com/2023/05/27/9d82a05f4a3a4cc6bddbd43f568a4d651679666391-origin-IMG_1882.JPG\",\"https://cc-video-oss.oss-accelerate.aliyuncs.com/2023/05/27/e7e13cfa3fa84364be9ec9d91d766f431679666391-origin-IMG_1881.JPG\",\"https://cc-video-oss.oss-accelerate.aliyuncs.com/2023/05/27/77d827cd7d38415690022e5f7d191e5b1679666391-origin-IMG_1880.JPG\",\"https://cc-video-oss.oss-accelerate.aliyuncs.com/2023/05/27/c5d529e47ec2414db26e72638abc80f21679666391-origin-IMG_1879.JPG\",\"https://cc-video-oss.oss-accelerate.aliyuncs.com/2023/05/27/db24143feb9d4baeba425d0779c508161679666391-origin-IMG_1885.JPG\"]', '7', null, '1', '3', '0', '0', '0', '111111', '2023-05-27 20:27:16', null, '2023-05-27 20:27:16');
INSERT INTO `t_img_detail` VALUES ('1662435561985032194', '应用程序图标设计', 'https://cc-video-oss.oss-accelerate.aliyuncs.com/2023/05/27/20a211e7b7f24540af439867d243874d1679666459-origin-IMG_1957.PNG', '1656858656227811330', '1594985167723864118', '1594985167723864061', '[\"https://cc-video-oss.oss-accelerate.aliyuncs.com/2023/05/27/20a211e7b7f24540af439867d243874d1679666459-origin-IMG_1957.PNG\",\"https://cc-video-oss.oss-accelerate.aliyuncs.com/2023/05/27/8baf67c3e2874673a9e711d42d8e93551679666459-origin-IMG_1958.PNG\",\"https://cc-video-oss.oss-accelerate.aliyuncs.com/2023/05/27/0ceaf6232a5c44bb8089483b259d27f31679666459-origin-IMG_1959.PNG\",\"https://cc-video-oss.oss-accelerate.aliyuncs.com/2023/05/27/edbe717bac3e4f6799d45c6c3c52badf1679666459-origin-IMG_1960.PNG\",\"https://cc-video-oss.oss-accelerate.aliyuncs.com/2023/05/27/58ced1688c7146eaaa418ad17c6a706a1679666459-origin-IMG_1961.PNG\",\"https://cc-video-oss.oss-accelerate.aliyuncs.com/2023/05/27/670efe6d6a0f410ca86c5dfdb52675841679666459-origin-IMG_1963.PNG\",\"https://cc-video-oss.oss-accelerate.aliyuncs.com/2023/05/27/76743d205e48406fae1b4811b8481e011679666459-origin-IMG_1969.PNG\",\"https://cc-video-oss.oss-accelerate.aliyuncs.com/2023/05/27/fb7dff2531a1417e8ea8066823279a7e1679666459-origin-IMG_1968.PNG\"]', '8', null, '1', '6', '0', '0', '0', '111111', '2023-05-27 20:28:19', null, '2023-05-27 20:28:19');
INSERT INTO `t_img_detail` VALUES ('1662435942467125250', 'ins风格壁纸', 'https://cc-video-oss.oss-accelerate.aliyuncs.com/2023/05/27/c0fd2a0abbc74c1abfa14e0e082650971679666391-origin-IMG_1878.JPG', '1656858656227811330', '1594985167723864210', '1594985167723864062', '[\"https://cc-video-oss.oss-accelerate.aliyuncs.com/2023/05/27/c0fd2a0abbc74c1abfa14e0e082650971679666391-origin-IMG_1878.JPG\",\"https://cc-video-oss.oss-accelerate.aliyuncs.com/2023/05/27/13375ade5cdb4af98ee85353470cde2a1679666391-origin-IMG_1876.JPG\",\"https://cc-video-oss.oss-accelerate.aliyuncs.com/2023/05/27/c483cea1feba4808821db4a5717ec1f21679666391-origin-IMG_1877.JPG\",\"https://cc-video-oss.oss-accelerate.aliyuncs.com/2023/05/27/1a5a973d2115411593f1f244a1d82ce11679666391-origin-IMG_1875.JPG\",\"https://cc-video-oss.oss-accelerate.aliyuncs.com/2023/05/27/4bde9e05c9aa41eb92064d820dc43d591679666391-origin-IMG_1871.JPG\",\"https://cc-video-oss.oss-accelerate.aliyuncs.com/2023/05/27/79431343ddc14f6bafa64b89fe9636591679666391-origin-IMG_1872.JPG\",\"https://cc-video-oss.oss-accelerate.aliyuncs.com/2023/05/27/123ff4e7b6c04deea2eacbaed6bc749e1679666391-origin-IMG_1873.JPG\",\"https://cc-video-oss.oss-accelerate.aliyuncs.com/2023/05/27/8f3c6c3bff5e4d6cb32919383313d1ed1679666391-origin-IMG_1874.JPG\"]', '8', null, '1', '5', '0', '0', '0', '111111', '2023-05-27 20:29:50', null, '2023-05-27 20:29:50');
INSERT INTO `t_img_detail` VALUES ('1662436573772791810', '麻衣学姐', 'https://cc-video-oss.oss-accelerate.aliyuncs.com/2023/05/27/b551d5bb88584d3fbf2b6e9a0c10faa31679665855-origin-IMG_1775.PNG', '1656858656227811330', '1594985167723864218', '1594985167723864062', '[\"https://cc-video-oss.oss-accelerate.aliyuncs.com/2023/05/27/b551d5bb88584d3fbf2b6e9a0c10faa31679665855-origin-IMG_1775.PNG\",\"https://cc-video-oss.oss-accelerate.aliyuncs.com/2023/05/27/549f2ff292fe4d92845eb301128dc5151679665832-origin-IMG_1773.PNG\",\"https://cc-video-oss.oss-accelerate.aliyuncs.com/2023/05/27/0ae25bb9b6064ee4b3d58114e1c678211679665837-origin-IMG_1774.PNG\"]', '3', null, '1', '1', '0', '1', '0', '111111', '2023-05-27 20:32:20', null, '2023-05-27 20:32:20');
INSERT INTO `t_img_detail` VALUES ('1663208396538068994', '猫猫表情包', 'https://cc-video-oss.oss-accelerate.aliyuncs.com/2023/05/29/a1b25f7f2fc84548b9fbf1ca34acd19e1673764900-origin-IMG_1305.JPG', '1660834274611150849', '1594985167723864315', '1594985167723864063', '[\"https://cc-video-oss.oss-accelerate.aliyuncs.com/2023/05/29/a1b25f7f2fc84548b9fbf1ca34acd19e1673764900-origin-IMG_1305.JPG\",\"https://cc-video-oss.oss-accelerate.aliyuncs.com/2023/05/29/318a192aceb54e3abcfbc0ff7e12722d1673764921-origin-IMG_1308.JPG\",\"https://cc-video-oss.oss-accelerate.aliyuncs.com/2023/05/29/eb2fe9d57b9441ea96229b262034dbb81673764904-origin-IMG_1306.jpg\",\"https://cc-video-oss.oss-accelerate.aliyuncs.com/2023/05/29/5fc4eb3412f74520a2347f2243ffb1601673764915-origin-IMG_1307.JPG\"]', '4', null, '1', '3', '0', '0', '0', '111111', '2023-05-29 23:39:17', null, '2023-05-29 23:39:17');
INSERT INTO `t_img_detail` VALUES ('1663929501603176449', '可爱女生头像', 'https://cc-video-oss.oss-accelerate.aliyuncs.com/2023/05/31/963bec991d4a4242baaf5ca6ffb78bff20200803215916_fwfyd.jpg', '1601126546037874690', '1594985167723864112', '1594985167723864061', '[\"https://cc-video-oss.oss-accelerate.aliyuncs.com/2023/05/31/963bec991d4a4242baaf5ca6ffb78bff20200803215916_fwfyd.jpg\",\"https://cc-video-oss.oss-accelerate.aliyuncs.com/2023/05/31/b1203650b0aa4096901a71d348926f7f20200803215917_nqdek.jpg\",\"https://cc-video-oss.oss-accelerate.aliyuncs.com/2023/05/31/2d17f76b71b94b6387613c6fc9726c3620200803215917_pewqk.jpg\",\"https://cc-video-oss.oss-accelerate.aliyuncs.com/2023/05/31/1be38316271d409f8b6422a18298af6620200803215913_jsvwq.jpg\"]', '4', null, '1', '3', '0', '0', '1', '111111', '2023-05-31 23:24:42', null, '2023-05-31 23:24:42');
INSERT INTO `t_img_detail` VALUES ('1663929646403133441', '猫猫头像', 'https://cc-video-oss.oss-accelerate.aliyuncs.com/2023/05/31/52691a0f730b4ac9970a3ec829c709bd20200803215911_mfbcb.jpg', '1601126546037874690', '1594985167723864117', '1594985167723864061', '[\"https://cc-video-oss.oss-accelerate.aliyuncs.com/2023/05/31/52691a0f730b4ac9970a3ec829c709bd20200803215911_mfbcb.jpg\",\"https://cc-video-oss.oss-accelerate.aliyuncs.com/2023/05/31/6f18ea6bd63e49718d6b199301dc3ca220200803215905_rthxf.jpg\"]', '2', null, '1', '1', '0', '0', '0', '111111', '2023-05-31 23:25:17', null, '2023-05-31 23:25:17');
INSERT INTO `t_img_detail` VALUES ('1664190031567851522', '风景壁纸分享', 'https://cc-video-oss.oss-accelerate.aliyuncs.com/2023/06/01/514a1aa4eb304b65a75da5fab5d9d944P5Sybmy0hbDOGMQ.jpeg', '1601126546037874690', '1594985167723864510', '1594985167723864064', '[\"https://cc-video-oss.oss-accelerate.aliyuncs.com/2023/06/01/514a1aa4eb304b65a75da5fab5d9d944P5Sybmy0hbDOGMQ.jpeg\",\"https://cc-video-oss.oss-accelerate.aliyuncs.com/2023/06/01/c6e456973f7d4548b370c34d26a7a0509WSly5lJI8Aq6ve.jpeg\",\"https://cc-video-oss.oss-accelerate.aliyuncs.com/2023/06/01/950a226f9d874bc7b3b92f6e262d90e1bYS2LY2BULvV57b.jpeg\"]', '3', null, '1', '7', '0', '0', '0', '111111', '2023-06-01 16:39:57', null, '2023-06-01 16:39:57');
INSERT INTO `t_img_detail` VALUES ('1664195394883096577', '早餐', 'https://cc-video-oss.oss-accelerate.aliyuncs.com/2023/06/01/cfa7085c049a49bc9be171e6a576d2cc20220421123844_13b82.jpg', '1601126546037874690', '1664193640418328577', '1594985167723864069', '[\"https://cc-video-oss.oss-accelerate.aliyuncs.com/2023/06/01/cfa7085c049a49bc9be171e6a576d2cc20220421123844_13b82.jpg\"]', '1', null, '1', '1', '0', '0', '0', '111111', '2023-06-01 17:01:16', null, '2023-06-01 17:01:16');
INSERT INTO `t_img_detail` VALUES ('1664195518426320897', '早餐', 'https://cc-video-oss.oss-accelerate.aliyuncs.com/2023/06/01/384aabc86bc14d40b7f42660e15b4718duitang_1685610028782.png', '1601126546037874690', '1664193640418328577', '1594985167723864069', '[\"https://cc-video-oss.oss-accelerate.aliyuncs.com/2023/06/01/384aabc86bc14d40b7f42660e15b4718duitang_1685610028782.png\"]', '1', null, '1', '0', '0', '0', '0', '111111', '2023-06-01 17:01:46', null, '2023-06-01 17:01:46');
INSERT INTO `t_img_detail` VALUES ('1664195621526507522', '美食', 'https://cc-video-oss.oss-accelerate.aliyuncs.com/2023/06/01/9f19fd6044c94c2bad147104b0851a0120220103223920_01794.jpg', '1601126546037874690', '1664193783028858882', '1594985167723864069', '[\"https://cc-video-oss.oss-accelerate.aliyuncs.com/2023/06/01/9f19fd6044c94c2bad147104b0851a0120220103223920_01794.jpg\"]', '1', null, '1', '11', '2', '2', '3', '111111', '2023-06-01 17:02:10', null, '2023-06-01 17:02:10');
INSERT INTO `t_img_detail` VALUES ('1664196063639703554', '美食甜点', 'https://cc-video-oss.oss-accelerate.aliyuncs.com/2023/06/01/705b57f3472349cba3e0dc5031ff08b720230405130250_aeff3.jpg', '1601126546037874690', '1664193783028858882', '1594985167723864069', '[\"https://cc-video-oss.oss-accelerate.aliyuncs.com/2023/06/01/705b57f3472349cba3e0dc5031ff08b720230405130250_aeff3.jpg\",\"https://cc-video-oss.oss-accelerate.aliyuncs.com/2023/06/01/71d7a3725d764062ae8153b7184a0e1920230405130250_812a1 (1).jpg\",\"https://cc-video-oss.oss-accelerate.aliyuncs.com/2023/06/01/24061cb5c14b4cec9239bad155e03eee20230405130250_fb7f4.jpg\"]', '3', null, '1', '1', '0', '0', '0', '111111', '2023-06-01 17:03:56', null, '2023-06-01 17:03:56');
INSERT INTO `t_img_detail` VALUES ('1664196231369920513', '美食甜点', 'https://cc-video-oss.oss-accelerate.aliyuncs.com/2023/06/01/eaea7353c3854a84ae977e623e106d3420230405130250_4044f.jpg', '1601126546037874690', '1664193783028858882', '1594985167723864069', '[\"https://cc-video-oss.oss-accelerate.aliyuncs.com/2023/06/01/eaea7353c3854a84ae977e623e106d3420230405130250_4044f.jpg\",\"https://cc-video-oss.oss-accelerate.aliyuncs.com/2023/06/01/446233f6eb264c3d806e6d012d8a884520230405130250_e46e3.jpg\",\"https://cc-video-oss.oss-accelerate.aliyuncs.com/2023/06/01/e78ba1e2a28a4dcca87806db07964de420230405130250_1b0b0.jpg\"]', '3', null, '1', '1', '0', '0', '0', '111111', '2023-06-01 17:04:35', null, '2023-06-01 17:04:35');
INSERT INTO `t_img_detail` VALUES ('1664196400186462209', '美食分享，壁纸', 'https://cc-video-oss.oss-accelerate.aliyuncs.com/2023/06/01/b2c01f6434a34f09a7a3f13db8f34a0220230405130250_707c0.jpg', '1601126546037874690', '1664193783028858882', '1594985167723864069', '[\"https://cc-video-oss.oss-accelerate.aliyuncs.com/2023/06/01/b2c01f6434a34f09a7a3f13db8f34a0220230405130250_707c0.jpg\",\"https://cc-video-oss.oss-accelerate.aliyuncs.com/2023/06/01/73ab558f4da74cc0af53c340e95b552e20230405130250_7dc80.jpg\",\"https://cc-video-oss.oss-accelerate.aliyuncs.com/2023/06/01/f3ea5cc3004d46ed876e1a173215e0cd20230405130250_c1bd4.jpg\"]', '3', null, '1', '1', '0', '0', '0', '111111', '2023-06-01 17:05:16', null, '2023-06-01 17:05:16');
INSERT INTO `t_img_detail` VALUES ('1664479404892950529', '壁纸分享', 'https://cc-video-oss.oss-accelerate.aliyuncs.com/2023/06/02/725fe87276b54c3c8cb98c4dd87d4d2cV2S90BELimB7eWW.jpeg', '1599618448034959361', '1594985167723864212', '1594985167723864062', '[\"https://cc-video-oss.oss-accelerate.aliyuncs.com/2023/06/02/725fe87276b54c3c8cb98c4dd87d4d2cV2S90BELimB7eWW.jpeg\",\"https://cc-video-oss.oss-accelerate.aliyuncs.com/2023/06/02/dc77936212df4387a91510b1ccdb0dcbB8SqGApdUlOxvgE.jpeg\",\"https://cc-video-oss.oss-accelerate.aliyuncs.com/2023/06/02/ed9f995c07984d34b195b87965901830EWSMdeBWsV5zL9v.jpeg\",\"https://cc-video-oss.oss-accelerate.aliyuncs.com/2023/06/02/15e6d1c451d94e24a4c0a984f3af2c62oVS4b26ZugAGyX8.jpeg\"]', '4', null, '1', '1', '0', '1', '0', '111111', '2023-06-02 11:49:49', null, '2023-06-02 11:49:49');
INSERT INTO `t_img_detail` VALUES ('1664479669394149378', '聊天壁纸', 'https://cc-video-oss.oss-accelerate.aliyuncs.com/2023/06/02/5a746e50a9b348ebbce85ca2430223fcZOSeEbQlhmX1y7x.jpeg', '1599618448034959361', '1594985167723864513', '1594985167723864064', '[\"https://cc-video-oss.oss-accelerate.aliyuncs.com/2023/06/02/5a746e50a9b348ebbce85ca2430223fcZOSeEbQlhmX1y7x.jpeg\",\"https://cc-video-oss.oss-accelerate.aliyuncs.com/2023/06/02/78bd439b09b84cfb83c1bcf675e4cf53d3SyvZmYFqM5jA4.jpeg\",\"https://cc-video-oss.oss-accelerate.aliyuncs.com/2023/06/02/46c61bc64d034542950631ad6cad5dfblGS2YNeWCx049qL.jpeg\"]', '3', null, '1', '1', '0', '0', '0', '111111', '2023-06-02 11:50:52', null, '2023-06-02 11:50:52');
INSERT INTO `t_img_detail` VALUES ('1664479932054048769', '风景壁纸分享', 'https://cc-video-oss.oss-accelerate.aliyuncs.com/2023/06/02/d68aadf49b5d4fd498b7f1ba98fadd4720230213225537_62046.jpg', '1599618448034959361', '1594985167723864510', '1594985167723864064', '[\"https://cc-video-oss.oss-accelerate.aliyuncs.com/2023/06/02/d68aadf49b5d4fd498b7f1ba98fadd4720230213225537_62046.jpg\",\"https://cc-video-oss.oss-accelerate.aliyuncs.com/2023/06/02/a25d4264ae9f44c996e05c6a4f61eab320230213225537_1dfb5.jpg\",\"https://cc-video-oss.oss-accelerate.aliyuncs.com/2023/06/02/886f2ac966be4a6b90b574751020d85620230213225537_200c5.jpg\",\"https://cc-video-oss.oss-accelerate.aliyuncs.com/2023/06/02/bf8f720f49e94d4abb6ef2427f96258120230213225537_a5bd9.jpg\",\"https://cc-video-oss.oss-accelerate.aliyuncs.com/2023/06/02/68cee32dfbc7475daa148d9aef8f56cc20230213225537_4a1b3.jpg\",\"https://cc-video-oss.oss-accelerate.aliyuncs.com/2023/06/02/65a662b1eaa94688bbaae020b61a720b20230213225537_0501a.jpg\"]', '6', null, '1', '2', '0', '0', '0', '111111', '2023-06-02 11:51:55', null, '2023-06-02 11:51:55');
INSERT INTO `t_img_detail` VALUES ('1664480167824265217', '壁纸分享', 'https://cc-video-oss.oss-accelerate.aliyuncs.com/2023/06/02/98e47af390d6432790a5e458b8292a7220230213225537_0b1de.jpg', '1599618448034959361', '1594985167723864510', '1594985167723864064', '[\"https://cc-video-oss.oss-accelerate.aliyuncs.com/2023/06/02/98e47af390d6432790a5e458b8292a7220230213225537_0b1de.jpg\",\"https://cc-video-oss.oss-accelerate.aliyuncs.com/2023/06/02/403def79413a4d0d9a512675668dd19c20230213225537_1e13d.jpg\",\"https://cc-video-oss.oss-accelerate.aliyuncs.com/2023/06/02/30c4e48b320d400e91c0384e1150b6f320230213225537_ce590.jpg\"]', '3', null, '1', '2', '0', '0', '0', '111111', '2023-06-02 11:52:51', null, '2023-06-02 11:52:51');
INSERT INTO `t_img_detail` VALUES ('1664480319213473794', '可爱壁纸', 'https://cc-video-oss.oss-accelerate.aliyuncs.com/2023/06/02/a6792c24978d4d058b928d0ffd05935620221016211536_b37d4.jpg', '1599618448034959361', '1594985167723864217', '1594985167723864062', '[\"https://cc-video-oss.oss-accelerate.aliyuncs.com/2023/06/02/a6792c24978d4d058b928d0ffd05935620221016211536_b37d4.jpg\",\"https://cc-video-oss.oss-accelerate.aliyuncs.com/2023/06/02/a545cbf195f740569146f91f310a590d20221016211536_25fb9.jpg\",\"https://cc-video-oss.oss-accelerate.aliyuncs.com/2023/06/02/7246881c7c8945eb865de749ba219c6220221016211536_c14c5.jpeg\",\"https://cc-video-oss.oss-accelerate.aliyuncs.com/2023/06/02/7cf395075e9c4804b33773fd2a5b5a3620221016211536_70e9f.jpeg\",\"https://cc-video-oss.oss-accelerate.aliyuncs.com/2023/06/02/3bec3fcb3c754f40b24b70dfb220373820221016211536_a07d6.jpg\"]', '5', null, '1', '1', '0', '0', '0', '111111', '2023-06-02 11:53:27', null, '2023-06-02 11:53:27');
INSERT INTO `t_img_detail` VALUES ('1664480465858924546', '卡通壁纸', 'https://cc-video-oss.oss-accelerate.aliyuncs.com/2023/06/02/79bca9ce21104402b5c9b3211cd4126e20221016211536_476fb.jpg', '1599618448034959361', '1594985167723864510', '1594985167723864064', '[\"https://cc-video-oss.oss-accelerate.aliyuncs.com/2023/06/02/79bca9ce21104402b5c9b3211cd4126e20221016211536_476fb.jpg\",\"https://cc-video-oss.oss-accelerate.aliyuncs.com/2023/06/02/0838156ad8144e6ea54f56fc020a9bd420221016211536_fdc7f.jpeg\",\"https://cc-video-oss.oss-accelerate.aliyuncs.com/2023/06/02/e4e2568bfbe14269a97454a27e272ff320221016211536_2ff92.jpg\",\"https://cc-video-oss.oss-accelerate.aliyuncs.com/2023/06/02/9355c0a496ce41dfb6b1c14198955d0220221016211536_63854.jpeg\"]', '4', null, '1', '2', '0', '0', '0', '111111', '2023-06-02 11:54:02', null, '2023-06-02 11:54:02');
INSERT INTO `t_img_detail` VALUES ('1664481716457771010', '海边', 'https://cc-video-oss.oss-accelerate.aliyuncs.com/2023/06/02/bda4ebabf9844308b5ddd2315b08ac4f20210730171803_d6a98.jpeg', '1599618448034959361', '1594985167723864510', '1594985167723864064', '[\"https://cc-video-oss.oss-accelerate.aliyuncs.com/2023/06/02/bda4ebabf9844308b5ddd2315b08ac4f20210730171803_d6a98.jpeg\",\"https://cc-video-oss.oss-accelerate.aliyuncs.com/2023/06/02/6f022e2a7d82491986fc9f701a9137d820210730171802_8f70b.jpeg\",\"https://cc-video-oss.oss-accelerate.aliyuncs.com/2023/06/02/4fc8cfc9abb84c3ab49380f667f07ed920210730171800_d2b01.jpeg\"]', '3', null, '1', '1', '0', '0', '2', '111111', '2023-06-02 11:59:00', null, '2023-06-02 11:59:00');
INSERT INTO `t_img_detail` VALUES ('1664483383907520513', '壁纸分享', 'https://cc-video-oss.oss-accelerate.aliyuncs.com/2023/06/02/4fdaf87f05ba4962a513133f8cbfdbdb20220417150121_d08ce.jpeg', '1648549224075079682', '1594985167723864513', '1594985167723864064', '[\"https://cc-video-oss.oss-accelerate.aliyuncs.com/2023/06/02/4fdaf87f05ba4962a513133f8cbfdbdb20220417150121_d08ce.jpeg\",\"https://cc-video-oss.oss-accelerate.aliyuncs.com/2023/06/02/03cf0e4fd05240ffa20d16fa055eb90120220417150121_5161b.jpeg\",\"https://cc-video-oss.oss-accelerate.aliyuncs.com/2023/06/02/f5563def25a54d1da5c6f61c0956185920220417150121_baa41.jpeg\",\"https://cc-video-oss.oss-accelerate.aliyuncs.com/2023/06/02/52f30d68fcd644f8926be65213afbcdf20220417150121_15b9c.jpeg\",\"https://cc-video-oss.oss-accelerate.aliyuncs.com/2023/06/02/9f65c4f30e7741d39d1d748000c03a5920220417150121_89f2c.jpeg\"]', '5', null, '1', '1', '0', '0', '0', '111111', '2023-06-02 12:05:38', null, '2023-06-02 12:05:38');
INSERT INTO `t_img_detail` VALUES ('1664484090773573634', '可爱猫咪', 'https://cc-video-oss.oss-accelerate.aliyuncs.com/2023/06/02/31ab43914823411a9e5a3b2aa9e28bea20220913062042_2febc.jpeg', '1648549224075079682', '1662102277982056450', '1594985167723864067', '[\"https://cc-video-oss.oss-accelerate.aliyuncs.com/2023/06/02/31ab43914823411a9e5a3b2aa9e28bea20220913062042_2febc.jpeg\",\"https://cc-video-oss.oss-accelerate.aliyuncs.com/2023/06/02/3686a79a53e742b2a5bd15ee333345ec20220913062039_bedd6.jpeg\",\"https://cc-video-oss.oss-accelerate.aliyuncs.com/2023/06/02/3426ae83cecf468fbb24d8bea39967d720220913062035_f381c.jpeg\",\"https://cc-video-oss.oss-accelerate.aliyuncs.com/2023/06/02/50c6f4aeba6d4000b4d5d8e0633b293720220913062031_30484.jpeg\"]', '4', null, '1', '4', '0', '0', '0', '111111', '2023-06-02 12:08:27', null, '2023-06-02 12:08:27');
INSERT INTO `t_img_detail` VALUES ('1664484292704145409', '可爱猫咪', 'https://cc-video-oss.oss-accelerate.aliyuncs.com/2023/06/02/547e64e314e14761a47b1ce68c823d4020220913062019_4849d.jpeg', '1648549224075079682', '1662102277982056450', '1594985167723864067', '[\"https://cc-video-oss.oss-accelerate.aliyuncs.com/2023/06/02/547e64e314e14761a47b1ce68c823d4020220913062019_4849d.jpeg\",\"https://cc-video-oss.oss-accelerate.aliyuncs.com/2023/06/02/0562e282888548b9b569cfe90082215d20220913062020_a1429.jpeg\",\"https://cc-video-oss.oss-accelerate.aliyuncs.com/2023/06/02/63fce84a5785437492d35d84b4b2dd4220220913062021_8a884.jpeg\",\"https://cc-video-oss.oss-accelerate.aliyuncs.com/2023/06/02/a45ca6980fcf47c49a900a69af987a0d20220913062023_24af8.jpeg\",\"https://cc-video-oss.oss-accelerate.aliyuncs.com/2023/06/02/44faf2b2b4a64e3783a344947906cbb320220913062027_a74d5.jpeg\"]', '5', null, '1', '3', '0', '0', '0', '111111', '2023-06-02 12:09:15', null, '2023-06-02 12:09:15');
INSERT INTO `t_img_detail` VALUES ('1664486410093662209', '风景', 'https://cc-video-oss.oss-accelerate.aliyuncs.com/2023/06/02/2fc58d924b93489c91785bfc006e298220200811191906_vxnwv.jpeg', '1648549224075079682', '1594985167723864510', '1594985167723864064', '[\"https://cc-video-oss.oss-accelerate.aliyuncs.com/2023/06/02/2fc58d924b93489c91785bfc006e298220200811191906_vxnwv.jpeg\",\"https://cc-video-oss.oss-accelerate.aliyuncs.com/2023/06/02/1e2cb78c099c4215aa2978696942335a20200811191905_oeelq.jpeg\",\"https://cc-video-oss.oss-accelerate.aliyuncs.com/2023/06/02/aa67e577e32341ef98a2f494b9a1ba1c20200811191904_roctr.jpeg\"]', '3', null, '1', '1', '0', '0', '0', '111111', '2023-06-02 12:17:39', null, '2023-06-02 12:17:39');
INSERT INTO `t_img_detail` VALUES ('1664486601681080322', '风景', 'https://cc-video-oss.oss-accelerate.aliyuncs.com/2023/06/02/262ea796c21941138853e029d79f875c20200811191902_dwtmd.jpeg', '1648549224075079682', '1594985167723864510', '1594985167723864064', '[\"https://cc-video-oss.oss-accelerate.aliyuncs.com/2023/06/02/262ea796c21941138853e029d79f875c20200811191902_dwtmd.jpeg\",\"https://cc-video-oss.oss-accelerate.aliyuncs.com/2023/06/02/a93537a63c574f6f835f3d15854d95b820200811191903_uvuqh.jpeg\",\"https://cc-video-oss.oss-accelerate.aliyuncs.com/2023/06/02/4da9f4243ace49bca5943b62ad26ab9620200811191903_nmrvm.jpeg\",\"https://cc-video-oss.oss-accelerate.aliyuncs.com/2023/06/02/adde6521cdcc4ad090cc6e5d8b2348b520200811191902_ebnzh.jpeg\",\"https://cc-video-oss.oss-accelerate.aliyuncs.com/2023/06/02/bbc63247c4cd42b889d944cf883092ff20200811191902_lsprd.jpeg\",\"https://cc-video-oss.oss-accelerate.aliyuncs.com/2023/06/02/b7352f8269584c33818e54b167dd897220200811191901_sqruo.jpeg\"]', '6', null, '1', '1', '0', '0', '0', '111111', '2023-06-02 12:18:25', null, '2023-06-02 12:18:25');
INSERT INTO `t_img_detail` VALUES ('1664590902021656577', '壁纸', 'https://cc-video-oss.oss-accelerate.aliyuncs.com/2023/06/02/720e6701d86a4cdfb92f0ee1d883d34b20210801102006_1fdbf.jpeg', '1664534362367479810', '1594985167723864210', '1594985167723864062', '[\"https://cc-video-oss.oss-accelerate.aliyuncs.com/2023/06/02/720e6701d86a4cdfb92f0ee1d883d34b20210801102006_1fdbf.jpeg\",\"https://cc-video-oss.oss-accelerate.aliyuncs.com/2023/06/02/60546c6b2d2f4049a846df8323e548bf20210801102007_281bf.jpeg\",\"https://cc-video-oss.oss-accelerate.aliyuncs.com/2023/06/02/e981c2b2c0c449f195fd4a807853481b20210801102009_41663.jpeg\"]', '3', null, '1', '0', '0', '0', '0', '111111', '2023-06-02 19:12:52', null, '2023-06-02 19:12:52');
INSERT INTO `t_img_detail` VALUES ('1664591317287112705', '背景图壁纸', 'https://cc-video-oss.oss-accelerate.aliyuncs.com/2023/06/02/09833c7afb7a487f86fa4bcbf5d9ada120210801102003_e50d7.jpeg', '1664534362367479810', '1594985167723864210', '1594985167723864062', '[\"https://cc-video-oss.oss-accelerate.aliyuncs.com/2023/06/02/09833c7afb7a487f86fa4bcbf5d9ada120210801102003_e50d7.jpeg\",\"https://cc-video-oss.oss-accelerate.aliyuncs.com/2023/06/02/569affb708a54ff19897a3c1b34ef2ef20210801102004_f4f02.jpeg\",\"https://cc-video-oss.oss-accelerate.aliyuncs.com/2023/06/02/d59a90bdac5e49019a28e8703f5ffe7120210801102005_4e7fe.jpeg\"]', '3', null, '1', '0', '0', '0', '0', '111111', '2023-06-02 19:14:31', null, '2023-06-02 19:14:31');
INSERT INTO `t_img_detail` VALUES ('1664591464175833089', '壁纸', 'https://cc-video-oss.oss-accelerate.aliyuncs.com/2023/06/02/9394d90dda3a409991c2a36555a578ef20210801102002_4240a.jpeg', '1664534362367479810', '1594985167723864210', '1594985167723864062', '[\"https://cc-video-oss.oss-accelerate.aliyuncs.com/2023/06/02/9394d90dda3a409991c2a36555a578ef20210801102002_4240a.jpeg\",\"https://cc-video-oss.oss-accelerate.aliyuncs.com/2023/06/02/096070da38934670932a01925261681a20210801102001_f720a.jpeg\",\"https://cc-video-oss.oss-accelerate.aliyuncs.com/2023/06/02/ec6ebb5aa09a4b3fbe47cae6d49e4b1920210801102001_272b4.jpeg\"]', '3', null, '1', '1', '0', '1', '0', '111111', '2023-06-02 19:15:06', null, '2023-06-02 19:15:06');
INSERT INTO `t_img_detail` VALUES ('1664592375002501122', '分享', 'https://cc-video-oss.oss-accelerate.aliyuncs.com/2023/06/02/984e71222cfb42b18725abef41ea0b3e20210801102001_f720a.jpeg', '1664534362367479810', '1594985167723864513', '1594985167723864064', '[\"https://cc-video-oss.oss-accelerate.aliyuncs.com/2023/06/02/984e71222cfb42b18725abef41ea0b3e20210801102001_f720a.jpeg\",\"https://cc-video-oss.oss-accelerate.aliyuncs.com/2023/06/02/382e55f201644d07ac6190bda7d1bdb120210801102001_272b4.jpeg\",\"https://cc-video-oss.oss-accelerate.aliyuncs.com/2023/06/02/359f2bd3d2624e49a18d8d8abf53b51f20200725103958_XBA4a.jpeg\"]', '3', null, '1', '3', '0', '1', '0', '111111', '2023-06-02 19:18:43', null, '2023-06-02 19:18:43');
INSERT INTO `t_img_detail` VALUES ('1664592604003110914', '分享背景图', 'https://cc-video-oss.oss-accelerate.aliyuncs.com/2023/06/02/a7d82a21e4264468a6695e54059bb29e20200725103956_Xhtnr.jpeg', '1664534362367479810', '1594985167723864513', '1594985167723864064', '[\"https://cc-video-oss.oss-accelerate.aliyuncs.com/2023/06/02/a7d82a21e4264468a6695e54059bb29e20200725103956_Xhtnr.jpeg\",\"https://cc-video-oss.oss-accelerate.aliyuncs.com/2023/06/02/06becb0c1d544b56a95821b94a09f76020200725103957_HwXYS.jpeg\",\"https://cc-video-oss.oss-accelerate.aliyuncs.com/2023/06/02/e6e227e4533346a0af1e8d41151d681320200725103957_LWnF4.jpeg\",\"https://cc-video-oss.oss-accelerate.aliyuncs.com/2023/06/02/0b5809cfa556470ebf0128d32f1bc44320200725103956_zMi5m.jpeg\",\"https://cc-video-oss.oss-accelerate.aliyuncs.com/2023/06/02/e499b0b3bffb477981f4c86c2525cc4420200725103955_uusJM.jpeg\",\"https://cc-video-oss.oss-accelerate.aliyuncs.com/2023/06/02/c6a167251a194484ac7b25c5e3ae366720200725103959_K8EJa.jpeg\"]', '6', null, '1', '1', '0', '0', '0', '111111', '2023-06-02 19:19:38', null, '2023-06-02 19:19:38');
INSERT INTO `t_img_detail` VALUES ('1664895382642577409', '风景壁纸', 'https://cc-video-oss.oss-accelerate.aliyuncs.com/2023/06/03/b5fba495f1d14bb59a91d9e8d37bb63120201006004040_646d9.jpeg', '1601126546037874692', '1594985167723864510', '1594985167723864064', '[\"https://cc-video-oss.oss-accelerate.aliyuncs.com/2023/06/03/b5fba495f1d14bb59a91d9e8d37bb63120201006004040_646d9.jpeg\",\"https://cc-video-oss.oss-accelerate.aliyuncs.com/2023/06/03/e4b344be07db4aa58ddb09fd0a2770c420201006004041_be399.jpeg\",\"https://cc-video-oss.oss-accelerate.aliyuncs.com/2023/06/03/6415809e1df24cd0bd7e1ea95eaeeb1820201006004043_29adc.jpeg\"]', '3', null, '1', '1', '0', '0', '0', '111111', '2023-06-03 15:22:46', null, '2023-06-03 15:22:46');
INSERT INTO `t_img_detail` VALUES ('1664895531263545345', '分享风景壁纸', 'https://cc-video-oss.oss-accelerate.aliyuncs.com/2023/06/03/bf8a825195594cb5ae5e89eb0386aed020201006004035_0639d.jpeg', '1601126546037874692', '1594985167723864510', '1594985167723864064', '[\"https://cc-video-oss.oss-accelerate.aliyuncs.com/2023/06/03/bf8a825195594cb5ae5e89eb0386aed020201006004035_0639d.jpeg\",\"https://cc-video-oss.oss-accelerate.aliyuncs.com/2023/06/03/90852c6d1f7948d9b66e8042fa56b69420201006004026_e096b.jpeg\",\"https://cc-video-oss.oss-accelerate.aliyuncs.com/2023/06/03/248075435e604f95a47bd1c317682b5f20201006004032_8a190.jpeg\",\"https://cc-video-oss.oss-accelerate.aliyuncs.com/2023/06/03/9e2b02e10d494912985a9befea945df520201006004036_9435a.jpeg\",\"https://cc-video-oss.oss-accelerate.aliyuncs.com/2023/06/03/ad9e09fd9370442bb97efab22130af6220201006004034_7c38c.jpeg\",\"https://cc-video-oss.oss-accelerate.aliyuncs.com/2023/06/03/f445a128c66547c0a4c5e7bf2b8e9d0020201006004038_30942.jpeg\"]', '6', null, '1', '3', '0', '1', '0', '111111', '2023-06-03 15:23:22', null, '2023-06-03 15:23:22');
INSERT INTO `t_img_detail` VALUES ('1664956653391933441', '背景图分享', 'https://cc-video-oss.oss-accelerate.aliyuncs.com/2023/06/03/753550e7016842ecbaebc337f615380d1685791486-origin-IMG_2447.PNG', '1660834274611150849', '1594985167723864513', '1594985167723864064', '[\"https://cc-video-oss.oss-accelerate.aliyuncs.com/2023/06/03/753550e7016842ecbaebc337f615380d1685791486-origin-IMG_2447.PNG\",\"https://cc-video-oss.oss-accelerate.aliyuncs.com/2023/06/03/111f40566a5d408dbc348f85b435b51d1685791486-origin-IMG_2448.PNG\",\"https://cc-video-oss.oss-accelerate.aliyuncs.com/2023/06/03/47284d4013bd48a69ca509aab214a0691685791487-origin-IMG_2450.PNG\",\"https://cc-video-oss.oss-accelerate.aliyuncs.com/2023/06/03/d1cce08222f04b26b00eb92f49ab5a2c1685791487-origin-IMG_2449.PNG\"]', '4', null, '1', '1', '0', '0', '0', '111111', '2023-06-03 19:26:14', null, '2023-06-03 19:26:14');
INSERT INTO `t_img_detail` VALUES ('1664957221569130497', '蜡笔小新', 'https://cc-video-oss.oss-accelerate.aliyuncs.com/2023/06/03/6e97ecfdf9534802a238a62398c973221685791651-origin-IMG_2451.PNG', '1660834274611150849', '1594985167723864218', '1594985167723864062', '[\"https://cc-video-oss.oss-accelerate.aliyuncs.com/2023/06/03/6e97ecfdf9534802a238a62398c973221685791651-origin-IMG_2451.PNG\",\"https://cc-video-oss.oss-accelerate.aliyuncs.com/2023/06/03/125dc8501eca4b328a3fd26accdcc6e01685791651-origin-IMG_2452.PNG\",\"https://cc-video-oss.oss-accelerate.aliyuncs.com/2023/06/03/55b8bc2f118c4a3ca49401b4a414c9ac1685791651-origin-IMG_2453.PNG\"]', '3', null, '1', '2', '0', '1', '0', '111111', '2023-06-03 19:28:30', null, '2023-06-03 19:28:30');
INSERT INTO `t_img_detail` VALUES ('1664957821283299330', '蜡笔小新壁纸', 'https://cc-video-oss.oss-accelerate.aliyuncs.com/2023/06/03/680b3f76b4bc41cf8be77d7e0f2680161685791651-origin-IMG_2454.PNG', '1660834274611150849', '1594985167723864415', '1594985167723864066', '[\"https://cc-video-oss.oss-accelerate.aliyuncs.com/2023/06/03/680b3f76b4bc41cf8be77d7e0f2680161685791651-origin-IMG_2454.PNG\",\"https://cc-video-oss.oss-accelerate.aliyuncs.com/2023/06/03/2c8d93f2fd2244999a27c22dc2e72adf1685791652-origin-IMG_2455.PNG\",\"https://cc-video-oss.oss-accelerate.aliyuncs.com/2023/06/03/cf4811f0da0f4c72a3414961e293c8321685791652-origin-IMG_2456.PNG\",\"https://cc-video-oss.oss-accelerate.aliyuncs.com/2023/06/03/ab1ed8186f4c4b49bdcc1f5247321ad91685791652-origin-IMG_2457.PNG\"]', '4', null, '1', '3', '0', '0', '0', '111111', '2023-06-03 19:30:53', null, '2023-06-03 19:30:53');
INSERT INTO `t_img_detail` VALUES ('1664958677680484353', '分享', 'https://cc-video-oss.oss-accelerate.aliyuncs.com/2023/06/03/d7464fe6fb7a44b9b8757b81ad171a181685791935-origin-IMG_2458.PNG', '1660834274611150849', '1594985167723864218', '1594985167723864062', '[\"https://cc-video-oss.oss-accelerate.aliyuncs.com/2023/06/03/d7464fe6fb7a44b9b8757b81ad171a181685791935-origin-IMG_2458.PNG\",\"https://cc-video-oss.oss-accelerate.aliyuncs.com/2023/06/03/7c7a9057a70c4fa8bea7f65857aae1191685791936-origin-IMG_2459.PNG\",\"https://cc-video-oss.oss-accelerate.aliyuncs.com/2023/06/03/2f3a6251edef42fc8bb068cce1dd51741685791936-origin-IMG_2460.PNG\",\"https://cc-video-oss.oss-accelerate.aliyuncs.com/2023/06/03/58a5541698804161adaffa74c0ddc40c1685791936-origin-IMG_2461.PNG\",\"https://cc-video-oss.oss-accelerate.aliyuncs.com/2023/06/03/f49ce6b40cfb45f3b0cdd1c7ab6aafe51685791936-origin-IMG_2462.PNG\",\"https://cc-video-oss.oss-accelerate.aliyuncs.com/2023/06/03/717e91e0a47b4070b5fd8a72056dd2831685791936-origin-IMG_2463.PNG\"]', '6', null, '1', '2', '0', '0', '0', '111111', '2023-06-03 19:34:17', null, '2023-06-03 19:34:17');
INSERT INTO `t_img_detail` VALUES ('1664991980622016513', '朋友圈背景图', 'https://cc-video-oss.oss-accelerate.aliyuncs.com/2023/06/03/52c30651589049cf8d62317439c40cc01685799924-origin-IMG_2464.PNG', '1660834274611150849', '1594985167723864210', '1594985167723864062', '[\"https://cc-video-oss.oss-accelerate.aliyuncs.com/2023/06/03/52c30651589049cf8d62317439c40cc01685799924-origin-IMG_2464.PNG\",\"https://cc-video-oss.oss-accelerate.aliyuncs.com/2023/06/03/613e41088a864fa58d45d5203f869d5a1685799924-origin-IMG_2465.PNG\",\"https://cc-video-oss.oss-accelerate.aliyuncs.com/2023/06/03/b1a49442358d4dc5a6713901e3c6678e1685799924-origin-IMG_2466.PNG\",\"https://cc-video-oss.oss-accelerate.aliyuncs.com/2023/06/03/c033172e1b33414d827b2997bbf75bc01685799924-origin-IMG_2467.PNG\"]', '4', null, '1', '8', '1', '0', '0', '111111', '2023-06-03 21:46:37', null, '2023-06-03 21:46:37');
INSERT INTO `t_img_detail` VALUES ('1664992241977487361', '朋友圈+背景图片', 'https://cc-video-oss.oss-accelerate.aliyuncs.com/2023/06/03/b64e2b51b84b4b36b34700fe01806b4f1685799925-origin-IMG_2469.PNG', '1660834274611150849', '1594985167723864210', '1594985167723864062', '[\"https://cc-video-oss.oss-accelerate.aliyuncs.com/2023/06/03/b64e2b51b84b4b36b34700fe01806b4f1685799925-origin-IMG_2469.PNG\",\"https://cc-video-oss.oss-accelerate.aliyuncs.com/2023/06/03/6911f2401ccb4b8a85f3ab169d2425411685799925-origin-IMG_2470.PNG\",\"https://cc-video-oss.oss-accelerate.aliyuncs.com/2023/06/03/a8fed37cb4e54157868b260c057b6ec81685799925-origin-IMG_2471.PNG\",\"https://cc-video-oss.oss-accelerate.aliyuncs.com/2023/06/03/349adacdb24a43818b09a06dbcc4f8fa1685799925-origin-IMG_2472.PNG\"]', '4', null, '1', '2', '0', '0', '0', '111111', '2023-06-03 21:47:39', null, '2023-06-03 21:47:39');
INSERT INTO `t_img_detail` VALUES ('1665004256980709378', '饮品', 'https://cc-video-oss.oss-accelerate.aliyuncs.com/2023/06/03/eb8ef5b2496a437fb8d76e0d2e24e172xDS1pEelc2GwVbZ.jpeg', '1665003680654012418', '1664194071253041154', '1594985167723864069', '[\"https://cc-video-oss.oss-accelerate.aliyuncs.com/2023/06/03/eb8ef5b2496a437fb8d76e0d2e24e172xDS1pEelc2GwVbZ.jpeg\",\"https://cc-video-oss.oss-accelerate.aliyuncs.com/2023/06/03/6377ed5874664d51a17dc93cc734b01fEWSwAJ85fV5B3LW.jpeg\",\"https://cc-video-oss.oss-accelerate.aliyuncs.com/2023/06/03/509863b0c381420baa3aab1e5662ddb2oVSeLEn5SgAbQyz.jpeg\"]', '3', null, '1', '0', '0', '0', '0', '111111', '2023-06-03 22:35:24', null, '2023-06-03 22:35:24');
INSERT INTO `t_img_detail` VALUES ('1665004375977308161', '背景图壁纸', 'https://cc-video-oss.oss-accelerate.aliyuncs.com/2023/06/03/c19eab7d6ea540db821f39c74d0ad13eWXSm26DYcQlO1ne.jpeg', '1665003680654012418', '1594985167723864210', '1594985167723864062', '[\"https://cc-video-oss.oss-accelerate.aliyuncs.com/2023/06/03/c19eab7d6ea540db821f39c74d0ad13eWXSm26DYcQlO1ne.jpeg\",\"https://cc-video-oss.oss-accelerate.aliyuncs.com/2023/06/03/2f86387d473d4cb2880865df1005bf8alGSx6Ed3hx08L99.jpeg\"]', '2', null, '1', '1', '0', '0', '0', '111111', '2023-06-03 22:35:52', null, '2023-06-03 22:35:52');
INSERT INTO `t_img_detail` VALUES ('1665019315651928065', '美食', 'https://cc-video-oss.oss-accelerate.aliyuncs.com/2023/06/03/32d0c94b48ee4e29b60cebd1ae95c0bb20230502121146_7e4f6.jpg', '1665003680654012418', '1664194071253041154', '1594985167723864069', '[\"https://cc-video-oss.oss-accelerate.aliyuncs.com/2023/06/03/32d0c94b48ee4e29b60cebd1ae95c0bb20230502121146_7e4f6.jpg\",\"https://cc-video-oss.oss-accelerate.aliyuncs.com/2023/06/03/43d7d7a2383c4fbf967dab30db0acb8820230502121146_dc830.jpg\",\"https://cc-video-oss.oss-accelerate.aliyuncs.com/2023/06/03/db9a3e0f431242b5952a088601072e7720230502121146_42e2c.jpg\",\"https://cc-video-oss.oss-accelerate.aliyuncs.com/2023/06/03/91b0916b177844b787c640246de065e820230502121146_2cb70.jpg\",\"https://cc-video-oss.oss-accelerate.aliyuncs.com/2023/06/03/b930a39e95e64b3ea3af7008ed0c26de20230502121146_89e95.jpg\",\"https://cc-video-oss.oss-accelerate.aliyuncs.com/2023/06/03/3fd49144299f44de8bf7bbd9868eb5df20230502121146_25bec.jpg\"]', '6', null, '1', '1', '0', '0', '1', '111111', '2023-06-03 23:35:14', null, '2023-06-03 23:35:14');
INSERT INTO `t_img_detail` VALUES ('1665019856339656706', '壁纸分享', 'https://cc-video-oss.oss-accelerate.aliyuncs.com/2023/06/03/6518a9f6e89447408024a2409c57511920230401145131_866e0.jpeg', '1665003680654012418', '1664194184214036482', '1594985167723864110', '[\"https://cc-video-oss.oss-accelerate.aliyuncs.com/2023/06/03/6518a9f6e89447408024a2409c57511920230401145131_866e0.jpeg\",\"https://cc-video-oss.oss-accelerate.aliyuncs.com/2023/06/03/af26410451d24af89a54a9f8e1e5746520230401145133_a9e2e.jpeg\",\"https://cc-video-oss.oss-accelerate.aliyuncs.com/2023/06/03/11fb76354e904d329964fa630e28bce920230401145134_598c0.jpeg\"]', '3', null, '1', '5', '0', '1', '0', '111111', '2023-06-03 23:37:23', null, '2023-06-03 23:37:23');
INSERT INTO `t_img_detail` VALUES ('1665020508352602113', '插画', 'https://cc-video-oss.oss-accelerate.aliyuncs.com/2023/06/03/3c963d2decf743f6bf8945dc873797d620221008135504_49d17.jpeg', '1665003680654012418', '1664191622660308994', '1594985167723864068', '[\"https://cc-video-oss.oss-accelerate.aliyuncs.com/2023/06/03/3c963d2decf743f6bf8945dc873797d620221008135504_49d17.jpeg\",\"https://cc-video-oss.oss-accelerate.aliyuncs.com/2023/06/03/eeebe2f520ca4ee781f7822fee0e15bd20221008135504_deff6.jpeg\",\"https://cc-video-oss.oss-accelerate.aliyuncs.com/2023/06/03/a65d3a6c9a634692909bc2747705ca3920221008135504_acb64.jpeg\",\"https://cc-video-oss.oss-accelerate.aliyuncs.com/2023/06/03/e75fc110d80c4645a6e03c39fa3120b620221008135504_03bb2.jpeg\",\"https://cc-video-oss.oss-accelerate.aliyuncs.com/2023/06/03/3af8e56ba9e943dbadc89f55291f219720221008135504_a220e.jpeg\"]', '5', null, '1', '0', '0', '0', '0', '111111', '2023-06-03 23:39:58', null, '2023-06-03 23:39:58');
INSERT INTO `t_img_detail` VALUES ('1665020718822776834', '插画分享', 'https://cc-video-oss.oss-accelerate.aliyuncs.com/2023/06/03/4cfcd46acda04c14a8527fbfc7c4f9f020221008135504_f995e.jpeg', '1665003680654012418', '1664191622660308994', '1594985167723864068', '[\"https://cc-video-oss.oss-accelerate.aliyuncs.com/2023/06/03/4cfcd46acda04c14a8527fbfc7c4f9f020221008135504_f995e.jpeg\",\"https://cc-video-oss.oss-accelerate.aliyuncs.com/2023/06/03/62c24666d8a5442d958637bab928213620221008135504_02f7a.jpeg\",\"https://cc-video-oss.oss-accelerate.aliyuncs.com/2023/06/03/46fe070abd254f72b0875a18f8f55fdc20221003114645_dff92.jpeg\",\"https://cc-video-oss.oss-accelerate.aliyuncs.com/2023/06/03/134038b59add4d388e20e18ea54a322020221008135504_0505d.jpeg\",\"https://cc-video-oss.oss-accelerate.aliyuncs.com/2023/06/03/89fab74b20cd47fbb0319d35d50efb3320221008135504_cd0b2.jpeg\"]', '5', null, '1', '1', '0', '0', '0', '111111', '2023-06-03 23:40:49', null, '2023-06-03 23:40:49');
INSERT INTO `t_img_detail` VALUES ('1665020919763492866', '画画', 'https://cc-video-oss.oss-accelerate.aliyuncs.com/2023/06/03/2e4e2a695e1f4b7784f6bfd2107af69120221003114645_fea4a.jpeg', '1665003680654012418', '1664191622660308994', '1594985167723864068', '[\"https://cc-video-oss.oss-accelerate.aliyuncs.com/2023/06/03/2e4e2a695e1f4b7784f6bfd2107af69120221003114645_fea4a.jpeg\",\"https://cc-video-oss.oss-accelerate.aliyuncs.com/2023/06/03/1270a87fb3a242448ebf47b45ee653c820221003114645_4d09c.jpeg\",\"https://cc-video-oss.oss-accelerate.aliyuncs.com/2023/06/03/efaa93ef39164c548de9560143eae3aa20221003114645_7c71d.jpeg\"]', '3', null, '1', '1', '0', '0', '0', '111111', '2023-06-03 23:41:37', null, '2023-06-03 23:41:37');
INSERT INTO `t_img_detail` VALUES ('1665021442055004162', '水彩', 'https://cc-video-oss.oss-accelerate.aliyuncs.com/2023/06/03/c6273483072d441dad663f8c58a7195820221005213040_62e98.jpg', '1665003680654012418', '1664193424906600450', '1594985167723864068', '[\"https://cc-video-oss.oss-accelerate.aliyuncs.com/2023/06/03/c6273483072d441dad663f8c58a7195820221005213040_62e98.jpg\",\"https://cc-video-oss.oss-accelerate.aliyuncs.com/2023/06/03/eb9abcb6e3574e278767cab8046a38be20221005213040_6e40f.jpg\",\"https://cc-video-oss.oss-accelerate.aliyuncs.com/2023/06/03/d058d6d8b5de4e8e885baef82e616da520221005213040_3b458.jpg\",\"https://cc-video-oss.oss-accelerate.aliyuncs.com/2023/06/03/445dfa36e54c421e9aaeddd4da7f368b20221005213040_11edf.jpg\",\"https://cc-video-oss.oss-accelerate.aliyuncs.com/2023/06/03/a8b26c7b374c48eb8c904aa1bb57f91b20221005213040_bcad0.jpg\",\"https://cc-video-oss.oss-accelerate.aliyuncs.com/2023/06/03/e2fdd7fab8b54c1eb9fc54d7e611036420221005213040_047c2.jpg\"]', '6', null, '1', '1', '0', '0', '0', '111111', '2023-06-03 23:43:41', null, '2023-06-03 23:43:41');
INSERT INTO `t_img_detail` VALUES ('1665021822193164290', '水彩画', 'https://cc-video-oss.oss-accelerate.aliyuncs.com/2023/06/03/3aab748ef523449a8edc631ef86685a220221005213040_56604.jpg', '1665003680654012418', '1664193424906600450', '1594985167723864068', '[\"https://cc-video-oss.oss-accelerate.aliyuncs.com/2023/06/03/3aab748ef523449a8edc631ef86685a220221005213040_56604.jpg\",\"https://cc-video-oss.oss-accelerate.aliyuncs.com/2023/06/03/8a2f24919e2d49ec9b9bfd11a95afe8020221003215833_949e8.jpg\",\"https://cc-video-oss.oss-accelerate.aliyuncs.com/2023/06/03/e4ae71f28d79406c8fa476d18bb9d1ad20221003215833_ce006.jpg\",\"https://cc-video-oss.oss-accelerate.aliyuncs.com/2023/06/03/fa2fb700028f4a5e8f8ed64af5c74b9c20221003215833_fb28a.jpg\",\"https://cc-video-oss.oss-accelerate.aliyuncs.com/2023/06/03/ea10d182ff89440da5adb53fae53357120221003215833_6b579.jpg\"]', '5', null, '1', '2', '0', '0', '0', '111111', '2023-06-03 23:45:12', null, '2023-06-03 23:45:12');
INSERT INTO `t_img_detail` VALUES ('1665021978087055361', '水彩画', 'https://cc-video-oss.oss-accelerate.aliyuncs.com/2023/06/03/af4b04a86549448b92927ae6b04812df20221003215833_7f9ac.jpg', '1665003680654012418', '1664193424906600450', '1594985167723864068', '[\"https://cc-video-oss.oss-accelerate.aliyuncs.com/2023/06/03/af4b04a86549448b92927ae6b04812df20221003215833_7f9ac.jpg\",\"https://cc-video-oss.oss-accelerate.aliyuncs.com/2023/06/03/7573d7526d344a9bb8a0c3e297d3136120221003215833_c0017.jpg\",\"https://cc-video-oss.oss-accelerate.aliyuncs.com/2023/06/03/33b6d3bdd9874d388e712c72b09c98b320221003215833_3fbeb.jpg\"]', '3', null, '1', '4', '0', '0', '0', '111111', '2023-06-03 23:45:49', null, '2023-06-03 23:45:49');
INSERT INTO `t_img_detail` VALUES ('1665022205380583425', '油画', 'https://cc-video-oss.oss-accelerate.aliyuncs.com/2023/06/03/8d0592afad7148ab9bd3cb9391edcfbf20221008170033_2a8de.jpeg', '1665003680654012418', '1664193537385250817', '1594985167723864068', '[\"https://cc-video-oss.oss-accelerate.aliyuncs.com/2023/06/03/8d0592afad7148ab9bd3cb9391edcfbf20221008170033_2a8de.jpeg\",\"https://cc-video-oss.oss-accelerate.aliyuncs.com/2023/06/03/1be83ff0964d4ed1b2a428127d88584720221008170033_b2e39.jpeg\",\"https://cc-video-oss.oss-accelerate.aliyuncs.com/2023/06/03/fb615a68e5de48779ed2fc95641c862720221008170033_09a3a.jpeg\",\"https://cc-video-oss.oss-accelerate.aliyuncs.com/2023/06/03/ce3cff0fb7da4ec7a2b93a0c38929b0220221008170033_bc824.jpeg\",\"https://cc-video-oss.oss-accelerate.aliyuncs.com/2023/06/03/f6e4a849ef124a6899639339bec4939520221008170033_54756.jpeg\"]', '5', null, '1', '7', '0', '1', '0', '111111', '2023-06-03 23:46:43', null, '2023-06-03 23:46:43');
INSERT INTO `t_img_detail` VALUES ('1665022365934346242', '油画', 'https://cc-video-oss.oss-accelerate.aliyuncs.com/2023/06/03/fde9e9f1156c414bbf23a0df69dcbd1a20221008170033_99930.jpeg', '1665003680654012418', '1664193537385250817', '1594985167723864068', '[\"https://cc-video-oss.oss-accelerate.aliyuncs.com/2023/06/03/fde9e9f1156c414bbf23a0df69dcbd1a20221008170033_99930.jpeg\",\"https://cc-video-oss.oss-accelerate.aliyuncs.com/2023/06/03/7e017f5313424150a3c7a290b18cd0c320221008170033_2cfac.jpeg\",\"https://cc-video-oss.oss-accelerate.aliyuncs.com/2023/06/03/ef11ea0bbdb748b88aabdffcff9f04f320221008170033_dd96c.jpeg\",\"https://cc-video-oss.oss-accelerate.aliyuncs.com/2023/06/03/2f3da80648594b64b84a602e5ebfcf3220221008170033_b4677.jpeg\"]', '4', null, '1', '1', '0', '0', '0', '111111', '2023-06-03 23:47:21', null, '2023-06-03 23:47:21');
INSERT INTO `t_img_detail` VALUES ('1665200706817699842', '手机背景', 'https://cc-video-oss.oss-accelerate.aliyuncs.com/2023/06/04/5962bfb62f00404f997509d20edaf18820200419022946_eqrqs.jpg', '1665003680654012418', '1594985167723864510', '1594985167723864064', '[\"https://cc-video-oss.oss-accelerate.aliyuncs.com/2023/06/04/5962bfb62f00404f997509d20edaf18820200419022946_eqrqs.jpg\",\"https://cc-video-oss.oss-accelerate.aliyuncs.com/2023/06/04/3671a0f92a5840f7bf55fd4ecfd6c9ee20200419022946_rnrqi.jpg\",\"https://cc-video-oss.oss-accelerate.aliyuncs.com/2023/06/04/7a4d98d4cb124e5a89ec94b7860d5f1920200419022945_nxudm.jpg\",\"https://cc-video-oss.oss-accelerate.aliyuncs.com/2023/06/04/bd39ea162823494e9b23bb9f8b4955ed20200419022945_uggli.jpg\"]', '4', null, '1', '4', '0', '1', '0', '111111', '2023-06-04 11:36:01', null, '2023-06-04 11:36:01');
INSERT INTO `t_img_detail` VALUES ('1665201107319205889', '油画壁纸', 'https://cc-video-oss.oss-accelerate.aliyuncs.com/2023/06/04/1883c2934d0c481a9e4f4cd940b2d0041685849799-origin-IMG_2474.PNG', '1601126546037874692', '1664193537385250817', '1594985167723864068', '[\"https://cc-video-oss.oss-accelerate.aliyuncs.com/2023/06/04/1883c2934d0c481a9e4f4cd940b2d0041685849799-origin-IMG_2474.PNG\",\"https://cc-video-oss.oss-accelerate.aliyuncs.com/2023/06/04/1f433688f94c437a9a150310ac31c2d81685849799-origin-IMG_2475.PNG\",\"https://cc-video-oss.oss-accelerate.aliyuncs.com/2023/06/04/9da1bf66f0db4ec28fa965e8b113888a1685849799-origin-IMG_2476.PNG\",\"https://cc-video-oss.oss-accelerate.aliyuncs.com/2023/06/04/f651ac2bc9d34692b1d430dc31a892ff1685849799-origin-IMG_2477.PNG\",\"https://cc-video-oss.oss-accelerate.aliyuncs.com/2023/06/04/49d7ad2592524852ae6bcf0c417dacf91685849799-origin-IMG_2478.PNG\",\"https://cc-video-oss.oss-accelerate.aliyuncs.com/2023/06/04/6a2c8ceedf464a0ab91715a6d833d9211685849799-origin-IMG_2479.PNG\",\"https://cc-video-oss.oss-accelerate.aliyuncs.com/2023/06/04/b2270d0713a641a08f4e95e83225655e1685849800-origin-IMG_2480.PNG\"]', '7', null, '1', '3', '0', '2', '0', '111111', '2023-06-04 11:37:37', null, '2023-06-04 11:37:37');
INSERT INTO `t_img_detail` VALUES ('1665206744631554050', '油画壁纸', 'https://cc-video-oss.oss-accelerate.aliyuncs.com/2023/06/04/9c256b41b31440ce84537a5facc2221f1685849800-origin-IMG_2482.PNG', '1660834274611150849', '1664193537385250817', '1594985167723864068', '[\"https://cc-video-oss.oss-accelerate.aliyuncs.com/2023/06/04/9c256b41b31440ce84537a5facc2221f1685849800-origin-IMG_2482.PNG\",\"https://cc-video-oss.oss-accelerate.aliyuncs.com/2023/06/04/34f6ad8690fb48acb2a28a65bd7e0b1b1685849800-origin-IMG_2481.PNG\"]', '2', null, '1', '2', '0', '0', '0', '111111', '2023-06-04 12:00:01', null, '2023-06-04 12:00:01');
INSERT INTO `t_img_detail` VALUES ('1665207377002573826', '风景壁纸分享', 'https://cc-video-oss.oss-accelerate.aliyuncs.com/2023/06/04/1155de09b1ba44f8bc05c9eb1be3e0661685851295-origin-IMG_2483.PNG', '1660834274611150849', '1594985167723864510', '1594985167723864064', '[\"https://cc-video-oss.oss-accelerate.aliyuncs.com/2023/06/04/1155de09b1ba44f8bc05c9eb1be3e0661685851295-origin-IMG_2483.PNG\",\"https://cc-video-oss.oss-accelerate.aliyuncs.com/2023/06/04/af7b61ae261345869815136bdb90409d1685851295-origin-IMG_2484.PNG\",\"https://cc-video-oss.oss-accelerate.aliyuncs.com/2023/06/04/d2102bf520254a0da741ac0b368be2bf1685851295-origin-IMG_2485.PNG\",\"https://cc-video-oss.oss-accelerate.aliyuncs.com/2023/06/04/13fd6a0ccb7e474f8b6e485a69818bc01685851295-origin-IMG_2486.PNG\"]', '4', null, '1', '1', '0', '1', '0', '111111', '2023-06-04 12:02:31', null, '2023-06-04 12:02:31');
INSERT INTO `t_img_detail` VALUES ('1665207525405437954', '风景壁纸分享', 'https://cc-video-oss.oss-accelerate.aliyuncs.com/2023/06/04/a7bb27512e9845408b1b18b3fe8917721685851296-origin-IMG_2487.PNG', '1660834274611150849', '1594985167723864510', '1594985167723864064', '[\"https://cc-video-oss.oss-accelerate.aliyuncs.com/2023/06/04/a7bb27512e9845408b1b18b3fe8917721685851296-origin-IMG_2487.PNG\",\"https://cc-video-oss.oss-accelerate.aliyuncs.com/2023/06/04/7a1f58a424f44c88afeb820f3adea1461685851296-origin-IMG_2488.PNG\",\"https://cc-video-oss.oss-accelerate.aliyuncs.com/2023/06/04/2fff5fb756e74dce8fd900e92d589fbe1685851296-origin-IMG_2489.PNG\",\"https://cc-video-oss.oss-accelerate.aliyuncs.com/2023/06/04/2e78d500afb446ca97e915a88e4558031685851296-origin-IMG_2490.PNG\",\"https://cc-video-oss.oss-accelerate.aliyuncs.com/2023/06/04/eee0317d2e674bd58b34b25cac3098291685851296-origin-IMG_2491.PNG\"]', '5', null, '1', '1', '0', '0', '0', '111111', '2023-06-04 12:03:07', null, '2023-06-04 12:03:07');
INSERT INTO `t_img_detail` VALUES ('1665208241809338369', '文字壁纸', 'https://cc-video-oss.oss-accelerate.aliyuncs.com/2023/06/04/eaaecd2c66c548abba1246c02f918aa11685851510-origin-IMG_2492.PNG', '1660834274611150849', '1594985167723864211', '1594985167723864062', '[\"https://cc-video-oss.oss-accelerate.aliyuncs.com/2023/06/04/eaaecd2c66c548abba1246c02f918aa11685851510-origin-IMG_2492.PNG\",\"https://cc-video-oss.oss-accelerate.aliyuncs.com/2023/06/04/7540ceb2d4f44eb7b47782c7a37a783b1685851510-origin-IMG_2493.PNG\",\"https://cc-video-oss.oss-accelerate.aliyuncs.com/2023/06/04/22518dfa07d446e8b144064d3327e6561685851510-origin-IMG_2494.PNG\",\"https://cc-video-oss.oss-accelerate.aliyuncs.com/2023/06/04/b6b14fe15410443098d79a6d5941b11b1685851510-origin-IMG_2495.PNG\"]', '4', null, '1', '1', '0', '0', '0', '111111', '2023-06-04 12:05:58', null, '2023-06-04 12:05:58');
INSERT INTO `t_img_detail` VALUES ('1665208463675437058', '文字壁纸', 'https://cc-video-oss.oss-accelerate.aliyuncs.com/2023/06/04/90987c6a3297482eaaedd5676a36b0721685851510-origin-IMG_2496.PNG', '1660834274611150849', '1594985167723864211', '1594985167723864062', '[\"https://cc-video-oss.oss-accelerate.aliyuncs.com/2023/06/04/90987c6a3297482eaaedd5676a36b0721685851510-origin-IMG_2496.PNG\",\"https://cc-video-oss.oss-accelerate.aliyuncs.com/2023/06/04/d12a4766b2644263b7386b37d21382151685851511-origin-IMG_2497.PNG\",\"https://cc-video-oss.oss-accelerate.aliyuncs.com/2023/06/04/be4d4a35d68b49e7afaa3ebb6231eceb1685851511-origin-IMG_2498.PNG\",\"https://cc-video-oss.oss-accelerate.aliyuncs.com/2023/06/04/3429ca749bf1441cbfc9f84a8b1fdb6a1685851511-origin-IMG_2499.PNG\",\"https://cc-video-oss.oss-accelerate.aliyuncs.com/2023/06/04/cf11a34c71124671a64071da22f201e71685851511-origin-IMG_2500.PNG\"]', '5', null, '1', '3', '0', '0', '0', '111111', '2023-06-04 12:06:50', null, '2023-06-04 12:06:50');
INSERT INTO `t_img_detail` VALUES ('1665208888004784130', '日落', 'https://cc-video-oss.oss-accelerate.aliyuncs.com/2023/06/04/2778ad2c368b4a0395e520da0a20d4091685851674-origin-IMG_2501.PNG', '1660834274611150849', '1594985167723864510', '1594985167723864064', '[\"https://cc-video-oss.oss-accelerate.aliyuncs.com/2023/06/04/2778ad2c368b4a0395e520da0a20d4091685851674-origin-IMG_2501.PNG\",\"https://cc-video-oss.oss-accelerate.aliyuncs.com/2023/06/04/9595609c3612476e97e5e8d3b1f084141685851674-origin-IMG_2502.PNG\",\"https://cc-video-oss.oss-accelerate.aliyuncs.com/2023/06/04/c543aeda6d414e4b903c8b849c8442501685851674-origin-IMG_2503.PNG\",\"https://cc-video-oss.oss-accelerate.aliyuncs.com/2023/06/04/0ecd293ceb0444f2b09991c587144aa31685851674-origin-IMG_2504.PNG\",\"https://cc-video-oss.oss-accelerate.aliyuncs.com/2023/06/04/3f830cb0b6bc4b3f96d5f3569a09962f1685851674-origin-IMG_2505.PNG\",\"https://cc-video-oss.oss-accelerate.aliyuncs.com/2023/06/04/06f870591dc1432081b0aab403d419c81685851674-origin-IMG_2506.PNG\"]', '6', null, '1', '3', '0', '0', '0', '111111', '2023-06-04 12:08:32', null, '2023-06-04 12:08:32');
INSERT INTO `t_img_detail` VALUES ('1665209581348401153', '夏目', 'https://cc-video-oss.oss-accelerate.aliyuncs.com/2023/06/04/0ec177135eb345b3a85634e13426189b1685851821-origin-IMG_2507.PNG', '1660834274611150849', '1594985167723864413', '1594985167723864066', '[\"https://cc-video-oss.oss-accelerate.aliyuncs.com/2023/06/04/0ec177135eb345b3a85634e13426189b1685851821-origin-IMG_2507.PNG\",\"https://cc-video-oss.oss-accelerate.aliyuncs.com/2023/06/04/17b39f50c50648adbec7dbca6e3b3c091685851821-origin-IMG_2508.PNG\",\"https://cc-video-oss.oss-accelerate.aliyuncs.com/2023/06/04/b9b82090d4364f9287b620fb8e9e458b1685851821-origin-IMG_2509.PNG\",\"https://cc-video-oss.oss-accelerate.aliyuncs.com/2023/06/04/5ff7b86eca4f40deacfb8835dffd81bf1685851821-origin-IMG_2510.PNG\",\"https://cc-video-oss.oss-accelerate.aliyuncs.com/2023/06/04/9ce6d876f8e84f90ab7a2ff44d919b3b1685851821-origin-IMG_2511.PNG\",\"https://cc-video-oss.oss-accelerate.aliyuncs.com/2023/06/04/0167ddae9fa140dc89c3322e3a490a441685851822-origin-IMG_2512.PNG\"]', '6', null, '1', '2', '0', '1', '0', '111111', '2023-06-04 12:11:17', null, '2023-06-04 12:11:17');
INSERT INTO `t_img_detail` VALUES ('1665210226486882306', '风景壁纸', 'https://cc-video-oss.oss-accelerate.aliyuncs.com/2023/06/04/a2d8d9e967874e5e81235b88a78b32e21685851939-origin-IMG_2517.PNG', '1656858656227811330', '1594985167723864510', '1594985167723864064', '[\"https://cc-video-oss.oss-accelerate.aliyuncs.com/2023/06/04/a2d8d9e967874e5e81235b88a78b32e21685851939-origin-IMG_2517.PNG\",\"https://cc-video-oss.oss-accelerate.aliyuncs.com/2023/06/04/d0525a24b47e48a18b0fe1fbcf4a91a11685851939-origin-IMG_2518.PNG\",\"https://cc-video-oss.oss-accelerate.aliyuncs.com/2023/06/04/16d381e219aa4c58b939fa4a1ff4d23b1685851939-origin-IMG_2519.PNG\",\"https://cc-video-oss.oss-accelerate.aliyuncs.com/2023/06/04/6f6ed3409a8b43aa952cddaa66a155451685851940-origin-IMG_2520.PNG\"]', '4', null, '1', '3', '0', '0', '0', '111111', '2023-06-04 12:13:51', null, '2023-06-04 12:13:51');
INSERT INTO `t_img_detail` VALUES ('1665210420284698626', '手机壁纸', 'https://cc-video-oss.oss-accelerate.aliyuncs.com/2023/06/04/f061d542b06941da9aa68a52da816da61685851939-origin-IMG_2513.PNG', '1656858656227811330', '1594985167723864510', '1594985167723864064', '[\"https://cc-video-oss.oss-accelerate.aliyuncs.com/2023/06/04/f061d542b06941da9aa68a52da816da61685851939-origin-IMG_2513.PNG\",\"https://cc-video-oss.oss-accelerate.aliyuncs.com/2023/06/04/8e434f3d6c194d538974502a05427d2c1685851939-origin-IMG_2514.PNG\",\"https://cc-video-oss.oss-accelerate.aliyuncs.com/2023/06/04/405bb099dfe64f06bf54ec5cdde9ba831685851939-origin-IMG_2515.PNG\",\"https://cc-video-oss.oss-accelerate.aliyuncs.com/2023/06/04/814771123a3946e3944b9126089512d01685851939-origin-IMG_2516.PNG\",\"https://cc-video-oss.oss-accelerate.aliyuncs.com/2023/06/04/c829b4c5519f46169d4f5502a19ca7771685851940-origin-IMG_2521.PNG\"]', '5', null, '1', '11', '0', '0', '0', '111111', '2023-06-04 12:14:37', null, '2023-06-04 12:14:37');
INSERT INTO `t_img_detail` VALUES ('1665210583229214721', '壁纸', 'https://cc-video-oss.oss-accelerate.aliyuncs.com/2023/06/04/6c6bf25a84c74be1bc544b0fcbbc5fb71685852092-origin-IMG_2522.PNG', '1656858656227811330', '1594985167723864513', '1594985167723864064', '[\"https://cc-video-oss.oss-accelerate.aliyuncs.com/2023/06/04/6c6bf25a84c74be1bc544b0fcbbc5fb71685852092-origin-IMG_2522.PNG\",\"https://cc-video-oss.oss-accelerate.aliyuncs.com/2023/06/04/706bf57cf390465e8db9d4e18531ef141685852092-origin-IMG_2523.PNG\",\"https://cc-video-oss.oss-accelerate.aliyuncs.com/2023/06/04/e66cdb7fea8a43cfb33159421aa700f81685852092-origin-IMG_2524.PNG\",\"https://cc-video-oss.oss-accelerate.aliyuncs.com/2023/06/04/5a7256a99d194a388a22a7543017155d1685852092-origin-IMG_2525.PNG\"]', '4', null, '1', '0', '0', '0', '0', '111111', '2023-06-04 12:15:16', null, '2023-06-04 12:15:16');
INSERT INTO `t_img_detail` VALUES ('1665210760618913794', '风景壁纸', 'https://cc-video-oss.oss-accelerate.aliyuncs.com/2023/06/04/71032ec18aef4592ae727d809cb6b3e21685852092-origin-IMG_2527.PNG', '1656858656227811330', '1594985167723864510', '1594985167723864064', '[\"https://cc-video-oss.oss-accelerate.aliyuncs.com/2023/06/04/71032ec18aef4592ae727d809cb6b3e21685852092-origin-IMG_2527.PNG\",\"https://cc-video-oss.oss-accelerate.aliyuncs.com/2023/06/04/4432627ffc7d44fd89d00d0b544f239e1685852092-origin-IMG_2528.PNG\",\"https://cc-video-oss.oss-accelerate.aliyuncs.com/2023/06/04/dc5a7c1f1828409e9376e2a031e310da1685852092-origin-IMG_2529.PNG\"]', '3', null, '1', '6', '0', '0', '0', '111111', '2023-06-04 12:15:58', null, '2023-06-04 12:15:58');
INSERT INTO `t_img_detail` VALUES ('1665210962683703297', '云', 'https://cc-video-oss.oss-accelerate.aliyuncs.com/2023/06/04/6af606bb72e9477abc76a80498dc36001685852167-origin-IMG_2531.PNG', '1656858656227811330', '1594985167723864510', '1594985167723864064', '[\"https://cc-video-oss.oss-accelerate.aliyuncs.com/2023/06/04/6af606bb72e9477abc76a80498dc36001685852167-origin-IMG_2531.PNG\",\"https://cc-video-oss.oss-accelerate.aliyuncs.com/2023/06/04/385a656cacbd444da3c4c8ec80c1061d1685852167-origin-IMG_2532.PNG\",\"https://cc-video-oss.oss-accelerate.aliyuncs.com/2023/06/04/34d81964afba42fe9a5e0660ceb075e51685852167-origin-IMG_2533.PNG\",\"https://cc-video-oss.oss-accelerate.aliyuncs.com/2023/06/04/bef9c2e069334dd1bfeca23096ed89311685852167-origin-IMG_2534.PNG\"]', '4', null, '1', '1', '0', '0', '0', '111111', '2023-06-04 12:16:46', null, '2023-06-04 12:16:46');
INSERT INTO `t_img_detail` VALUES ('1665211077767016450', '风景壁纸', 'https://cc-video-oss.oss-accelerate.aliyuncs.com/2023/06/04/ad75427f53aa474fa24a34d8d4f4bf701685852167-origin-IMG_2535.PNG', '1656858656227811330', '1594985167723864510', '1594985167723864064', '[\"https://cc-video-oss.oss-accelerate.aliyuncs.com/2023/06/04/ad75427f53aa474fa24a34d8d4f4bf701685852167-origin-IMG_2535.PNG\",\"https://cc-video-oss.oss-accelerate.aliyuncs.com/2023/06/04/bbfd849f385a46e5a3ec6ac15fb602681685852167-origin-IMG_2536.PNG\",\"https://cc-video-oss.oss-accelerate.aliyuncs.com/2023/06/04/23a7f885788a4a289adb5dfbc76d36e31685852167-origin-IMG_2537.PNG\",\"https://cc-video-oss.oss-accelerate.aliyuncs.com/2023/06/04/b2d92735fa8f45c886154aec5233c2501685852168-origin-IMG_2539.PNG\",\"https://cc-video-oss.oss-accelerate.aliyuncs.com/2023/06/04/93710320361243f5b01cd0dc3cc71ca31685852167-origin-IMG_2538.PNG\"]', '5', null, '1', '1', '0', '0', '0', '111111', '2023-06-04 12:17:14', null, '2023-06-04 12:17:14');
INSERT INTO `t_img_detail` VALUES ('1665211458572070913', '壁纸背景图', 'https://cc-video-oss.oss-accelerate.aliyuncs.com/2023/06/04/2f634d0e5ee64a668fd078f645fc94961685852248-origin-IMG_2541.PNG', '1656858656227811330', '1594985167723864210', '1594985167723864062', '[\"https://cc-video-oss.oss-accelerate.aliyuncs.com/2023/06/04/2f634d0e5ee64a668fd078f645fc94961685852248-origin-IMG_2541.PNG\",\"https://cc-video-oss.oss-accelerate.aliyuncs.com/2023/06/04/318f02edc3bd46028aafdcc24b4a839b1685852248-origin-IMG_2540.PNG\",\"https://cc-video-oss.oss-accelerate.aliyuncs.com/2023/06/04/49d431c034924d709473715b797864751685852248-origin-IMG_2542.PNG\",\"https://cc-video-oss.oss-accelerate.aliyuncs.com/2023/06/04/4918055ea38f4cf4aeb0f64e936a832e1685852248-origin-IMG_2543.PNG\"]', '4', null, '1', '2', '0', '0', '0', '111111', '2023-06-04 12:18:45', null, '2023-06-04 12:18:45');
INSERT INTO `t_img_detail` VALUES ('1665211602306674690', '风景壁纸背景图', 'https://cc-video-oss.oss-accelerate.aliyuncs.com/2023/06/04/032f2c67af9b4fc79b76c45146998a591685852249-origin-IMG_2544.PNG', '1656858656227811330', '1594985167723864510', '1594985167723864064', '[\"https://cc-video-oss.oss-accelerate.aliyuncs.com/2023/06/04/032f2c67af9b4fc79b76c45146998a591685852249-origin-IMG_2544.PNG\",\"https://cc-video-oss.oss-accelerate.aliyuncs.com/2023/06/04/695b6b4307b74027a486c498146ad94e1685852249-origin-IMG_2545.PNG\"]', '2', null, '1', '1', '0', '0', '0', '111111', '2023-06-04 12:19:19', null, '2023-06-04 12:19:19');
INSERT INTO `t_img_detail` VALUES ('1665211979647234050', '背景图', 'https://cc-video-oss.oss-accelerate.aliyuncs.com/2023/06/04/a0640050446f4177845bea6cc664c7821685852396-origin-IMG_2546.PNG', '1660834274611150849', '1594985167723864210', '1594985167723864062', '[\"https://cc-video-oss.oss-accelerate.aliyuncs.com/2023/06/04/a0640050446f4177845bea6cc664c7821685852396-origin-IMG_2546.PNG\",\"https://cc-video-oss.oss-accelerate.aliyuncs.com/2023/06/04/d55760c9135a4531945370f3833ee9241685852396-origin-IMG_2547.PNG\",\"https://cc-video-oss.oss-accelerate.aliyuncs.com/2023/06/04/b3c78ba246a4452f9cdd36a3cb8b8fca1685852396-origin-IMG_2548.PNG\",\"https://cc-video-oss.oss-accelerate.aliyuncs.com/2023/06/04/4673f616ba89418b898a07b1c824fe581685852396-origin-IMG_2549.PNG\"]', '4', null, '1', '1', '0', '1', '0', '111111', '2023-06-04 12:20:49', null, '2023-06-04 12:20:49');
INSERT INTO `t_img_detail` VALUES ('1665212128083652610', '壁纸背景', 'https://cc-video-oss.oss-accelerate.aliyuncs.com/2023/06/04/f6336f3247e44884af0f1f55de70ccc81685852397-origin-IMG_2551.PNG', '1660834274611150849', '1594985167723864510', '1594985167723864064', '[\"https://cc-video-oss.oss-accelerate.aliyuncs.com/2023/06/04/f6336f3247e44884af0f1f55de70ccc81685852397-origin-IMG_2551.PNG\",\"https://cc-video-oss.oss-accelerate.aliyuncs.com/2023/06/04/b25217bc31e1479c8e3d2d59a497d5a41685852397-origin-IMG_2552.PNG\",\"https://cc-video-oss.oss-accelerate.aliyuncs.com/2023/06/04/278dd1b0495b4027841cbbfde766b3101685852397-origin-IMG_2553.PNG\",\"https://cc-video-oss.oss-accelerate.aliyuncs.com/2023/06/04/79de746cfeef45688dd7d24fe6d5024a1685852397-origin-IMG_2554.PNG\"]', '4', null, '1', '5', '0', '1', '0', '111111', '2023-06-04 12:21:24', null, '2023-06-04 12:21:24');
INSERT INTO `t_img_detail` VALUES ('1665212576689631233', '壁纸分享', 'https://cc-video-oss.oss-accelerate.aliyuncs.com/2023/06/04/e0a47ca4a1b9499fb29eacbb0fe524631685852502-origin-IMG_2555.PNG', '1660834274611150849', '1594985167723864210', '1594985167723864062', '[\"https://cc-video-oss.oss-accelerate.aliyuncs.com/2023/06/04/e0a47ca4a1b9499fb29eacbb0fe524631685852502-origin-IMG_2555.PNG\",\"https://cc-video-oss.oss-accelerate.aliyuncs.com/2023/06/04/6282a0c7ea624977aea44a894a56144b1685852502-origin-IMG_2556.PNG\",\"https://cc-video-oss.oss-accelerate.aliyuncs.com/2023/06/04/43a61704eca94ec7a24c38923b2ecc581685852502-origin-IMG_2557.PNG\",\"https://cc-video-oss.oss-accelerate.aliyuncs.com/2023/06/04/32a537dcbcd949469af8a5135db325c51685852503-origin-IMG_2558.PNG\"]', '4', null, '1', '12', '0', '0', '0', '111111', '2023-06-04 12:23:11', null, '2023-06-04 12:23:11');
INSERT INTO `t_img_detail` VALUES ('1665213296914542593', '背景图', 'https://cc-video-oss.oss-accelerate.aliyuncs.com/2023/06/04/91631229eb9744cca003d1c06c78f4a01685852503-origin-IMG_2561.PNG', '1660834274611150849', '1661907545024700418', '1594985167723864064', '[\"https://cc-video-oss.oss-accelerate.aliyuncs.com/2023/06/04/91631229eb9744cca003d1c06c78f4a01685852503-origin-IMG_2561.PNG\",\"https://cc-video-oss.oss-accelerate.aliyuncs.com/2023/06/04/9bc70f29059f49f2897e68f0f113b37c1685852503-origin-IMG_2562.PNG\",\"https://cc-video-oss.oss-accelerate.aliyuncs.com/2023/06/04/2f7eacd8c5214970bd49094d373942701685852504-origin-IMG_2563.PNG\"]', '3', null, '1', '2', '0', '0', '0', '111111', '2023-06-04 12:26:03', null, '2023-06-04 12:26:03');
INSERT INTO `t_img_detail` VALUES ('1665214759845834754', '背景图\n', 'https://cc-video-oss.oss-accelerate.aliyuncs.com/2023/06/04/885e68e627804a579e082f145bd633d11685853003-origin-IMG_2568.PNG', '1660834274611150849', '1594985167723864510', '1594985167723864064', '[\"https://cc-video-oss.oss-accelerate.aliyuncs.com/2023/06/04/885e68e627804a579e082f145bd633d11685853003-origin-IMG_2568.PNG\",\"https://cc-video-oss.oss-accelerate.aliyuncs.com/2023/06/04/0d7ce468f3c3415980951f784e42f5ab1685853003-origin-IMG_2569.PNG\",\"https://cc-video-oss.oss-accelerate.aliyuncs.com/2023/06/04/aa6e4f3a23024bf28e82ee5bb4f833651685853003-origin-IMG_2570.PNG\",\"https://cc-video-oss.oss-accelerate.aliyuncs.com/2023/06/04/fba559fa9e3849cabc355b785341418d1685853003-origin-IMG_2571.PNG\",\"https://cc-video-oss.oss-accelerate.aliyuncs.com/2023/06/04/146bc45cd57e4576aa1fb6bae8d64d991685853004-origin-IMG_2572.PNG\"]', '5', null, '1', '0', '0', '1', '0', '111111', '2023-06-04 12:31:52', null, '2023-06-04 12:31:52');
INSERT INTO `t_img_detail` VALUES ('1665697355558096897', '壁纸背景图', 'https://cc-video-oss.oss-accelerate.aliyuncs.com/2023/06/05/c20e23f874844f12b9f654cf6d5e36f71685968002-origin-IMG_2595.PNG', '1660834274611150849', '1594985167723864210', '1594985167723864062', '[\"https://cc-video-oss.oss-accelerate.aliyuncs.com/2023/06/05/c20e23f874844f12b9f654cf6d5e36f71685968002-origin-IMG_2595.PNG\",\"https://cc-video-oss.oss-accelerate.aliyuncs.com/2023/06/05/dfc2e24d0ebf4e589e171e9358f4d0cf1685968002-origin-IMG_2596.PNG\",\"https://cc-video-oss.oss-accelerate.aliyuncs.com/2023/06/05/1fd583bc7c5e41c196b0da07fb7e3cfb1685968003-origin-IMG_2597.PNG\",\"https://cc-video-oss.oss-accelerate.aliyuncs.com/2023/06/05/07ca1ecc17d54e88af61b53d06053f591685968004-origin-IMG_2598.PNG\",\"https://cc-video-oss.oss-accelerate.aliyuncs.com/2023/06/05/1cbe0b13015e40c0a8e6d81c4a9a9ab71685968004-origin-IMG_2599.PNG\"]', '5', null, '1', '0', '0', '1', '0', '111111', '2023-06-05 20:29:31', null, '2023-06-05 20:29:31');
INSERT INTO `t_img_detail` VALUES ('1665702635184394241', '猫猫', 'https://cc-video-oss.oss-accelerate.aliyuncs.com/2023/06/05/9cb3267b2d364589b07e9d6611011f261685692608303.jpg', '1665700708824412162', '1594985167723864117', '1594985167723864061', '[\"https://cc-video-oss.oss-accelerate.aliyuncs.com/2023/06/05/9cb3267b2d364589b07e9d6611011f261685692608303.jpg\"]', '1', null, '1', '3', '0', '0', '0', '111111', '2023-06-05 20:50:30', null, '2023-06-05 20:50:30');
INSERT INTO `t_img_detail` VALUES ('1665707190718631937', 'cute', 'https://cc-video-oss.oss-accelerate.aliyuncs.com/2023/06/05/cf41b4f73d8144f6980652ac3317217a1685969694786.jpg', '1665700708824412162', '1594985167723864217', '1594985167723864062', '[\"https://cc-video-oss.oss-accelerate.aliyuncs.com/2023/06/05/cf41b4f73d8144f6980652ac3317217a1685969694786.jpg\",\"https://cc-video-oss.oss-accelerate.aliyuncs.com/2023/06/05/dfd38ea9d3ee43aa8b29e5ee6b5c0b4d1685969699552.jpg\"]', '2', null, '1', '6', '0', '1', '0', '111111', '2023-06-05 21:08:36', null, '2023-06-05 21:08:36');
INSERT INTO `t_img_detail` VALUES ('1665954698493497346', '情侣头像', 'https://cc-video-oss.oss-accelerate.aliyuncs.com/2023/06/06/bee9d61c833a4da597e254ed73a94fdf1686029398-origin-IMG_2607.PNG', '1656858656227811330', '1594985167723864116', '1594985167723864061', '[\"https://cc-video-oss.oss-accelerate.aliyuncs.com/2023/06/06/bee9d61c833a4da597e254ed73a94fdf1686029398-origin-IMG_2607.PNG\",\"https://cc-video-oss.oss-accelerate.aliyuncs.com/2023/06/06/971e1e0504cf421986f8918364a6dce91686029398-origin-IMG_2608.PNG\",\"https://cc-video-oss.oss-accelerate.aliyuncs.com/2023/06/06/3d150b62f8c84c0b9a9d43f040bac7591686029398-origin-IMG_2610.PNG\",\"https://cc-video-oss.oss-accelerate.aliyuncs.com/2023/06/06/6d2a3aef574f432f9d2b973a88dcbfc01686029399-origin-IMG_2611.PNG\"]', '4', null, '1', '2', '0', '0', '0', '111111', '2023-06-06 13:32:07', null, '2023-06-06 13:32:07');
INSERT INTO `t_img_detail` VALUES ('1665954872074768386', '情侣头像', 'https://cc-video-oss.oss-accelerate.aliyuncs.com/2023/06/06/c696798ddbf348ec84fd2c90d9cc39fc1686029398-origin-IMG_2609.PNG', '1656858656227811330', '1594985167723864511', '1594985167723864064', '[\"https://cc-video-oss.oss-accelerate.aliyuncs.com/2023/06/06/c696798ddbf348ec84fd2c90d9cc39fc1686029398-origin-IMG_2609.PNG\",\"https://cc-video-oss.oss-accelerate.aliyuncs.com/2023/06/06/d933d4c5a71a4de084ed0f265adb7bea1686029398-origin-IMG_2606.PNG\",\"https://cc-video-oss.oss-accelerate.aliyuncs.com/2023/06/06/749729a633c94861a6b6f796ed5239a31686029399-origin-IMG_2612.PNG\",\"https://cc-video-oss.oss-accelerate.aliyuncs.com/2023/06/06/8f0aac1c673f41769f423d4e23bcbeb41686029399-origin-IMG_2613.PNG\"]', '4', null, '1', '1', '0', '0', '0', '111111', '2023-06-06 13:32:48', null, '2023-06-06 13:32:48');
INSERT INTO `t_img_detail` VALUES ('1665993947955638273', '猫猫壁纸', 'https://cc-video-oss.oss-accelerate.aliyuncs.com/2023/06/06/5edfb889a9954377aeb65d93afcbedbd20200927213326_9f6f1.jpg', '1601126546037874690', '1662102277982056450', '1594985167723864067', '[\"https://cc-video-oss.oss-accelerate.aliyuncs.com/2023/06/06/5edfb889a9954377aeb65d93afcbedbd20200927213326_9f6f1.jpg\",\"https://cc-video-oss.oss-accelerate.aliyuncs.com/2023/06/06/543798ab61194cbb969ca4ade0eabc1520200927213327_02106.jpg\",\"https://cc-video-oss.oss-accelerate.aliyuncs.com/2023/06/06/3200190f9295414692cf84d3094fdb7820200927213328_ff0b7.jpg\"]', '3', null, '1', '1', '0', '1', '0', '111111', '2023-06-06 16:08:05', null, '2023-06-06 16:08:05');
INSERT INTO `t_img_detail` VALUES ('1665994082785734657', '猫咪壁纸', 'https://cc-video-oss.oss-accelerate.aliyuncs.com/2023/06/06/e5fc3cd8f184412895a7e992f20a0fa620200927213328_00cc8.jpg', '1601126546037874690', '1594985167723864217', '1594985167723864062', '[\"https://cc-video-oss.oss-accelerate.aliyuncs.com/2023/06/06/e5fc3cd8f184412895a7e992f20a0fa620200927213328_00cc8.jpg\",\"https://cc-video-oss.oss-accelerate.aliyuncs.com/2023/06/06/2db26a3ef8b54164b1d40d0bc3a5d49220200927213329_be02f.jpg\",\"https://cc-video-oss.oss-accelerate.aliyuncs.com/2023/06/06/3a9476a9562546e9908f095a2a9e9d3720200927213329_2f25c.jpg\",\"https://cc-video-oss.oss-accelerate.aliyuncs.com/2023/06/06/95169f36d888496db0c86a224e951da620200927213330_03f61.jpg\",\"https://cc-video-oss.oss-accelerate.aliyuncs.com/2023/06/06/97a29260955a4ca6b4dabfb49a2d2bd620200927213330_a843c.jpg\",\"https://cc-video-oss.oss-accelerate.aliyuncs.com/2023/06/06/e32c1bd703564b55a46a1c91d37a6f3a20200927213331_72f91.jpg\"]', '6', null, '1', '2', '1', '0', '1', '111111', '2023-06-06 16:08:37', null, '2023-06-06 16:08:37');
INSERT INTO `t_img_detail` VALUES ('1666056794056208386', '图片壁纸', 'https://cc-video-oss.oss-accelerate.aliyuncs.com/2023/06/06/c6ca036a664c4e45a89c9aad7f93cd6b1686053729-origin-IMG_2615.PNG', '1656858656227811330', '1594985167723864510', '1594985167723864064', '[\"https://cc-video-oss.oss-accelerate.aliyuncs.com/2023/06/06/c6ca036a664c4e45a89c9aad7f93cd6b1686053729-origin-IMG_2615.PNG\",\"https://cc-video-oss.oss-accelerate.aliyuncs.com/2023/06/06/c6069554011b4e3f99f70767362207921686053729-origin-IMG_2616.PNG\",\"https://cc-video-oss.oss-accelerate.aliyuncs.com/2023/06/06/49bfaf561a494b23b44d8c9f3fc538871686053730-origin-IMG_2617.PNG\",\"https://cc-video-oss.oss-accelerate.aliyuncs.com/2023/06/06/4e06b893faa14efe89eeea8f3449562c1686053730-origin-IMG_2618.PNG\"]', '4', null, '1', '0', '0', '0', '0', '111111', '2023-06-06 20:17:48', null, '2023-06-06 20:17:48');
INSERT INTO `t_img_detail` VALUES ('1666070380778401794', '图片分享', 'https://cc-video-oss.oss-accelerate.aliyuncs.com/2023/06/06/526a650c532f47f89ed20546008d2ec91686053730-origin-IMG_2619.PNG', '1656858656227811330', '1594985167723864513', '1594985167723864064', '[\"https://cc-video-oss.oss-accelerate.aliyuncs.com/2023/06/06/526a650c532f47f89ed20546008d2ec91686053730-origin-IMG_2619.PNG\",\"https://cc-video-oss.oss-accelerate.aliyuncs.com/2023/06/06/0e42991e6de64032acc08227bf0bbf861686053730-origin-IMG_2620.PNG\",\"https://cc-video-oss.oss-accelerate.aliyuncs.com/2023/06/06/bdd31424cf61437dacd0dab4195099931686053730-origin-IMG_2621.PNG\",\"https://cc-video-oss.oss-accelerate.aliyuncs.com/2023/06/06/c4a1cf84722341739fcb0797eeb431bf1686053730-origin-IMG_2622.PNG\"]', '4', null, '1', '2', '1', '0', '0', '111111', '2023-06-06 21:11:48', null, '2023-06-06 21:11:48');
INSERT INTO `t_img_detail` VALUES ('1666071029360406529', 'ins壁纸', 'https://cc-video-oss.oss-accelerate.aliyuncs.com/2023/06/06/eba1f899e93f48189d028e728bc450281686057209-origin-IMG_2626.PNG', '1656858656227811330', '1594985167723864210', '1594985167723864062', '[\"https://cc-video-oss.oss-accelerate.aliyuncs.com/2023/06/06/eba1f899e93f48189d028e728bc450281686057209-origin-IMG_2626.PNG\",\"https://cc-video-oss.oss-accelerate.aliyuncs.com/2023/06/06/2b613a3ed159462596774619691463c71686057209-origin-IMG_2627.PNG\",\"https://cc-video-oss.oss-accelerate.aliyuncs.com/2023/06/06/565e1e528da04052946a0a96e767d4dd1686057209-origin-IMG_2628.PNG\",\"https://cc-video-oss.oss-accelerate.aliyuncs.com/2023/06/06/08f95310120d4c128c8977f4c536a7201686057209-origin-IMG_2629.PNG\"]', '4', null, '1', '0', '1', '0', '0', '111111', '2023-06-06 21:14:22', null, '2023-06-06 21:14:22');
INSERT INTO `t_img_detail` VALUES ('1666071610602860546', '壁纸分享', 'https://cc-video-oss.oss-accelerate.aliyuncs.com/2023/06/06/87bd776fa35144e0bf3f8863a1e7da731686057209-origin-IMG_2630.PNG', '1656858656227811330', '1594985167723864217', '1594985167723864062', '[\"https://cc-video-oss.oss-accelerate.aliyuncs.com/2023/06/06/87bd776fa35144e0bf3f8863a1e7da731686057209-origin-IMG_2630.PNG\",\"https://cc-video-oss.oss-accelerate.aliyuncs.com/2023/06/06/714e5218e4ce4a26986da302d9dda5ae1686057209-origin-IMG_2631.PNG\",\"https://cc-video-oss.oss-accelerate.aliyuncs.com/2023/06/06/54a2721d98ca4dd38d109bfb4ff5999d1686057209-origin-IMG_2632.PNG\",\"https://cc-video-oss.oss-accelerate.aliyuncs.com/2023/06/06/d9aa54e3b91b440faf2b03b5f2966cbc1686057209-origin-IMG_2633.PNG\",\"https://cc-video-oss.oss-accelerate.aliyuncs.com/2023/06/06/c2458c31e9784ad3a0fe8b99f74098ab1686057210-origin-IMG_2634.PNG\"]', '5', null, '1', '0', '1', '0', '0', '111111', '2023-06-06 21:16:41', null, '2023-06-06 21:16:41');
INSERT INTO `t_img_detail` VALUES ('1666262110018514946', '奶黄色调', 'https://cc-video-oss.oss-accelerate.aliyuncs.com/2023/06/07/5dfba30696bf4a68ba4e95f0aaecbdcf1686102740-origin-IMG_2635.PNG', '1660834274611150849', '1594985167723864210', '1594985167723864062', '[\"https://cc-video-oss.oss-accelerate.aliyuncs.com/2023/06/07/5dfba30696bf4a68ba4e95f0aaecbdcf1686102740-origin-IMG_2635.PNG\",\"https://cc-video-oss.oss-accelerate.aliyuncs.com/2023/06/07/c49ada3a29c44542bb8cd691cfe96acc1686102741-origin-IMG_2636.PNG\",\"https://cc-video-oss.oss-accelerate.aliyuncs.com/2023/06/07/218cd0195123492ba6b53d7fd18f496c1686102741-origin-IMG_2637.PNG\",\"https://cc-video-oss.oss-accelerate.aliyuncs.com/2023/06/07/c8c118f4e3ba4edda09468132f7301e61686102741-origin-IMG_2638.PNG\"]', '4', null, '1', '1', '0', '0', '0', '111111', '2023-06-07 09:53:39', null, '2023-06-07 09:53:39');
INSERT INTO `t_img_detail` VALUES ('1666262643856945153', '蜡笔小新', 'https://cc-video-oss.oss-accelerate.aliyuncs.com/2023/06/07/6a66825b75af42259839bd4eaafdc5051686102892-origin-IMG_2639.PNG', '1660834274611150849', '1594985167723864415', '1594985167723864066', '[\"https://cc-video-oss.oss-accelerate.aliyuncs.com/2023/06/07/6a66825b75af42259839bd4eaafdc5051686102892-origin-IMG_2639.PNG\",\"https://cc-video-oss.oss-accelerate.aliyuncs.com/2023/06/07/c5ceab51a3fa4a6da712cda3322af3e51686102893-origin-IMG_2640.PNG\",\"https://cc-video-oss.oss-accelerate.aliyuncs.com/2023/06/07/5ac6ddf1ccbc4af99641a014ee0106551686102893-origin-IMG_2641.PNG\",\"https://cc-video-oss.oss-accelerate.aliyuncs.com/2023/06/07/f9d333ebe37d432fba139139c64c9abf1686102893-origin-IMG_2642.PNG\",\"file:///var/mobile/Containers/Data/Application/A9C9F7A9-3A34-4B32-837D-6F885E9A802A/Documents/Pandora/apps/HBuilder/doc/uniapp_temp_1686102710734/gallery/1686102893-origin-IMG_2644.PNG\"]', '5', null, '1', '2', '0', '0', '0', '111111', '2023-06-07 09:55:47', null, '2023-06-07 09:58:17');
INSERT INTO `t_img_detail` VALUES ('1666374199315865601', '测试上传', 'https://cc-video-oss.oss-accelerate.aliyuncs.com/2023/06/07/824f0d6dfa31412e806d7030dbb0898120220702152833_246d1.jpeg', '1601126546037874690', '1594985167723864111', '1594985167723864061', '[\"https://cc-video-oss.oss-accelerate.aliyuncs.com/2023/06/07/824f0d6dfa31412e806d7030dbb0898120220702152833_246d1.jpeg\",\"https://cc-video-oss.oss-accelerate.aliyuncs.com/2023/06/07/ae9317b479d24f34bcc2d9a6da9dd0a620220702152835_db7d1.jpeg\"]', '2', null, '1', '3', '0', '1', '0', '111111', '2023-06-07 17:19:04', null, '2023-06-07 17:19:51');
INSERT INTO `t_img_detail` VALUES ('1666375456587849730', '风景壁纸', 'https://cc-video-oss.oss-accelerate.aliyuncs.com/2023/06/07/4774e6713ccb4ddcbdbf9b8f08ed165720200419022944_xgwlk.jpg', '1601126546037874690', '1594985167723864510', '1594985167723864064', '[\"https://cc-video-oss.oss-accelerate.aliyuncs.com/2023/06/07/4774e6713ccb4ddcbdbf9b8f08ed165720200419022944_xgwlk.jpg\",\"https://cc-video-oss.oss-accelerate.aliyuncs.com/2023/06/07/86b2c3638df748b0a1f906e7de6f7ef520200419022945_nxudm.jpg\"]', '2', null, '1', '1', '0', '0', '0', '111111', '2023-06-07 17:24:03', null, '2023-06-07 17:24:13');
INSERT INTO `t_img_detail` VALUES ('1666385385264517122', '简约壁纸分享', 'https://cc-video-oss.oss-accelerate.aliyuncs.com/2023/06/07/5fe93a5aca4944bbbadd6a3ac306f3eb20200702204038_odcdn.jpg', '1601126546037874690', '1594985167723864210', '1594985167723864062', '[\"https://cc-video-oss.oss-accelerate.aliyuncs.com/2023/06/07/5fe93a5aca4944bbbadd6a3ac306f3eb20200702204038_odcdn.jpg\",\"https://cc-video-oss.oss-accelerate.aliyuncs.com/2023/06/07/20068727cb5c4f15a96eef36a79a728920200702204037_colnr.jpeg\",\"https://cc-video-oss.oss-accelerate.aliyuncs.com/2023/06/07/e46ea869d8b84294af389ad2fd25aa9420200702204037_udepu.jpeg\",\"https://cc-video-oss.oss-accelerate.aliyuncs.com/2023/06/07/240f76e5bd1446609a0bb65e5b7dfde020200702204036_crfjx.jpg\",\"https://cc-video-oss.oss-accelerate.aliyuncs.com/2023/06/07/fc9c387481a4478f81210281645ee3d820200702204035_umchj.jpeg\"]', '5', null, '1', '0', '0', '0', '0', '111111', '2023-06-07 18:03:30', null, '2023-06-07 18:03:30');
INSERT INTO `t_img_detail` VALUES ('1666385854284173313', '治愈', 'https://cc-video-oss.oss-accelerate.aliyuncs.com/2023/06/07/7deea331598349c1ae2b6312a88cd07d20220524131237_a763d.jpg', '1601126546037874690', '1594985167723864510', '1594985167723864064', '[\"https://cc-video-oss.oss-accelerate.aliyuncs.com/2023/06/07/7deea331598349c1ae2b6312a88cd07d20220524131237_a763d.jpg\",\"https://cc-video-oss.oss-accelerate.aliyuncs.com/2023/06/07/3aee67c7379b40a2aad0d3dcea0f2c2720220524131235_90e4b.jpg\",\"https://cc-video-oss.oss-accelerate.aliyuncs.com/2023/06/07/cf95ec5d4307497c8fd091672af43aa720220524131229_179d3.jpg\",\"https://cc-video-oss.oss-accelerate.aliyuncs.com/2023/06/07/a9077ca4000e4a26ac764c6cc7ebd5fc20220524131231_91a95.jpg\",\"https://cc-video-oss.oss-accelerate.aliyuncs.com/2023/06/07/6bafa9eb47ba49c1ae5f7a59d980490e20220524131233_c1cb5.jpg\"]', '5', null, '1', '1', '0', '0', '0', '111111', '2023-06-07 18:05:22', null, '2023-06-07 18:05:50');
INSERT INTO `t_img_detail` VALUES ('1666401045436801025', '壁纸分享', 'https://cc-video-oss.oss-accelerate.aliyuncs.com/2023/06/07/d602cb9183c7470a979be3a4f1911c1920220524131227_fa4cc.jpg', '1601126546037874690', '1594985167723864111', '1594985167723864061', '[\"https://cc-video-oss.oss-accelerate.aliyuncs.com/2023/06/07/d602cb9183c7470a979be3a4f1911c1920220524131227_fa4cc.jpg\"]', '1', null, '1', '1', '1', '1', '0', '111111', '2023-06-07 19:05:44', null, '2023-06-07 19:06:20');
INSERT INTO `t_img_detail` VALUES ('1666402493352484866', '简约壁纸', 'https://cc-video-oss.oss-accelerate.aliyuncs.com/2023/06/07/fe1c4cc0a1774fcf9aba7348ea2f1d7920220817094811_2112b.jpg', '1601126546037874690', '1594985167723864210', '1594985167723864062', '[\"https://cc-video-oss.oss-accelerate.aliyuncs.com/2023/06/07/fe1c4cc0a1774fcf9aba7348ea2f1d7920220817094811_2112b.jpg\",\"https://cc-video-oss.oss-accelerate.aliyuncs.com/2023/06/07/73f32c548caf461ea38208772eb02c3020220817094811_cd64c.jpg\",\"https://cc-video-oss.oss-accelerate.aliyuncs.com/2023/06/07/ed09033852d849d7a5adf0bfe3ec34b820220817094811_5d52c.jpg\",\"https://cc-video-oss.oss-accelerate.aliyuncs.com/2023/06/07/2e133e1f73b742a79cd6910d2e03cc3f20220817094811_d13ec.jpg\",\"https://cc-video-oss.oss-accelerate.aliyuncs.com/2023/06/07/07897476a71a4fb1987f613c6e8b04b620220817094811_e1827.jpg\"]', '5', null, '1', '1', '0', '0', '0', '111111', '2023-06-07 19:11:29', null, '2023-06-07 19:12:42');
INSERT INTO `t_img_detail` VALUES ('1666421415170646017', '测试23', 'https://cc-video-oss.oss-accelerate.aliyuncs.com/2023/06/07/7c101faecb6f4cfe9ab641e2c70fbf2520220817094811_2112b.jpg', '1601126546037874692', '1594985167723864111', '1594985167723864061', '[\"https://cc-video-oss.oss-accelerate.aliyuncs.com/2023/06/07/7c101faecb6f4cfe9ab641e2c70fbf2520220817094811_2112b.jpg\",\"blob:http://localhost:8080/797b93a8-9daf-4b7a-ad93-389e84197b43\"]', '2', null, '0', '1', '0', '0', '0', '111111', '2023-06-07 20:26:41', null, '2023-06-09 11:16:47');
INSERT INTO `t_img_detail` VALUES ('1666424194878513154', '简约风格', 'https://cc-video-oss.oss-accelerate.aliyuncs.com/2023/06/07/60c1554da2864273b60348f5a78a8ecb1686122177-origin-IMG_2648.PNG', '1660834274611150849', '1594985167723864210', '1594985167723864062', '[\"https://cc-video-oss.oss-accelerate.aliyuncs.com/2023/06/07/60c1554da2864273b60348f5a78a8ecb1686122177-origin-IMG_2648.PNG\",\"https://cc-video-oss.oss-accelerate.aliyuncs.com/2023/06/07/4d3292e96f5648aab4b74f8d28cd2b821686122177-origin-IMG_2649.PNG\"]', '2', null, '1', '2', '0', '0', '0', '111111', '2023-06-07 20:37:43', null, '2023-06-07 20:37:59');
INSERT INTO `t_img_detail` VALUES ('1666426941103235074', '蜡笔小新', 'https://cc-video-oss.oss-accelerate.aliyuncs.com/2023/06/07/10a953e00693427e8b57f9bcd162a9001686142087-origin-IMG_2657.PNG', '1660834274611150849', '1594985167723864415', '1594985167723864066', '[\"https://cc-video-oss.oss-accelerate.aliyuncs.com/2023/06/07/10a953e00693427e8b57f9bcd162a9001686142087-origin-IMG_2657.PNG\",\"https://cc-video-oss.oss-accelerate.aliyuncs.com/2023/06/07/4da90c4651854a138383efdd960ed1aa1686142087-origin-IMG_2658.PNG\",\"https://cc-video-oss.oss-accelerate.aliyuncs.com/2023/06/07/02bbbf20551b4f17ad679864149b203a1686142088-origin-IMG_2659.PNG\",\"https://cc-video-oss.oss-accelerate.aliyuncs.com/2023/06/07/84ee6c4c93cd4321aa976b3dfeb3d1041686142088-origin-IMG_2660.PNG\"]', '4', null, '1', '3', '1', '0', '0', '111111', '2023-06-07 20:48:38', null, '2023-06-07 20:48:57');
INSERT INTO `t_img_detail` VALUES ('1666429009733967874', '动漫壁纸', 'https://cc-video-oss.oss-accelerate.aliyuncs.com/2023/06/07/b562bb80e4024d66b1bda4d66240508c1679665794-origin-IMG_1771.PNG', '1665003680654012418', '1594985167723864416', '1594985167723864066', '[\"https://cc-video-oss.oss-accelerate.aliyuncs.com/2023/06/07/b562bb80e4024d66b1bda4d66240508c1679665794-origin-IMG_1771.PNG\",\"https://cc-video-oss.oss-accelerate.aliyuncs.com/2023/06/07/b5659c8ada194f46a967f4024cf9296d1679665789-origin-IMG_1770.PNG\",\"https://cc-video-oss.oss-accelerate.aliyuncs.com/2023/06/07/71436c249ac346ea822969584ebbe73f1679665802-origin-IMG_1772.PNG\"]', '3', null, '1', '3', '0', '0', '0', '111111', '2023-06-07 20:56:51', null, '2023-06-07 20:57:20');
INSERT INTO `t_img_detail` VALUES ('1666429778054963202', '最喜欢蜡笔小新', 'https://cc-video-oss.oss-accelerate.aliyuncs.com/2023/06/07/56be380c1b954aeaa10c9035bb9379491686142765-origin-IMG_2663.PNG', '1665003680654012418', '1594985167723864415', '1594985167723864066', '[\"https://cc-video-oss.oss-accelerate.aliyuncs.com/2023/06/07/56be380c1b954aeaa10c9035bb9379491686142765-origin-IMG_2663.PNG\",\"https://cc-video-oss.oss-accelerate.aliyuncs.com/2023/06/07/38e720cb02854f1ca63d99b2d12879601686142765-origin-IMG_2665.PNG\",\"https://cc-video-oss.oss-accelerate.aliyuncs.com/2023/06/07/a32e47ca982e4167a789cec90bf6da0f1686142765-origin-IMG_2664.PNG\",\"https://cc-video-oss.oss-accelerate.aliyuncs.com/2023/06/07/d54eca37191e4fdf973d3676efeba4201686142765-origin-IMG_2666.PNG\",\"https://cc-video-oss.oss-accelerate.aliyuncs.com/2023/06/07/984dceeeff9c4fe19436aa4bac0afc721686142765-origin-IMG_2667.PNG\"]', '5', null, '1', '1', '0', '0', '0', '111111', '2023-06-07 20:59:55', null, '2023-06-07 21:00:44');
INSERT INTO `t_img_detail` VALUES ('1666630496250613762', '蜡笔小新', 'https://cc-video-oss.oss-accelerate.aliyuncs.com/2023/06/08/bf0eb1d338d64aad972b609cb9a3d6511686142765-origin-IMG_2664.PNG', '1660834274611150849', '1594985167723864415', '1594985167723864066', '[\"https://cc-video-oss.oss-accelerate.aliyuncs.com/2023/06/08/bf0eb1d338d64aad972b609cb9a3d6511686142765-origin-IMG_2664.PNG\",\"https://cc-video-oss.oss-accelerate.aliyuncs.com/2023/06/08/5181c7ab0d04465a94f8bf60c63650ca1686142765-origin-IMG_2665.PNG\",\"https://cc-video-oss.oss-accelerate.aliyuncs.com/2023/06/08/b4db139844c145e6a04040adda66698c1686142765-origin-IMG_2663.PNG\"]', '3', null, '1', '1', '1', '0', '0', '111111', '2023-06-08 10:17:29', null, '2023-06-08 10:17:42');
INSERT INTO `t_img_detail` VALUES ('1666632157719224321', '猫咪', 'https://cc-video-oss.oss-accelerate.aliyuncs.com/2023/06/08/37751cbc0eb74289b3fd5a023f0567551686191013-origin-IMG_2668.PNG', '1660834274611150849', '1594985167723864315', '1594985167723864063', '[\"https://cc-video-oss.oss-accelerate.aliyuncs.com/2023/06/08/37751cbc0eb74289b3fd5a023f0567551686191013-origin-IMG_2668.PNG\",\"https://cc-video-oss.oss-accelerate.aliyuncs.com/2023/06/08/af22122d5d974193ac404eca508904b61686191014-origin-IMG_2670.PNG\",\"https://cc-video-oss.oss-accelerate.aliyuncs.com/2023/06/08/2a0e9f5c94ac44c292cb2fb9167353d91686191014-origin-IMG_2669.PNG\",\"https://cc-video-oss.oss-accelerate.aliyuncs.com/2023/06/08/664451fb8b564d37852cddfce07f7b951686191014-origin-IMG_2671.PNG\"]', '4', null, '1', '4', '0', '0', '0', '111111', '2023-06-08 10:24:06', null, '2023-06-08 10:25:17');
INSERT INTO `t_img_detail` VALUES ('1666633792801529858', '壁纸', 'https://cc-video-oss.oss-accelerate.aliyuncs.com/2023/06/08/85b0b708cb9e425fa71357c3601eef9d1686191410-origin-IMG_2675.PNG', '1660834274611150849', '1594985167723864210', '1594985167723864062', '[\"https://cc-video-oss.oss-accelerate.aliyuncs.com/2023/06/08/85b0b708cb9e425fa71357c3601eef9d1686191410-origin-IMG_2675.PNG\",\"https://cc-video-oss.oss-accelerate.aliyuncs.com/2023/06/08/80a89800be1c46449bdc4f310f7a1a541686191411-origin-IMG_2676.PNG\",\"https://cc-video-oss.oss-accelerate.aliyuncs.com/2023/06/08/2900f7f9ce56432e9482d0c29b2adf171686191411-origin-IMG_2677.PNG\"]', '3', null, '1', '5', '1', '1', '0', '111111', '2023-06-08 10:30:35', null, '2023-06-08 10:31:44');
INSERT INTO `t_img_detail` VALUES ('1666662555434139649', '壁纸', 'https://cc-video-oss.oss-accelerate.aliyuncs.com/2023/06/08/9e3b03ebbb074f48a2a49c96ee9bd2d21686191411-origin-IMG_2677.PNG', '1660834274611150849', '1594985167723864210', '1594985167723864062', '[\"https://cc-video-oss.oss-accelerate.aliyuncs.com/2023/06/08/9e3b03ebbb074f48a2a49c96ee9bd2d21686191411-origin-IMG_2677.PNG\",\"https://cc-video-oss.oss-accelerate.aliyuncs.com/2023/06/08/258c762889d8446aa148834b784023691686196798-origin-IMG_2678.PNG\",\"https://cc-video-oss.oss-accelerate.aliyuncs.com/2023/06/08/a9f3a1487f114a68bb4101aa746604e61686196798-origin-IMG_2679.PNG\",\"https://cc-video-oss.oss-accelerate.aliyuncs.com/2023/06/08/f5f3190c84e14ee3921050e11c1bdb031686196798-origin-IMG_2680.PNG\"]', '4', null, '1', '1', '0', '0', '0', '111111', '2023-06-08 12:24:53', null, '2023-06-08 12:33:20');
INSERT INTO `t_img_detail` VALUES ('1667028157894037505', '壁纸', 'https://ccimgcloud.oss-accelerate.aliyuncs.com/2023/06/09/f0e2a6df895a431ba7ad578c71a6b15e20220817094811_e1827.jpg', '1601126546037874692', '1594985167723864510', '1594985167723864064', '[\"https://ccimgcloud.oss-accelerate.aliyuncs.com/2023/06/09/f0e2a6df895a431ba7ad578c71a6b15e20220817094811_e1827.jpg\",\"https://ccimgcloud.oss-accelerate.aliyuncs.com/2023/06/09/a43d55dc36d24b658d356be0d60be4b520220817094812_4d7a6.jpg\",\"https://ccimgcloud.oss-accelerate.aliyuncs.com/2023/06/09/19305f88b839491b92fae1650346dfbc20220817094812_4d7a6.jpg\"]', '3', null, '1', '3', '5', '1', '5', '111111', '2023-06-09 12:37:39', null, '2023-06-09 12:37:59');
INSERT INTO `t_img_detail` VALUES ('1667090944137654273', '蜡笔小新', 'https://ccimgcloud.oss-accelerate.aliyuncs.com/2023/06/09/38087aa4db354373b3048b180671e2ce1686300405-origin-IMG_2689.PNG', '1660834274611150849', '1594985167723864415', '1594985167723864066', '[\"https://ccimgcloud.oss-accelerate.aliyuncs.com/2023/06/09/38087aa4db354373b3048b180671e2ce1686300405-origin-IMG_2689.PNG\",\"https://ccimgcloud.oss-accelerate.aliyuncs.com/2023/06/09/a77ae14deaf14d1f9b42af6e266eff091686300406-origin-IMG_2691.PNG\",\"https://ccimgcloud.oss-accelerate.aliyuncs.com/2023/06/09/6f430b0e508e4934bfe3698ce49e5d601686300406-origin-IMG_2692.PNG\",\"https://ccimgcloud.oss-accelerate.aliyuncs.com/2023/06/09/840e9a14ddfb4617b33be805d702b6291686300406-origin-IMG_2693.PNG\",\"https://ccimgcloud.oss-accelerate.aliyuncs.com/2023/06/09/924a259071b94eb88dadcfb2c8e0dfd01686300406-origin-IMG_2696.PNG\",\"https://ccimgcloud.oss-accelerate.aliyuncs.com/2023/06/09/2452b6342f0a4d45b5612e2bbc8393c91686300406-origin-IMG_2695.PNG\"]', '6', null, '1', '12', '0', '0', '1', '111111', '2023-06-09 16:47:09', null, '2023-06-09 16:47:35');
INSERT INTO `t_img_detail` VALUES ('1667192049936908290', '女生头像', 'https://ccimgcloud.oss-accelerate.aliyuncs.com/2023/06/09/b057e48580b243118c29610aaf4c9d591686324504-origin-IMG_2714.PNG', '1660834274611150849', '1594985167723864112', '1594985167723864061', '[\"https://ccimgcloud.oss-accelerate.aliyuncs.com/2023/06/09/b057e48580b243118c29610aaf4c9d591686324504-origin-IMG_2714.PNG\",\"https://ccimgcloud.oss-accelerate.aliyuncs.com/2023/06/09/b2a18bfd63c2493fb045a0d736f11f471686324505-origin-IMG_2715.PNG\",\"https://ccimgcloud.oss-accelerate.aliyuncs.com/2023/06/09/276547f85ccb4848928d72de270a28341686324505-origin-IMG_2716.PNG\",\"https://ccimgcloud.oss-accelerate.aliyuncs.com/2023/06/09/56bc4c7db4a84710821044539f7d362e1686324505-origin-IMG_2717.PNG\"]', '4', null, '1', '1', '1', '0', '0', '111111', '2023-06-09 23:28:54', null, '2023-06-09 23:29:34');
INSERT INTO `t_img_detail` VALUES ('1667192491882332162', '女生头像', 'https://ccimgcloud.oss-accelerate.aliyuncs.com/2023/06/09/3b71617eabb34b67b85f5fd91ac63aec1686324505-origin-IMG_2722.PNG', '1601126546037874693', '1594985167723864112', '1594985167723864061', '[\"https://ccimgcloud.oss-accelerate.aliyuncs.com/2023/06/09/3b71617eabb34b67b85f5fd91ac63aec1686324505-origin-IMG_2722.PNG\",\"https://ccimgcloud.oss-accelerate.aliyuncs.com/2023/06/09/f3d84887ade240ef80f508c889f325991686324505-origin-IMG_2721.PNG\",\"https://ccimgcloud.oss-accelerate.aliyuncs.com/2023/06/09/f6f6781a492447a093d1cc1a50d631aa1686324505-origin-IMG_2720.PNG\",\"https://ccimgcloud.oss-accelerate.aliyuncs.com/2023/06/09/fe60556b8d584a27a847afe3e0ca799d1686324505-origin-IMG_2719.PNG\",\"https://ccimgcloud.oss-accelerate.aliyuncs.com/2023/06/09/3b6afacf403e43e78fb0124585d1071b1686324505-origin-IMG_2718.PNG\"]', '5', null, '1', '7', '0', '0', '0', '111111', '2023-06-09 23:30:40', null, '2023-06-09 23:31:18');
INSERT INTO `t_img_detail` VALUES ('1667196100946706433', '壁纸分享', 'https://ccimgcloud.oss-accelerate.aliyuncs.com/2023/06/09/7ba590f2f6e04689b98d744dd982a3391686325480-origin-IMG_2723.PNG', '1601126546037874693', '1594985167723864210', '1594985167723864062', '[\"https://ccimgcloud.oss-accelerate.aliyuncs.com/2023/06/09/7ba590f2f6e04689b98d744dd982a3391686325480-origin-IMG_2723.PNG\",\"https://ccimgcloud.oss-accelerate.aliyuncs.com/2023/06/09/a6e76e9159684529819fdcca882ff4031686325480-origin-IMG_2725.PNG\",\"https://ccimgcloud.oss-accelerate.aliyuncs.com/2023/06/09/db4c19c035e647eeb522663f9fc398e61686325481-origin-IMG_2726.PNG\",\"https://ccimgcloud.oss-accelerate.aliyuncs.com/2023/06/09/76197df922a7449fbf7c573f735c09961686325480-origin-IMG_2724.PNG\"]', '4', null, '1', '3', '0', '0', '0', '111111', '2023-06-09 23:45:00', null, '2023-06-09 23:45:32');
INSERT INTO `t_img_detail` VALUES ('1667818618590138369', '壁纸分享', 'https://ccimgcloud.oss-accelerate.aliyuncs.com/2023/06/11/0195f16d5840432f9b26b80ae13c1efd1686325481-origin-IMG_2726.PNG', '1660834274611150849', '1594985167723864210', '1594985167723864062', '[\"https://ccimgcloud.oss-accelerate.aliyuncs.com/2023/06/11/0195f16d5840432f9b26b80ae13c1efd1686325481-origin-IMG_2726.PNG\",\"https://ccimgcloud.oss-accelerate.aliyuncs.com/2023/06/11/3d82cc6d652b4fbfbf1cc3a3732688b61686325480-origin-IMG_2725.PNG\"]', '2', null, '1', '0', '0', '0', '0', '111111', '2023-06-11 16:58:40', null, '2023-06-11 16:58:50');
INSERT INTO `t_img_detail` VALUES ('1668078607472844802', '壁纸', 'https://ccimgcloud.oss-accelerate.aliyuncs.com/2023/06/12/722318d85fe5478e937f5583fc919efe1686535876-origin-IMG_2728.PNG', '1660834274611150849', '1594985167723864310', '1594985167723864063', '[\"https://ccimgcloud.oss-accelerate.aliyuncs.com/2023/06/12/722318d85fe5478e937f5583fc919efe1686535876-origin-IMG_2728.PNG\",\"https://ccimgcloud.oss-accelerate.aliyuncs.com/2023/06/12/83a0726999e74c10b7a9dc80bb403e341686535876-origin-IMG_2729.PNG\",\"https://ccimgcloud.oss-accelerate.aliyuncs.com/2023/06/12/9d200527d9e94178b957b50849d9d4be1686535876-origin-IMG_2730.PNG\",\"https://ccimgcloud.oss-accelerate.aliyuncs.com/2023/06/12/e7663e52dc3a4558b01d865d328ddb3e1686535876-origin-IMG_2731.PNG\"]', '4', null, '1', '0', '0', '0', '0', '111111', '2023-06-12 10:11:46', null, '2023-06-12 10:11:58');
INSERT INTO `t_img_detail` VALUES ('1668514526143225858', '夏天壁纸', 'https://ccimgcloud.oss-accelerate.aliyuncs.com/2023/06/13/9bb237fa0ad14686926d9285f5b31c191686639805-origin-IMG_2783.PNG', '1660834274611150849', '1594985167723864510', '1594985167723864064', '[\"https://ccimgcloud.oss-accelerate.aliyuncs.com/2023/06/13/9bb237fa0ad14686926d9285f5b31c191686639805-origin-IMG_2783.PNG\",\"https://ccimgcloud.oss-accelerate.aliyuncs.com/2023/06/13/938bed60b127480da0f7c0845ea8eb741686639806-origin-IMG_2784.PNG\",\"https://ccimgcloud.oss-accelerate.aliyuncs.com/2023/06/13/406feb8af0414ae8b986c9f04a8416f81686639806-origin-IMG_2785.PNG\"]', '3', null, '1', '1', '0', '0', '0', '111111', '2023-06-13 15:03:57', null, '2023-06-13 15:04:10');
INSERT INTO `t_img_detail` VALUES ('1668515092730781697', '风景壁纸', 'https://ccimgcloud.oss-accelerate.aliyuncs.com/2023/06/13/aaa40b4dbbd64ce7967a146e872d88931686639806-origin-IMG_2786.PNG', '1656859189458067457', '1664194184214036482', '1594985167723864110', '[\"https://ccimgcloud.oss-accelerate.aliyuncs.com/2023/06/13/aaa40b4dbbd64ce7967a146e872d88931686639806-origin-IMG_2786.PNG\",\"https://ccimgcloud.oss-accelerate.aliyuncs.com/2023/06/13/b90be3fb3afb4a9383b7be24f210904b1686639806-origin-IMG_2787.PNG\",\"https://ccimgcloud.oss-accelerate.aliyuncs.com/2023/06/13/8859184d7dd4445283b00558aa4038ed1686639806-origin-IMG_2788.PNG\",\"https://ccimgcloud.oss-accelerate.aliyuncs.com/2023/06/13/086b7948ebf64b449d7be1879fb5da7a1686639807-origin-IMG_2790.PNG\",\"https://ccimgcloud.oss-accelerate.aliyuncs.com/2023/06/13/165c1e636db4482ca4422d955caf59b71686639808-origin-IMG_2791.PNG\",\"https://ccimgcloud.oss-accelerate.aliyuncs.com/2023/06/13/5172666a1f164c02a8e2013337998f711686639807-origin-IMG_2789.PNG\"]', '6', null, '1', '0', '0', '0', '0', '111111', '2023-06-13 15:06:12', null, '2023-06-13 15:07:05');
INSERT INTO `t_img_detail` VALUES ('1668515553928060930', '壁纸', 'https://ccimgcloud.oss-accelerate.aliyuncs.com/2023/06/13/743304a3f24d4f7aa0d5c1b37d48ddb21686640054-origin-IMG_2792.PNG', '1656859189458067457', '1594985167723864510', '1594985167723864064', '[\"https://ccimgcloud.oss-accelerate.aliyuncs.com/2023/06/13/743304a3f24d4f7aa0d5c1b37d48ddb21686640054-origin-IMG_2792.PNG\",\"https://ccimgcloud.oss-accelerate.aliyuncs.com/2023/06/13/20d970d447134a149a9072abe1c3bef91686640054-origin-IMG_2794.PNG\",\"https://ccimgcloud.oss-accelerate.aliyuncs.com/2023/06/13/b0c9345a85134eb3b45df50ce16c28611686640055-origin-IMG_2795.PNG\"]', '3', null, '1', '1', '0', '0', '4', '111111', '2023-06-13 15:08:02', null, '2023-06-13 15:08:16');
INSERT INTO `t_img_detail` VALUES ('1668515718852288514', 'ins简约风', 'https://ccimgcloud.oss-accelerate.aliyuncs.com/2023/06/13/ffbcacbc6e264a18943db04fbec06d6c1686640055-origin-IMG_2797.PNG', '1656859189458067457', '1594985167723864210', '1594985167723864062', '[\"https://ccimgcloud.oss-accelerate.aliyuncs.com/2023/06/13/ffbcacbc6e264a18943db04fbec06d6c1686640055-origin-IMG_2797.PNG\",\"https://ccimgcloud.oss-accelerate.aliyuncs.com/2023/06/13/7b803def8ad046df8539ee244b3191771686640055-origin-IMG_2798.PNG\",\"https://ccimgcloud.oss-accelerate.aliyuncs.com/2023/06/13/011d389beb0a4f5c829f2d7f5e04ff7d1686640055-origin-IMG_2799.PNG\",\"https://ccimgcloud.oss-accelerate.aliyuncs.com/2023/06/13/1e4b027de6d34a4c89d8c77cc4e3d0031686640055-origin-IMG_2800.PNG\"]', '4', null, '1', '1', '0', '0', '2', '111111', '2023-06-13 15:08:42', null, '2023-06-13 15:08:58');
INSERT INTO `t_img_detail` VALUES ('1668516922273603586', '唯美', 'https://ccimgcloud.oss-accelerate.aliyuncs.com/2023/06/13/92b5fad8636a4131a258d377550883871686640362-origin-IMG_2801.PNG', '1656859189458067457', '1594985167723864210', '1594985167723864062', '[\"https://ccimgcloud.oss-accelerate.aliyuncs.com/2023/06/13/92b5fad8636a4131a258d377550883871686640362-origin-IMG_2801.PNG\",\"https://ccimgcloud.oss-accelerate.aliyuncs.com/2023/06/13/e37880f2cfd64e04b85418be3735ece61686640362-origin-IMG_2802.PNG\",\"https://ccimgcloud.oss-accelerate.aliyuncs.com/2023/06/13/5a3cd3bb76694c1a9be1af8b7a5cfc501686640362-origin-IMG_2803.PNG\"]', '3', null, '1', '4', '1', '0', '0', '111111', '2023-06-13 15:13:28', null, '2023-06-13 15:13:40');
INSERT INTO `t_img_detail` VALUES ('1668517028427243521', '风景', 'https://ccimgcloud.oss-accelerate.aliyuncs.com/2023/06/13/8519d0b2bfee49548d7062c9c22ebd7d1686640362-origin-IMG_2803.PNG', '1656859189458067457', '1594985167723864510', '1594985167723864064', '[\"https://ccimgcloud.oss-accelerate.aliyuncs.com/2023/06/13/8519d0b2bfee49548d7062c9c22ebd7d1686640362-origin-IMG_2803.PNG\",\"https://ccimgcloud.oss-accelerate.aliyuncs.com/2023/06/13/c3081b81b3c147498fb7535208c48f051686640363-origin-IMG_2807.PNG\",\"https://ccimgcloud.oss-accelerate.aliyuncs.com/2023/06/13/537e484cf26d47da9eb6e9b9d2e53a411686640363-origin-IMG_2806.PNG\",\"https://ccimgcloud.oss-accelerate.aliyuncs.com/2023/06/13/ecdfac27ce25473a890d713c3b03e5d31686640363-origin-IMG_2808.PNG\",\"https://ccimgcloud.oss-accelerate.aliyuncs.com/2023/06/13/0e44efa0208b4d2c8295c0e68784fa1c1686640362-origin-IMG_2804.PNG\"]', '5', null, '1', '3', '2', '1', '0', '111111', '2023-06-13 15:13:54', null, '2023-06-13 15:14:10');
INSERT INTO `t_img_detail` VALUES ('1670680712440287233', '壁纸', 'https://ccimgcloud.oss-accelerate.aliyuncs.com/2023/06/19/7bd537045dcc41479ed9d52e38bd16a71686640363-origin-IMG_2807.PNG', '1660834274611150849', '1594985167723864510', '1594985167723864064', '[\"https://ccimgcloud.oss-accelerate.aliyuncs.com/2023/06/19/7bd537045dcc41479ed9d52e38bd16a71686640363-origin-IMG_2807.PNG\",\"https://ccimgcloud.oss-accelerate.aliyuncs.com/2023/06/19/5d3d72347b8d441f87d1283b347c53231686640363-origin-IMG_2806.PNG\"]', '2', null, '1', '15', '2', '0', '12', '111111', '2023-06-19 14:31:36', null, '2023-06-19 14:31:48');
INSERT INTO `t_img_detail` VALUES ('1681299677559988226', '蓝天', 'https://ccimgcloud.oss-accelerate.aliyuncs.com/2023/07/18/587be2d2b2444d1a8017acc8cce09b4793710320361243f5b01cd0dc3cc71ca31685852167-origin-IMG_2538.PNG', '1599618448034959361', '1594985167723864510', '1594985167723864064', '[\"https://ccimgcloud.oss-accelerate.aliyuncs.com/2023/07/18/587be2d2b2444d1a8017acc8cce09b4793710320361243f5b01cd0dc3cc71ca31685852167-origin-IMG_2538.PNG\",\"https://ccimgcloud.oss-accelerate.aliyuncs.com/2023/07/18/ae48a6b15ace4cb59819f32ace5a1806bbfd849f385a46e5a3ec6ac15fb602681685852167-origin-IMG_2536.PNG\",\"https://ccimgcloud.oss-accelerate.aliyuncs.com/2023/07/18/0fe9b2ccd09e4207917869255e177e73ad75427f53aa474fa24a34d8d4f4bf701685852167-origin-IMG_2535.PNG\"]', '3', null, '1', '2', '0', '1', '0', '111111', '2023-07-18 21:47:35', null, '2023-07-18 21:47:35');
INSERT INTO `t_img_detail` VALUES ('1681506995014803458', '关', 'https://ccimgcloud.oss-accelerate.aliyuncs.com/2023/07/19/a0763d11c86b4c7bb4ec2218e3db9a92关晓彤.jpg', '1599618448034959361', '1594985167723864119', '1594985167723864062', '[\"https://ccimgcloud.oss-accelerate.aliyuncs.com/2023/07/19/a0763d11c86b4c7bb4ec2218e3db9a92关晓彤.jpg\"]', '1', null, '1', '0', '0', '0', '11', '111111', '2023-07-19 11:31:23', null, '2023-07-19 11:31:23');
INSERT INTO `t_img_detail` VALUES ('1683308800493318146', '这美女是谁呀？', 'https://ccimgcloud.oss-accelerate.aliyuncs.com/2023/07/24/9cc2920cd7764aa6ad2a86183939121fFqCGpSUakAANf0p.jpg', '1599618448034959361', '1594985167723864210', '1594985167723864062', '[\"https://ccimgcloud.oss-accelerate.aliyuncs.com/2023/07/24/9cc2920cd7764aa6ad2a86183939121fFqCGpSUakAANf0p.jpg\"]', '1', null, '1', '0', '0', '0', '0', '111111', '2023-07-24 10:51:07', null, '2023-07-24 10:51:07');
INSERT INTO `t_img_detail` VALUES ('1684116889115127809', 'ceshi', 'https://ccimgcloud.oss-accelerate.aliyuncs.com/2023/07/26/511f7d0594a94203ac664397febd050a12345.png', '1601126546037874693', '1664193783028858882', '1594985167723864069', '[\"https://ccimgcloud.oss-accelerate.aliyuncs.com/2023/07/26/511f7d0594a94203ac664397febd050a12345.png\"]', '1', null, '1', '0', '2', '0', '0', '111111', '2023-07-26 16:22:10', null, '2023-07-26 16:22:10');
INSERT INTO `t_img_detail` VALUES ('1684797939130658817', '好看好看', 'https://ccimgcloud.oss-accelerate.aliyuncs.com/2023/07/28/0484ae48927d43279c7fce8f0fbe291c3.jpg', '1599618448034959361', '1594985167723864510', '1594985167723864064', '[\"https://ccimgcloud.oss-accelerate.aliyuncs.com/2023/07/28/0484ae48927d43279c7fce8f0fbe291c3.jpg\"]', '1', null, '1', '0', '1', '0', '0', '111111', '2023-07-28 13:28:25', null, '2023-07-28 13:28:25');
INSERT INTO `t_img_detail` VALUES ('1686992537575845890', '123131', 'https://ccimgcloud.oss-accelerate.aliyuncs.com/2023/08/03/52f9c2fc3eec4044a10bf45fe5c5564a屏幕截图(1).png', '1601126546037874690', '1594985167723864415', '1594985167723864066', '[\"https://ccimgcloud.oss-accelerate.aliyuncs.com/2023/08/03/52f9c2fc3eec4044a10bf45fe5c5564a屏幕截图(1).png\"]', '1', null, '1', '0', '1', '0', '0', '111111', '2023-08-03 14:48:58', null, '2023-08-03 14:48:58');
INSERT INTO `t_img_detail` VALUES ('1689536731511091201', '表情包', 'https://ccimgcloud.oss-accelerate.aliyuncs.com/2023/08/10/316ba341762e4d1bbf078f72764b3ec31690735416-origin-IMG_3287.JPG', '1656858656227811330', '1594985167723864310', '1594985167723864063', '[\"https://ccimgcloud.oss-accelerate.aliyuncs.com/2023/08/10/316ba341762e4d1bbf078f72764b3ec31690735416-origin-IMG_3287.JPG\"]', '1', null, '1', '0', '1', '0', '2', '111111', '2023-08-10 15:18:42', null, '2023-08-10 15:18:42');
INSERT INTO `t_img_detail` VALUES ('1689540101617577985', '非常好看', 'https://ccimgcloud.oss-accelerate.aliyuncs.com/2023/08/10/aab1e442f69046539b0faa8a491078ff63aa594b8957e35640aef073.webp', '1599618448034959361', '1594985167723864111', '1594985167723864061', '[\"https://ccimgcloud.oss-accelerate.aliyuncs.com/2023/08/10/aab1e442f69046539b0faa8a491078ff63aa594b8957e35640aef073.webp\"]', '1', null, '1', '0', '0', '1', '1', '111111', '2023-08-10 15:32:05', null, '2023-08-10 15:32:05');
INSERT INTO `t_img_detail` VALUES ('1689542891731513345', '哈哈哈', 'https://ccimgcloud.oss-accelerate.aliyuncs.com/2023/08/10/5528b7b49b1d482e86ae92182db9a9eeIMG_20230809_195348.jpg', '1689523487421587457', '1594985167723864116', '1594985167723864061', '[\"https://ccimgcloud.oss-accelerate.aliyuncs.com/2023/08/10/5528b7b49b1d482e86ae92182db9a9eeIMG_20230809_195348.jpg\"]', '1', null, '1', '0', '1', '0', '0', '111111', '2023-08-10 15:43:10', null, '2023-08-10 15:43:10');
INSERT INTO `t_img_detail` VALUES ('1691745572772474882', '接java作业', 'https://ccimgcloud.oss-accelerate.aliyuncs.com/2023/08/16/d647453c5b284aac8db1170c6e68adfa1692178509-origin-IMG_3349.PNG', '1660834274611150849', '1594985167723864111', '1594985167723864061', '[\"https://ccimgcloud.oss-accelerate.aliyuncs.com/2023/08/16/d647453c5b284aac8db1170c6e68adfa1692178509-origin-IMG_3349.PNG\"]', '1', null, '1', '0', '0', '0', '2', '111111', '2023-08-16 17:35:50', null, '2023-08-16 17:35:50');
INSERT INTO `t_img_detail` VALUES ('1693196017722261505', 'test\n\nsdfa', 'https://ccimgcloud.oss-accelerate.aliyuncs.com/2023/08/20/08678680632f4d9f98fcc7f0b0910a72公租房轮候公示.jpg', '1693194197998297089', '1594985167723864112', '1594985167723864061', '[\"https://ccimgcloud.oss-accelerate.aliyuncs.com/2023/08/20/08678680632f4d9f98fcc7f0b0910a72公租房轮候公示.jpg\"]', '1', null, '1', '0', '1', '0', '0', '111111', '2023-08-20 17:39:23', null, '2023-08-20 17:39:23');
INSERT INTO `t_img_detail` VALUES ('1702296750417633281', '测试', 'https://ccimgcloud.oss-accelerate.aliyuncs.com/2023/09/14/b30c13a536fe4463ae79bd28ce8cdbf6c58781f2d60443cf85732e615ab7d04a20220817094811_e1827.jpg', '1599618448034959361', '1594985167723864210', '1594985167723864062', '[\"https://ccimgcloud.oss-accelerate.aliyuncs.com/2023/09/14/b30c13a536fe4463ae79bd28ce8cdbf6c58781f2d60443cf85732e615ab7d04a20220817094811_e1827.jpg\"]', '1', null, '1', '0', '0', '0', '0', '111111', '2023-09-14 20:22:27', null, '2023-09-14 20:22:27');

-- ----------------------------
-- Table structure for t_message
-- ----------------------------
DROP TABLE IF EXISTS `t_message`;
CREATE TABLE `t_message` (
  `id` bigint NOT NULL,
  `send_id` bigint DEFAULT NULL,
  `accept_id` bigint DEFAULT NULL,
  `content` longtext,
  `time` longtext,
  `creator` bigint DEFAULT NULL,
  `create_date` datetime DEFAULT NULL,
  PRIMARY KEY (`id`)
) ENGINE=InnoDB DEFAULT CHARSET=utf8mb4 COLLATE=utf8mb4_0900_ai_ci;

-- ----------------------------
-- Records of t_message
-- ----------------------------
INSERT INTO `t_message` VALUES ('1680480224890880002', '1599618448034959361', '1660834274611150849', '1111', '1689492682082', '111111', '2023-07-16 15:31:22');
INSERT INTO `t_message` VALUES ('1680487247615393793', '1599618448034959361', '1660834274611150849', 'qqqqqq', '1689494356431', '111111', '2023-07-16 15:59:16');
INSERT INTO `t_message` VALUES ('1680487847090487297', '1601126546037874690', '1599618448034959361', '啊啊啊', '1689494499356', '111111', '2023-07-16 16:01:39');
INSERT INTO `t_message` VALUES ('1680488072664350722', '1599618448034959361', '1601126546037874690', '6', '1689494553138', '111111', '2023-07-16 16:02:33');
INSERT INTO `t_message` VALUES ('1680579366547914754', '1599618448034959361', '1660834274611150849', 'woaini', '1689516319296', '111111', '2023-07-16 22:05:19');
INSERT INTO `t_message` VALUES ('1680579399565475842', '1599618448034959361', '1660834274611150849', '我', '1689516327168', '111111', '2023-07-16 22:05:27');
INSERT INTO `t_message` VALUES ('1681290637417193473', '1601126546037874691', '1601126546037874692', '你好', '1689685899479', '111111', '2023-07-18 21:11:39');
INSERT INTO `t_message` VALUES ('1681967755247558658', '1601126546037874692', '1601126546037874691', '笨蛋', '1689847336956', '111111', '2023-07-20 18:02:17');
INSERT INTO `t_message` VALUES ('1683316312894435329', '1599618448034959361', '1601126546037874690', 'ni ', '1690168858154', '111111', '2023-07-24 11:20:58');
INSERT INTO `t_message` VALUES ('1684118044905926658', '1601126546037874692', '1601126546037874691', '嘻嘻', '1690360005962', '111111', '2023-07-26 16:26:46');
INSERT INTO `t_message` VALUES ('1684245172355952642', '1599618448034959361', '1660834274611150849', '。', '1690390315508', '111111', '2023-07-27 00:51:56');
INSERT INTO `t_message` VALUES ('1684792294641856513', '1599618448034959361', '1601126546037874690', '1', '1690520759625', '111111', '2023-07-28 13:06:00');
INSERT INTO `t_message` VALUES ('1684829876301950977', '1599618448034959361', '1660834274611150849', '。。\n', '1690529719792', '111111', '2023-07-28 15:35:20');
INSERT INTO `t_message` VALUES ('1686916018929233922', '1660834274611150849', '1599618448034959361', 'kkkkk', '1691027094952', '111111', '2023-08-03 09:44:55');
INSERT INTO `t_message` VALUES ('1687103746262265857', '1601126546037874690', '1599618448034959361', '', '1691071852637', '111111', '2023-08-03 22:10:53');
INSERT INTO `t_message` VALUES ('1687103752193011713', '1601126546037874690', '1599618448034959361', '', '1691071854051', '111111', '2023-08-03 22:10:54');
INSERT INTO `t_message` VALUES ('1687103784833085441', '1601126546037874690', '1599618448034959361', '', '1691071861833', '111111', '2023-08-03 22:11:02');
INSERT INTO `t_message` VALUES ('1687103787769098242', '1601126546037874690', '1599618448034959361', '', '1691071862532', '111111', '2023-08-03 22:11:03');
INSERT INTO `t_message` VALUES ('1687103788675067906', '1601126546037874690', '1599618448034959361', '', '1691071862749', '111111', '2023-08-03 22:11:03');
INSERT INTO `t_message` VALUES ('1687241965683437570', '1599618448034959361', '1660834274611150849', '', '1691104806715', '111111', '2023-08-04 07:20:07');
INSERT INTO `t_message` VALUES ('1687753382173962242', '1601126546037874690', '1599618448034959361', '12313', '1691226737909', '111111', '2023-08-05 17:12:18');
INSERT INTO `t_message` VALUES ('1687755530613911554', '1601126546037874690', '1601126546037874693', '21313131', '1691227250136', '111111', '2023-08-05 17:20:50');
INSERT INTO `t_message` VALUES ('1687756012250034178', '1601126546037874690', '1601126546037874693', '454', '1691227364967', '111111', '2023-08-05 17:22:45');
INSERT INTO `t_message` VALUES ('1687819006724108289', '1601126546037874690', '1601126546037874693', '', '1691242384020', '111111', '2023-08-05 21:33:04');
INSERT INTO `t_message` VALUES ('1688531479185944577', '1599618448034959361', '1660834274611150849', '11', '1691412250693', '111111', '2023-08-07 20:44:11');
INSERT INTO `t_message` VALUES ('1688628224792293378', '1599618448034959361', '1601126546037874690', '哈喽\n', '1691435316643', '111111', '2023-08-08 03:08:37');
INSERT INTO `t_message` VALUES ('1688628224846819330', '1599618448034959361', '1601126546037874690', '哈喽\n', '1691435316656', '111111', '2023-08-08 03:08:37');
INSERT INTO `t_message` VALUES ('1689524665651916801', '1689523487421587457', '1599618448034959361', '你好', '1691649044799', '111111', '2023-08-10 14:30:45');
INSERT INTO `t_message` VALUES ('1689524683205079041', '1689523487421587457', '1599618448034959361', '', '1691649048983', '111111', '2023-08-10 14:30:49');
INSERT INTO `t_message` VALUES ('1689524691371388930', '1689523487421587457', '1599618448034959361', '', '1691649050930', '111111', '2023-08-10 14:30:51');
INSERT INTO `t_message` VALUES ('1689524692726149122', '1689523487421587457', '1599618448034959361', '', '1691649051253', '111111', '2023-08-10 14:30:51');
INSERT INTO `t_message` VALUES ('1689524693380460545', '1689523487421587457', '1599618448034959361', '', '1691649051409', '111111', '2023-08-10 14:30:51');
INSERT INTO `t_message` VALUES ('1689524694085103617', '1689523487421587457', '1599618448034959361', '', '1691649051577', '111111', '2023-08-10 14:30:52');
INSERT INTO `t_message` VALUES ('1689524694638751746', '1689523487421587457', '1599618448034959361', '', '1691649051709', '111111', '2023-08-10 14:30:52');
INSERT INTO `t_message` VALUES ('1689524695301451778', '1689523487421587457', '1599618448034959361', '', '1691649051868', '111111', '2023-08-10 14:30:52');
INSERT INTO `t_message` VALUES ('1689524695913820161', '1689523487421587457', '1599618448034959361', '', '1691649052014', '111111', '2023-08-10 14:30:52');
INSERT INTO `t_message` VALUES ('1689524696526188546', '1689523487421587457', '1599618448034959361', '', '1691649052160', '111111', '2023-08-10 14:30:52');
INSERT INTO `t_message` VALUES ('1689524697117585409', '1689523487421587457', '1599618448034959361', '', '1691649052300', '111111', '2023-08-10 14:30:52');
INSERT INTO `t_message` VALUES ('1689524697801256962', '1689523487421587457', '1599618448034959361', '', '1691649052464', '111111', '2023-08-10 14:30:52');
INSERT INTO `t_message` VALUES ('1689524698417819649', '1689523487421587457', '1599618448034959361', '', '1691649052611', '111111', '2023-08-10 14:30:53');
INSERT INTO `t_message` VALUES ('1689524699130851329', '1689523487421587457', '1599618448034959361', '', '1691649052781', '111111', '2023-08-10 14:30:53');
INSERT INTO `t_message` VALUES ('1689524722493124609', '1689523487421587457', '1599618448034959361', '', '1691649058351', '111111', '2023-08-10 14:30:58');
INSERT INTO `t_message` VALUES ('1689524723134853122', '1689523487421587457', '1599618448034959361', '', '1691649058504', '111111', '2023-08-10 14:30:59');
INSERT INTO `t_message` VALUES ('1689524723751415810', '1689523487421587457', '1599618448034959361', '', '1691649058650', '111111', '2023-08-10 14:30:59');
INSERT INTO `t_message` VALUES ('1689524724372172802', '1689523487421587457', '1599618448034959361', '', '1691649058799', '111111', '2023-08-10 14:30:59');
INSERT INTO `t_message` VALUES ('1689532011363004418', '1599618448034959361', '1689523487421587457', '123123', '1691650796152', '111111', '2023-08-10 14:59:56');
INSERT INTO `t_message` VALUES ('1689532113460752386', '1599618448034959361', '1660834274611150849', '在么', '1691650820495', '111111', '2023-08-10 15:00:20');
INSERT INTO `t_message` VALUES ('1689540202087936001', '1599618448034959361', '1660834274611150849', '急急急', '1691652748974', '111111', '2023-08-10 15:32:29');
INSERT INTO `t_message` VALUES ('1689542422292426753', '1689523487421587457', '1599618448034959361', '这个apk是用uniapp打包的吗', '1691653278312', '111111', '2023-08-10 15:41:18');
INSERT INTO `t_message` VALUES ('1689542444023115778', '1689523487421587457', '1599618448034959361', '请问', '1691653283492', '111111', '2023-08-10 15:41:23');
INSERT INTO `t_message` VALUES ('1689874427571957761', '1689523487421587457', '1599618448034959361', '', '1691732434538', '111111', '2023-08-11 13:40:35');
INSERT INTO `t_message` VALUES ('1689874428230463490', '1689523487421587457', '1599618448034959361', '', '1691732434695', '111111', '2023-08-11 13:40:35');
INSERT INTO `t_message` VALUES ('1689874428708614146', '1689523487421587457', '1599618448034959361', '', '1691732434813', '111111', '2023-08-11 13:40:35');
INSERT INTO `t_message` VALUES ('1689874429295816706', '1689523487421587457', '1599618448034959361', '', '1691732434950', '111111', '2023-08-11 13:40:35');
INSERT INTO `t_message` VALUES ('1689874429903990786', '1689523487421587457', '1599618448034959361', '', '1691732435095', '111111', '2023-08-11 13:40:35');
INSERT INTO `t_message` VALUES ('1689874430671548417', '1689523487421587457', '1599618448034959361', '', '1691732435278', '111111', '2023-08-11 13:40:35');
INSERT INTO `t_message` VALUES ('1690366333737332738', '1689523487421587457', '1599618448034959361', '', '1691849714108', '111111', '2023-08-12 22:15:14');
INSERT INTO `t_message` VALUES ('1690600122891726849', '1601126546037874693', '1601126546037874690', '。', '1691905453785', '111111', '2023-08-13 13:44:14');
INSERT INTO `t_message` VALUES ('1692013606053441538', '1656859189458067457', '1601126546037874690', '你好你好', '1692242454433', '111111', '2023-08-17 11:20:54');
INSERT INTO `t_message` VALUES ('1692148384970928129', '1660834274611150849', '1599618448034959361', '啊啊', '1692274588230', '111111', '2023-08-17 20:16:28');
INSERT INTO `t_message` VALUES ('1692148536955727873', '1660834274611150849', '1599618448034959361', '我额', '1692274624466', '111111', '2023-08-17 20:17:04');
INSERT INTO `t_message` VALUES ('1692148568031326209', '1660834274611150849', '1599618448034959361', '太远', '1692274631875', '111111', '2023-08-17 20:17:12');
INSERT INTO `t_message` VALUES ('1692148833589489666', '1660834274611150849', '1599618448034959361', '太远', '1692274695189', '111111', '2023-08-17 20:18:15');
INSERT INTO `t_message` VALUES ('1692148865994682370', '1660834274611150849', '1599618448034959361', '寓', '1692274702916', '111111', '2023-08-17 20:18:23');
INSERT INTO `t_message` VALUES ('1692149109033627649', '1660834274611150849', '1599618448034959361', '哦哦', '1692274760860', '111111', '2023-08-17 20:19:21');
INSERT INTO `t_message` VALUES ('1692149165061140482', '1660834274611150849', '1599618448034959361', '好的', '1692274774218', '111111', '2023-08-17 20:19:34');
INSERT INTO `t_message` VALUES ('1692149999283040258', '1660834274611150849', '1599618448034959361', '哦哦', '1692274973112', '111111', '2023-08-17 20:22:53');
INSERT INTO `t_message` VALUES ('1692806381049020417', '1656858656227811330', '1601126546037874690', '你好', '1692431466719', '111111', '2023-08-19 15:51:07');
INSERT INTO `t_message` VALUES ('1692826192986570753', '1656857358946361346', '1660834274611150849', '你好', '1692436190254', '111111', '2023-08-19 17:09:50');
INSERT INTO `t_message` VALUES ('1692826300578856962', '1601126546037874690', '1656858656227811330', '在吗', '1692436215907', '111111', '2023-08-19 17:10:16');
INSERT INTO `t_message` VALUES ('1692826385517707265', '1601126546037874690', '1656858656227811330', 'ww', '1692436236158', '111111', '2023-08-19 17:10:36');
INSERT INTO `t_message` VALUES ('1692829632341016578', '1656857358946361346', '1660834274611150849', '在吗在吗', '1692437010260', '111111', '2023-08-19 17:23:30');
INSERT INTO `t_message` VALUES ('1692829873224089602', '1656857358946361346', '1599618448034959361', '你好', '1692437067690', '111111', '2023-08-19 17:24:28');
INSERT INTO `t_message` VALUES ('1692829908078755842', '1656857358946361346', '1599618448034959361', '在吗', '1692437076001', '111111', '2023-08-19 17:24:36');
INSERT INTO `t_message` VALUES ('1692829939779305473', '1656857358946361346', '1599618448034959361', '干嘛呢', '1692437083559', '111111', '2023-08-19 17:24:44');
INSERT INTO `t_message` VALUES ('1692829962311106561', '1656857358946361346', '1599618448034959361', '哦哦', '1692437088932', '111111', '2023-08-19 17:24:49');
INSERT INTO `t_message` VALUES ('1692829975216979970', '1656857358946361346', '1599618448034959361', '好的', '1692437092008', '111111', '2023-08-19 17:24:52');
INSERT INTO `t_message` VALUES ('1692830464230883330', '1656857358946361346', '1599618448034959361', 'II', '1692437208599', '111111', '2023-08-19 17:26:49');
INSERT INTO `t_message` VALUES ('1692830511316140034', '1599618448034959361', '1656857358946361346', 'shide', '1692437219824', '111111', '2023-08-19 17:27:00');
INSERT INTO `t_message` VALUES ('1692830622804934658', '1601126546037874692', '1601126546037874691', '33', '1692437246406', '111111', '2023-08-19 17:27:26');
INSERT INTO `t_message` VALUES ('1692830659102441473', '1601126546037874692', '1601126546037874691', 'ew', '1692437255060', '111111', '2023-08-19 17:27:35');
INSERT INTO `t_message` VALUES ('1692830690584887297', '1656857358946361346', '1599618448034959361', 'kk', '1692437262565', '111111', '2023-08-19 17:27:43');
INSERT INTO `t_message` VALUES ('1692830713926189057', '1656857358946361346', '1599618448034959361', '不会', '1692437268130', '111111', '2023-08-19 17:27:48');
INSERT INTO `t_message` VALUES ('1692830733626834946', '1656857358946361346', '1599618448034959361', '你好', '1692437272827', '111111', '2023-08-19 17:27:53');
INSERT INTO `t_message` VALUES ('1692831986029232130', '1601126546037874690', '1656858656227811330', '不是', '1692437571424', '111111', '2023-08-19 17:32:51');
INSERT INTO `t_message` VALUES ('1692832037153603585', '1601126546037874690', '1656858656227811330', '回复', '1692437583613', '111111', '2023-08-19 17:33:04');
INSERT INTO `t_message` VALUES ('1695656972511207426', '1599618448034959361', '1689523487421587457', '是的', '1693111100683', '111111', '2023-08-27 12:38:21');
INSERT INTO `t_message` VALUES ('1695667398879862786', '1599618448034959361', '1656857358946361346', '你好啊', '1693113586526', '111111', '2023-08-27 13:19:47');
INSERT INTO `t_message` VALUES ('1697053764243021825', '1695008784263471105', '1665003680654012418', '你好\n', '1693444121786', '111111', '2023-08-31 09:08:42');
INSERT INTO `t_message` VALUES ('1697151620345880577', '1599618448034959361', '1599618448034959361', '1111\n', '1693467452499', '111111', '2023-08-31 15:37:32');
INSERT INTO `t_message` VALUES ('1698537065906561026', '1599618448034959361', '1656857358946361346', 'gwegwg', '1693797768461', '111111', '2023-09-04 11:22:48');
INSERT INTO `t_message` VALUES ('1700870875188944898', '1599618448034959361', '1660834274611150849', 'S', '1694354191953', '111111', '2023-09-10 21:56:32');
INSERT INTO `t_message` VALUES ('1700870913696849921', '1599618448034959361', '1601126546037874690', '(͡° ͜ʖ ͡°)', '1694354201135', '111111', '2023-09-10 21:56:41');
INSERT INTO `t_message` VALUES ('1702572486785359873', '1599618448034959361', '1656857358946361346', '你是什么大佬啊', '1694759887774', '111111', '2023-09-15 14:38:08');
INSERT INTO `t_message` VALUES ('1702572564132519937', '1599618448034959361', '1656857358946361346', 'hi', '1694759906214', '111111', '2023-09-15 14:38:26');
INSERT INTO `t_message` VALUES ('1702923966763528193', '1599618448034959361', '1656857358946361346', 'g ', '1694843687129', '111111', '2023-09-16 13:54:47');

-- ----------------------------
-- Table structure for t_message_user_relation
-- ----------------------------
DROP TABLE IF EXISTS `t_message_user_relation`;
CREATE TABLE `t_message_user_relation` (
  `id` bigint NOT NULL,
  `send_id` bigint DEFAULT NULL,
  `accept_id` bigint DEFAULT NULL,
  `count` int DEFAULT '0',
  `content` longtext,
  `creator` bigint DEFAULT NULL,
  `create_date` datetime DEFAULT NULL,
  `update_date` datetime DEFAULT NULL,
  PRIMARY KEY (`id`)
) ENGINE=InnoDB DEFAULT CHARSET=utf8mb4 COLLATE=utf8mb4_0900_ai_ci;

-- ----------------------------
-- Records of t_message_user_relation
-- ----------------------------
INSERT INTO `t_message_user_relation` VALUES ('1680480225083817986', '1599618448034959361', '1660834274611150849', '1', 'S', '111111', '2023-07-16 15:31:22', '2023-09-10 21:56:32');
INSERT INTO `t_message_user_relation` VALUES ('1680480225176092673', '1660834274611150849', '1599618448034959361', '0', 'S', '111111', '2023-07-16 15:31:22', '2023-09-10 21:56:32');
INSERT INTO `t_message_user_relation` VALUES ('1680487847111458817', '1601126546037874690', '1599618448034959361', '0', '(͡° ͜ʖ ͡°)', '111111', '2023-07-16 16:01:39', '2023-09-10 21:56:41');
INSERT INTO `t_message_user_relation` VALUES ('1680487847254065153', '1599618448034959361', '1601126546037874690', '0', '(͡° ͜ʖ ͡°)', '111111', '2023-07-16 16:01:39', '2023-09-10 21:56:41');
INSERT INTO `t_message_user_relation` VALUES ('1681290637593354241', '1601126546037874691', '1601126546037874692', '0', 'ew', '111111', '2023-07-18 21:11:40', '2023-08-19 17:27:35');
INSERT INTO `t_message_user_relation` VALUES ('1681290637643685889', '1601126546037874692', '1601126546037874691', '3', 'ew', '111111', '2023-07-18 21:11:40', '2023-08-19 17:27:35');
INSERT INTO `t_message_user_relation` VALUES ('1687755530613911555', '1601126546037874690', '1601126546037874693', '0', '。', '111111', '2023-08-05 17:20:50', '2023-08-13 13:44:14');
INSERT INTO `t_message_user_relation` VALUES ('1687755530626494466', '1601126546037874693', '1601126546037874690', '0', '。', '111111', '2023-08-05 17:20:50', '2023-08-13 13:44:14');
INSERT INTO `t_message_user_relation` VALUES ('1689524665664499713', '1689523487421587457', '1599618448034959361', '0', '是的', '111111', '2023-08-10 14:30:45', '2023-08-27 12:38:21');
INSERT INTO `t_message_user_relation` VALUES ('1689524665668694018', '1599618448034959361', '1689523487421587457', '1', '是的', '111111', '2023-08-10 14:30:45', '2023-08-27 12:38:21');
INSERT INTO `t_message_user_relation` VALUES ('1692013606066024449', '1656859189458067457', '1601126546037874690', '0', '你好你好', '111111', '2023-08-17 11:20:54', '2023-08-17 11:20:54');
INSERT INTO `t_message_user_relation` VALUES ('1692013606091190273', '1601126546037874690', '1656859189458067457', '0', '你好你好', '111111', '2023-08-17 11:20:54', '2023-08-17 11:20:54');
INSERT INTO `t_message_user_relation` VALUES ('1692806381120323585', '1656858656227811330', '1601126546037874690', '0', '回复', '111111', '2023-08-19 15:51:07', '2023-08-19 17:33:04');
INSERT INTO `t_message_user_relation` VALUES ('1692806381132906497', '1601126546037874690', '1656858656227811330', '0', '回复', '111111', '2023-08-19 15:51:07', '2023-08-19 17:33:04');
INSERT INTO `t_message_user_relation` VALUES ('1692826192994959361', '1656857358946361346', '1660834274611150849', '2', '在吗在吗', '111111', '2023-08-19 17:09:50', '2023-08-19 17:23:30');
INSERT INTO `t_message_user_relation` VALUES ('1692826193007542274', '1660834274611150849', '1656857358946361346', '0', '在吗在吗', '111111', '2023-08-19 17:09:50', '2023-08-19 17:23:30');
INSERT INTO `t_message_user_relation` VALUES ('1692829873240866817', '1656857358946361346', '1599618448034959361', '0', 'g ', '111111', '2023-08-19 17:24:28', '2023-09-16 13:54:47');
INSERT INTO `t_message_user_relation` VALUES ('1692829873303781378', '1599618448034959361', '1656857358946361346', '5', 'g ', '111111', '2023-08-19 17:24:28', '2023-09-16 13:54:47');
INSERT INTO `t_message_user_relation` VALUES ('1697053764268187650', '1695008784263471105', '1665003680654012418', '1', '你好\n', '111111', '2023-08-31 09:08:42', '2023-08-31 09:08:42');
INSERT INTO `t_message_user_relation` VALUES ('1697053764280770561', '1665003680654012418', '1695008784263471105', '0', '你好\n', '111111', '2023-08-31 09:08:42', '2023-08-31 09:08:42');
INSERT INTO `t_message_user_relation` VALUES ('1697151620358463489', '1599618448034959361', '1599618448034959361', '0', '1111\n', '111111', '2023-08-31 15:37:33', '2023-08-31 15:37:33');

-- ----------------------------
-- Table structure for t_tag
-- ----------------------------
DROP TABLE IF EXISTS `t_tag`;
CREATE TABLE `t_tag` (
  `id` bigint NOT NULL,
  `name` varchar(50) DEFAULT NULL,
  `sort` int DEFAULT NULL,
  `creator` bigint DEFAULT NULL,
  `create_date` datetime DEFAULT NULL,
  `count` bigint DEFAULT NULL,
  PRIMARY KEY (`id`)
) ENGINE=InnoDB DEFAULT CHARSET=utf8mb4 COLLATE=utf8mb4_0900_ai_ci;

-- ----------------------------
-- Records of t_tag
-- ----------------------------
INSERT INTO `t_tag` VALUES ('1640610678118899713', '蜡笔小新', null, null, null, '47');
INSERT INTO `t_tag` VALUES ('1640610678131482626', '壁纸', null, null, null, '327');
INSERT INTO `t_tag` VALUES ('1640610678131482627', '头像', null, null, null, '178');
INSERT INTO `t_tag` VALUES ('1640610989915070465', '猫咪', null, null, null, '29');
INSERT INTO `t_tag` VALUES ('1640610989927653378', '可爱', null, null, null, '45');
INSERT INTO `t_tag` VALUES ('1640611886263001089', '麻衣', null, null, null, '1');
INSERT INTO `t_tag` VALUES ('1640612106157776898', '火影忍者', null, null, null, '1');
INSERT INTO `t_tag` VALUES ('1640612106157776899', '鸣人', null, null, null, '1');
INSERT INTO `t_tag` VALUES ('1640612431719653378', '夏目', null, null, null, '1');
INSERT INTO `t_tag` VALUES ('1640612431732236289', '动漫', null, null, null, '24');
INSERT INTO `t_tag` VALUES ('1640612907588608002', '名侦探柯南', null, null, null, '5');
INSERT INTO `t_tag` VALUES ('1640613484867444738', '情侣壁纸', null, null, null, '4');
INSERT INTO `t_tag` VALUES ('1640613663523823617', '小埋', null, null, null, '7');
INSERT INTO `t_tag` VALUES ('1640614593858199553', '风景', null, null, null, '76');
INSERT INTO `t_tag` VALUES ('1640614593858199554', '旅游', null, null, null, '8');
INSERT INTO `t_tag` VALUES ('1640615698080030721', '月亮', null, null, null, '1');
INSERT INTO `t_tag` VALUES ('1640616099688833026', '花花', null, null, null, '10');
INSERT INTO `t_tag` VALUES ('1640616679928848385', '搞怪', null, null, null, '1');
INSERT INTO `t_tag` VALUES ('1640616974096359425', '纯色壁纸', null, null, null, '1');
INSERT INTO `t_tag` VALUES ('1640617201314390017', '卡通', null, null, null, '23');
INSERT INTO `t_tag` VALUES ('1640617560812380161', '文字壁纸', null, null, null, '6');
INSERT INTO `t_tag` VALUES ('1640619375431868419', 'ins', null, null, null, '34');
INSERT INTO `t_tag` VALUES ('1648275025318940673', '背景图', null, '111111', '2023-04-18 18:39:24', '107');
INSERT INTO `t_tag` VALUES ('1648278212612493314', '文字', null, '111111', '2023-04-18 18:52:04', '2');
INSERT INTO `t_tag` VALUES ('1648328181285425155', '表情', null, '111111', '2023-04-18 22:10:38', '1');
INSERT INTO `t_tag` VALUES ('1648328866798276610', '表情包', null, '111111', '2023-04-18 22:13:21', '12');
INSERT INTO `t_tag` VALUES ('1648330455948759042', '哆啦A梦', null, '111111', '2023-04-18 22:19:40', '11');
INSERT INTO `t_tag` VALUES ('1660546134285570050', '猫猫表情包', null, '111111', '2023-05-22 15:20:25', '1');
INSERT INTO `t_tag` VALUES ('1661900800701292548', '女生头像', null, '111111', '2023-05-26 09:03:22', '17');
INSERT INTO `t_tag` VALUES ('1661901371487346690', '搞怪头像', null, '111111', '2023-05-26 09:05:38', '3');
INSERT INTO `t_tag` VALUES ('1661902048926162948', '男生头像', null, '111111', '2023-05-26 09:08:20', '4');
INSERT INTO `t_tag` VALUES ('1661902908792037380', '动漫头像', null, '111111', '2023-05-26 09:11:45', '2');
INSERT INTO `t_tag` VALUES ('1661904087651508227', '聊天壁纸', null, '111111', '2023-05-26 09:16:26', '1');
INSERT INTO `t_tag` VALUES ('1661905271288291331', '干饭表情包', null, '111111', '2023-05-26 09:21:08', '1');
INSERT INTO `t_tag` VALUES ('1661906045686833153', '情侣头像', null, '111111', '2023-05-26 09:24:13', '13');
INSERT INTO `t_tag` VALUES ('1661910074844307459', '宠物', null, '111111', '2023-05-26 09:40:13', '1');
INSERT INTO `t_tag` VALUES ('1661910195086614531', '宠物头像', null, '111111', '2023-05-26 09:40:42', '1');
INSERT INTO `t_tag` VALUES ('1661911353909895172', '康娜', null, '111111', '2023-05-26 09:45:18', '2');
INSERT INTO `t_tag` VALUES ('1661914591505735682', '海贼王', null, '111111', '2023-05-26 09:58:10', '4');
INSERT INTO `t_tag` VALUES ('1661917128640225282', '少女心', null, '111111', '2023-05-26 10:08:15', '2');
INSERT INTO `t_tag` VALUES ('1661919005385744387', '猫咪情头', null, '111111', '2023-05-26 10:15:43', '1');
INSERT INTO `t_tag` VALUES ('1661964863074545666', '刘亦菲', null, '111111', '2023-05-26 13:17:56', '1');
INSERT INTO `t_tag` VALUES ('1662103595559759874', '汪星人', null, '111111', '2023-05-26 22:29:12', '1');
INSERT INTO `t_tag` VALUES ('1662103595559759875', '柴犬', null, '111111', '2023-05-26 22:29:12', '1');
INSERT INTO `t_tag` VALUES ('1664195394946011138', '早餐', null, '111111', '2023-06-01 17:01:16', '2');
INSERT INTO `t_tag` VALUES ('1664195394946011139', '美食', null, '111111', '2023-06-01 17:01:16', '7');
INSERT INTO `t_tag` VALUES ('1664195621589422081', '甜点', null, '111111', '2023-06-01 17:02:10', '4');
INSERT INTO `t_tag` VALUES ('1665020508352602115', '插画', null, '111111', '2023-06-03 23:39:58', '3');
INSERT INTO `t_tag` VALUES ('1665021442122113027', '水彩画', null, '111111', '2023-06-03 23:43:41', '3');
INSERT INTO `t_tag` VALUES ('1665021822260273154', '画画', null, '111111', '2023-06-03 23:45:12', '1');
INSERT INTO `t_tag` VALUES ('1665022205443497985', '油画', null, '111111', '2023-06-03 23:46:43', '4');
INSERT INTO `t_tag` VALUES ('1665209581541339138', '夏目友人帐', null, '111111', '2023-06-04 12:11:17', '1');
INSERT INTO `t_tag` VALUES ('1665213296973262850', '花', null, '111111', '2023-06-04 12:26:03', '1');
INSERT INTO `t_tag` VALUES ('1666344888663846914', '简约', null, '111111', '2023-06-07 15:22:35', '1');
INSERT INTO `t_tag` VALUES ('1689542891756679170', '测试', null, '111111', '2023-08-10 15:43:10', '1');

-- ----------------------------
-- Table structure for t_tag_img_relation
-- ----------------------------
DROP TABLE IF EXISTS `t_tag_img_relation`;
CREATE TABLE `t_tag_img_relation` (
  `id` bigint NOT NULL,
  `mid` bigint NOT NULL,
  `tid` bigint NOT NULL,
  PRIMARY KEY (`id`)
) ENGINE=InnoDB DEFAULT CHARSET=utf8mb4 COLLATE=utf8mb4_0900_ai_ci;

-- ----------------------------
-- Records of t_tag_img_relation
-- ----------------------------
INSERT INTO `t_tag_img_relation` VALUES ('1681299677895532546', '1681299677559988226', '1640610678131482626');
INSERT INTO `t_tag_img_relation` VALUES ('1681299677895532547', '1681299677559988226', '1640614593858199553');
INSERT INTO `t_tag_img_relation` VALUES ('1681506995199352833', '1681506995014803458', '1640610678131482627');
INSERT INTO `t_tag_img_relation` VALUES ('1683308800610758657', '1683308800493318146', '1640610678131482626');
INSERT INTO `t_tag_img_relation` VALUES ('1683308800610758658', '1683308800493318146', '1640610678131482627');
INSERT INTO `t_tag_img_relation` VALUES ('1684116889228374017', '1684116889115127809', '1640610678131482626');
INSERT INTO `t_tag_img_relation` VALUES ('1684116889228374018', '1684116889115127809', '1648275025318940673');
INSERT INTO `t_tag_img_relation` VALUES ('1684116889228374019', '1684116889115127809', '1661900800701292548');
INSERT INTO `t_tag_img_relation` VALUES ('1684116889232568321', '1684116889115127809', '1664195394946011139');
INSERT INTO `t_tag_img_relation` VALUES ('1684116889232568322', '1684116889115127809', '1640612907588608002');
INSERT INTO `t_tag_img_relation` VALUES ('1684797939239710721', '1684797939130658817', '1640619375431868419');
INSERT INTO `t_tag_img_relation` VALUES ('1686992537601011714', '1686992537575845890', '1640610678131482626');
INSERT INTO `t_tag_img_relation` VALUES ('1689536731553034242', '1689536731511091201', '1648328866798276610');
INSERT INTO `t_tag_img_relation` VALUES ('1689536731557228546', '1689536731511091201', '1640610989927653378');
INSERT INTO `t_tag_img_relation` VALUES ('1689540101655326722', '1689540101617577985', '1640610678131482627');
INSERT INTO `t_tag_img_relation` VALUES ('1689542891765067778', '1689542891731513345', '1689542891756679170');
INSERT INTO `t_tag_img_relation` VALUES ('1691745572814417921', '1691745572772474882', '1640610678131482626');
INSERT INTO `t_tag_img_relation` VALUES ('1691745572818612226', '1691745572772474882', '1640610678131482627');
INSERT INTO `t_tag_img_relation` VALUES ('1693196017793564673', '1693196017722261505', '1640619375431868419');
INSERT INTO `t_tag_img_relation` VALUES ('1702296750501519361', '1702296750417633281', '1640610678131482626');
INSERT INTO `t_tag_img_relation` VALUES ('1702296750505713666', '1702296750417633281', '1640614593858199553');

-- ----------------------------
-- Table structure for t_user
-- ----------------------------
DROP TABLE IF EXISTS `t_user`;
CREATE TABLE `t_user` (
  `id` bigint NOT NULL,
  `user_id` bigint DEFAULT NULL,
  `username` varchar(50) NOT NULL,
  `password` varchar(100) CHARACTER SET utf8mb4 COLLATE utf8mb4_general_ci DEFAULT NULL,
  `avatar` varchar(225) CHARACTER SET utf8mb4 COLLATE utf8mb4_general_ci DEFAULT NULL,
  `gender` tinyint DEFAULT NULL,
  `phone` varchar(50) DEFAULT NULL,
  `email` varchar(100) DEFAULT NULL,
  `description` longtext,
  `status` tinyint DEFAULT NULL,
  `cover` longtext CHARACTER SET utf8mb4 COLLATE utf8mb4_general_ci,
  `birthday` varchar(50) DEFAULT NULL,
  `address` varchar(50) CHARACTER SET utf8mb4 COLLATE utf8mb4_general_ci DEFAULT NULL,
  `trend_count` bigint DEFAULT '0',
  `follow_count` bigint DEFAULT '0',
  `fan_count` bigint DEFAULT '0',
  `creator` bigint DEFAULT NULL,
  `create_date` datetime DEFAULT NULL,
  `updater` bigint DEFAULT NULL,
  `update_date` datetime DEFAULT NULL,
  PRIMARY KEY (`id`)
) ENGINE=InnoDB DEFAULT CHARSET=utf8mb4 COLLATE=utf8mb4_0900_ai_ci;

-- ----------------------------
-- Records of t_user
-- ----------------------------
INSERT INTO `t_user` VALUES ('1599618448034959361', '8034959361', 'xiaozhao', 'e10adc3949ba59abbe56e057f20f883e', 'https://cc-video-oss.oss-accelerate.aliyuncs.com/2023/03/29/f2be12b42f76495e9e21e2e0b2819f6dduitang_1679575859681.png', '1', '', '', '这是小赵的空间\n\n', null, 'https://cc-video-oss.oss-accelerate.aliyuncs.com/2023/03/29/140c37d70e544453843f23b59e170ab8duitang_1678928145596.png', '2003-05-26', '北京市 北京市 门头沟区', '7', '3', '0', null, '2023-03-24 14:47:58', null, '2023-04-12 21:14:21');
INSERT INTO `t_user` VALUES ('1601126546037874690', '6037874690', 'qwer', 'e10adc3949ba59abbe56e057f20f883e', 'https://ccimgcloud.oss-accelerate.aliyuncs.com/2023/08/12/ee9f6a370dbb45788ffc0a54e5d2f17aIcewash.png', '1', '', '', 'nihao3213', null, 'https://cc-video-oss.oss-accelerate.aliyuncs.com/2023/05/27/f16d2f8ba4c14283b22cfe5faaf210d020210315220600_9ed9a.jpeg', '2022-04-14', '天津市 天津市 和平区', '4', '2', '0', null, '2023-03-24 14:48:56', null, '2023-06-07 21:49:14');
INSERT INTO `t_user` VALUES ('1601126546037874691', '6037874691', 'xzjsccz', 'e10adc3949ba59abbe56e057f20f883e', 'https://img2.baidu.com/it/u=4061455589,2774244664&fm=253&fmt=auto&app=138&f=JPEG?w=501&h=500', '0', null, null, null, null, 'https://img0.baidu.com/it/u=4114912361,4128907800&fm=253&fmt=auto&app=138&f=JPEG?w=500&h=889', '2021-03-15', null, '0', '0', '0', null, '2023-03-24 15:27:52', null, '2023-05-15 17:55:53');
INSERT INTO `t_user` VALUES ('1601126546037874692', '6037874692', 'ccz', 'e10adc3949ba59abbe56e057f20f883e', 'https://ccimgcloud.oss-accelerate.aliyuncs.com/2023/07/08/a8c0ca09129d40879b3a980bf68a6dc6labi.png', '0', null, null, '这个人太懒了啊1', null, 'https://cc-video-oss.oss-accelerate.aliyuncs.com/2023/06/02/c0a8622355ff4d66a515fa8e1d7c8a9520200811191901_sqruo.jpeg', '2023-07-06', '天津市 天津市 和平区', '29', '0', '-2', null, '2023-03-24 15:27:54', null, '2023-06-27 13:08:40');
INSERT INTO `t_user` VALUES ('1601126546037874693', '6037874693', 'qwer1234', 'e10adc3949ba59abbe56e057f20f883e', 'https://ccimgcloud.oss-accelerate.aliyuncs.com/2023/07/27/bb1cc07f8b04420b9e5dc5728de9c86ffile-1690398646657', '0', null, null, '一个简单的介绍\n', null, 'https://img0.baidu.com/it/u=3574495855,3620224580&fm=253&fmt=auto&app=138&f=JPEG?w=500&h=888', '2010-01-20', null, '1', '0', '-1', null, '2023-03-24 15:27:57', null, '2023-05-26 13:24:05');
INSERT INTO `t_user` VALUES ('1646790471022325762', '3391338551', 'tlie9mhn986', 'd41d8cd98f00b204e9800998ecf8427e', 'https://cc-video-oss.oss-accelerate.aliyuncs.com/2023/04/14/04a039b7bd8a4610bcb000279875fea1IMG_20230205_204418.jpg', null, '', null, null, null, 'https://cube.elemecdn.com/3/7c/3ea6beec64369c2642b92c6726f1epng.png', null, null, '0', '0', '0', '111111', '2023-04-14 16:20:19', null, '2023-04-14 22:08:07');
INSERT INTO `t_user` VALUES ('1646901667952111618', '7304910623', '小张', 'd41d8cd98f00b204e9800998ecf8427e', 'https://cc-video-oss.oss-accelerate.aliyuncs.com/2023/04/15/deff81ded0f3461daa1b9d0e8f87741fmmexport1681487948316.jpg', null, '', null, null, null, 'https://cc-video-oss.oss-accelerate.aliyuncs.com/2023/04/15/c7df3d72b6ee4b8f957e2f537786603cmmexport1681487954754.jpg', null, null, '0', '0', '0', '111111', '2023-04-14 23:42:10', null, '2023-04-15 00:00:49');
INSERT INTO `t_user` VALUES ('1648322260543000578', '2699963039', 'zhangsan', 'd41d8cd98f00b204e9800998ecf8427e', 'https://cc-video-oss.oss-accelerate.aliyuncs.com/2023/04/18/4a43685d969541e7a59674780f6ff341img-1681825464931c6025a40673fa685fe7206c4d81c5cacf0db7c790345f75ff13b521407e5fc46.jpg', null, '', null, null, null, 'https://cc-video-oss.oss-accelerate.aliyuncs.com/2023/04/18/1b650d8449a846de8b2ca3fc016ddfb1img-16818254060208bd7ff806f4b8635701fa60f677a072f5999a960bd7353c00cf8a421062e3cb5.jpg', null, null, '0', '0', '0', '111111', '2023-04-18 21:47:06', null, '2023-04-18 21:48:39');
INSERT INTO `t_user` VALUES ('1648328475339706369', '2341592029', 'lisi\n', 'e10adc3949ba59abbe56e057f20f883e', 'https://cc-video-oss.oss-accelerate.aliyuncs.com/2023/04/18/1654d36a4be24cd3860ef9832241457dCamera_XHS_16818267165310302cu016j6uluskvm40113h31m70lmoea.jpg', null, '', null, null, null, 'https://cc-video-oss.oss-accelerate.aliyuncs.com/2023/04/18/0b70ac1adce24139a40f62bade9cd69aCamera_XHS_16818267122620302cu016j6uluskvm40113h31m4qn95sx.jpg', null, null, '0', '0', '0', '111111', '2023-04-18 22:11:48', null, '2023-04-18 22:12:31');
INSERT INTO `t_user` VALUES ('1648522276099710977', '8695792313', 'wangwu', 'e6e407b1edb2cca3def82992c8ef32d9', 'https://cube.elemecdn.com/3/7c/3ea6beec64369c2642b92c6726f1epng.png', null, '', null, null, null, 'https://cube.elemecdn.com/3/7c/3ea6beec64369c2642b92c6726f1epng.png', null, null, '0', '0', '0', '111111', '2023-04-19 11:01:53', null, '2023-04-19 11:29:39');
INSERT INTO `t_user` VALUES ('1648530741551517697', '5466976048', 'rpvp3rqce4i2', 'd41d8cd98f00b204e9800998ecf8427e', 'https://cube.elemecdn.com/3/7c/3ea6beec64369c2642b92c6726f1epng.png', null, null, '', null, null, 'https://cube.elemecdn.com/3/7c/3ea6beec64369c2642b92c6726f1epng.png', null, null, '0', '0', '0', '111111', '2023-04-19 11:35:32', null, '2023-04-19 11:35:32');
INSERT INTO `t_user` VALUES ('1648531392654299138', '1110951246', '135bjfsuv1mb', 'd41d8cd98f00b204e9800998ecf8427e', 'https://cube.elemecdn.com/3/7c/3ea6beec64369c2642b92c6726f1epng.png', null, null, '', null, null, 'https://cube.elemecdn.com/3/7c/3ea6beec64369c2642b92c6726f1epng.png', null, null, '0', '0', '0', '111111', '2023-04-19 11:38:07', null, '2023-04-19 11:38:07');
INSERT INTO `t_user` VALUES ('1648531562548776962', '230794664', 'aqyynd4skahz', '5d93ceb70e2bf5daa84ec3d0cd2c731a', 'https://cube.elemecdn.com/3/7c/3ea6beec64369c2642b92c6726f1epng.png', null, null, '', null, null, 'https://cube.elemecdn.com/3/7c/3ea6beec64369c2642b92c6726f1epng.png', null, null, '0', '0', '0', '111111', '2023-04-19 11:38:47', null, '2023-04-19 11:39:23');
INSERT INTO `t_user` VALUES ('1648549224075079682', '6984304158', '用户10\n', 'd41d8cd98f00b204e9800998ecf8427e', 'https://cc-video-oss.oss-accelerate.aliyuncs.com/2023/05/22/07067cddbe53477687e927bb4226454c1679666482-origin-IMG_2004.PNG', null, null, '', '这是用户10的简介', null, 'https://cc-video-oss.oss-accelerate.aliyuncs.com/2023/05/22/2ae14a2139d547f48763f8b51b9e5d981679666482-origin-IMG_2005.PNG', '2023-05-22', '山西省 晋城市 阳城县', '0', '0', '0', '111111', '2023-04-19 12:48:58', null, '2023-05-22 22:37:54');
INSERT INTO `t_user` VALUES ('1655460318647525378', '5410232140', 'ao4hvp668a2u', 'd41d8cd98f00b204e9800998ecf8427e', 'https://cube.elemecdn.com/3/7c/3ea6beec64369c2642b92c6726f1epng.png', null, '', null, null, null, 'https://cube.elemecdn.com/3/7c/3ea6beec64369c2642b92c6726f1epng.png', null, null, '0', '0', '0', '111111', '2023-05-08 14:31:12', null, '2023-05-08 14:31:12');
INSERT INTO `t_user` VALUES ('1655460777328205825', '9460611015', 'y6gjot7x2302', 'd41d8cd98f00b204e9800998ecf8427e', 'https://cube.elemecdn.com/3/7c/3ea6beec64369c2642b92c6726f1epng.png', null, '', null, null, null, 'https://cube.elemecdn.com/3/7c/3ea6beec64369c2642b92c6726f1epng.png', null, null, '0', '0', '0', null, null, null, null);
INSERT INTO `t_user` VALUES ('1655461431169900545', '5142129347', 'b6izspwm83kt', 'd41d8cd98f00b204e9800998ecf8427e', 'https://cube.elemecdn.com/3/7c/3ea6beec64369c2642b92c6726f1epng.png', null, '', null, null, null, 'https://cube.elemecdn.com/3/7c/3ea6beec64369c2642b92c6726f1epng.png', null, null, '0', '0', '0', '111111', '2023-05-08 14:35:37', null, '2023-05-08 14:35:37');
INSERT INTO `t_user` VALUES ('1655464734628847618', '4765619345', 'nb07xix9e5dq', 'd41d8cd98f00b204e9800998ecf8427e', 'https://cube.elemecdn.com/3/7c/3ea6beec64369c2642b92c6726f1epng.png', null, '', null, null, null, 'https://cube.elemecdn.com/3/7c/3ea6beec64369c2642b92c6726f1epng.png', null, null, '0', '0', '0', '111111', '2023-05-08 14:48:44', null, '2023-05-08 14:48:44');
INSERT INTO `t_user` VALUES ('1655466823459373057', '406465584', 'yajk26dcy3cd', 'd41d8cd98f00b204e9800998ecf8427e', 'https://cube.elemecdn.com/3/7c/3ea6beec64369c2642b92c6726f1epng.png', null, '', null, null, null, 'https://cube.elemecdn.com/3/7c/3ea6beec64369c2642b92c6726f1epng.png', null, null, '0', '0', '0', '111111', '2023-05-08 14:57:02', null, '2023-05-08 14:57:02');
INSERT INTO `t_user` VALUES ('1655468001962328066', '1997744979', 'etg4epk3ponm', 'd41d8cd98f00b204e9800998ecf8427e', 'https://cube.elemecdn.com/3/7c/3ea6beec64369c2642b92c6726f1epng.png', null, '', null, null, null, 'https://cube.elemecdn.com/3/7c/3ea6beec64369c2642b92c6726f1epng.png', null, null, '0', '0', '0', '111111', '2023-05-08 15:01:43', null, '2023-05-08 15:01:43');
INSERT INTO `t_user` VALUES ('1655473071978291202', '239629177', '166vt73ofiuz', 'd41d8cd98f00b204e9800998ecf8427e', 'https://cube.elemecdn.com/3/7c/3ea6beec64369c2642b92c6726f1epng.png', null, '', null, null, null, 'https://cube.elemecdn.com/3/7c/3ea6beec64369c2642b92c6726f1epng.png', null, null, '0', '0', '0', '111111', '2023-05-08 15:21:52', null, '2023-05-08 15:21:52');
INSERT INTO `t_user` VALUES ('1655607266977312770', '8702591343', '4yisyxtm480a', 'c84ae13a4a1c637c658307ba8bdc5eb0', 'https://cube.elemecdn.com/3/7c/3ea6beec64369c2642b92c6726f1epng.png', null, '', null, null, null, 'https://cube.elemecdn.com/3/7c/3ea6beec64369c2642b92c6726f1epng.png', null, null, '0', '0', '0', '111111', '2023-05-09 00:15:07', null, '2023-05-11 19:14:14');
INSERT INTO `t_user` VALUES ('1656857358946361346', '939762353', '用户11', null, 'http://thirdqq.qlogo.cn/g?b=oidb&k=TzG3AT3xD8o2Bz3xOt3Thg&kti=ZF2sRgAAAAI&s=100&t=1660311044', '0', null, null, '这是用户11', null, 'https://cc-video-oss.oss-accelerate.aliyuncs.com/2023/05/12/3dc5d2eb13ea44beac7fc24069146c6eCamera_XHS_16820502481732bae3c3f-e549-3562-a944-4413935b6f4f.jpg', '2012-01-12', '山西省 太原市 小店区', '0', '1', '0', '111111', '2023-05-12 11:02:32', null, '2023-05-23 11:19:09');
INSERT INTO `t_user` VALUES ('1656858656227811330', '8764727664', '小赵\n', null, 'https://thirdwx.qlogo.cn/mmopen/vi_32/iaSVwiaRoVIpUlv83WIicEo6HZibkoqCeWxxVY5fOXKzsh7TkVLP5JngLtXibyMsv59RMuBSZgCKurFEmXffctcib5cQ/132', '1', null, null, '需要加q484235492', null, 'https://cc-video-oss.oss-accelerate.aliyuncs.com/2023/05/27/f75608d297af4cdca1b20d3eee7b4c641679666467-origin-IMG_1982.PNG', '2023-08-10', '北京市 北京市 东城区', '1', '3', '-1', '111111', '2023-05-12 11:07:41', null, '2023-06-09 16:57:11');
INSERT INTO `t_user` VALUES ('1656859189458067457', '1420260187', '烟火', null, 'https://ccimgcloud.oss-accelerate.aliyuncs.com/2023/06/13/7c3e71454b824117bb6602715a1bdaae1686571819-origin-IMG_2742.PNG', '1', null, null, '烟火app', null, 'https://ccimgcloud.oss-accelerate.aliyuncs.com/2023/06/13/b29f2bae5d114c8db4002e7a15033e6d1686639805-origin-IMG_2783.PNG', '2003-06-13', '山西省 太原市 小店区', '0', '1', '-3', '111111', '2023-05-12 11:09:48', null, '2023-06-13 15:11:16');
INSERT INTO `t_user` VALUES ('1659168639711813634', '5428827372', '用户9', 'd41d8cd98f00b204e9800998ecf8427e', 'https://cc-video-oss.oss-accelerate.aliyuncs.com/2023/05/22/96f61b7cc82b4a30980469ee72c6e002Camera_XHS_1683885757877d23bf44a-1f9a-3e2a-8e04-72ee9575c68a.jpg', null, '', null, '这个用户9的简介介绍', null, 'https://cc-video-oss.oss-accelerate.aliyuncs.com/2023/05/22/d23505e7c37a4ca99eb6c6b7a6419f90Camera_XHS_168388573949875bdf604-0afb-365c-8c35-4aac4d3d00d2.jpg', '1999-05-22', null, '0', '0', '0', '111111', '2023-05-18 20:06:44', null, '2023-05-22 14:20:15');
INSERT INTO `t_user` VALUES ('1660834274611150849', '4519908481', '小赵', null, 'https://ccimgcloud.oss-accelerate.aliyuncs.com/2023/08/16/fa05a868f5324f378e57326b63d324121679673917-origin-IMG_2102.JPG', '1', null, null, '123\n', null, 'https://cc-video-oss.oss-accelerate.aliyuncs.com/2023/05/23/b1cefee2069948589a070394e9328ce11679673894-origin-IMG_2094.JPG', '2023-08-03', '北京市 北京市 东城区', '2', '2', '-3', '111111', '2023-05-23 10:25:23', null, '2023-06-05 22:49:07');
INSERT INTO `t_user` VALUES ('1661342975545659393', '4796530335', 'e66w8fhxbvdv', 'd41d8cd98f00b204e9800998ecf8427e', 'https://cube.elemecdn.com/3/7c/3ea6beec64369c2642b92c6726f1epng.png', null, '', null, null, null, 'https://cube.elemecdn.com/3/7c/3ea6beec64369c2642b92c6726f1epng.png', null, null, '0', '0', '0', '111111', '2023-05-24 20:06:46', null, '2023-05-24 20:06:46');
INSERT INTO `t_user` VALUES ('1662422378813677569', '3529967591', 'cnqs9jv2chpf', 'd41d8cd98f00b204e9800998ecf8427e', 'https://cube.elemecdn.com/3/7c/3ea6beec64369c2642b92c6726f1epng.png', null, '', null, null, null, 'https://cube.elemecdn.com/3/7c/3ea6beec64369c2642b92c6726f1epng.png', null, null, '0', '0', '0', '111111', '2023-05-27 19:35:56', null, '2023-05-27 19:35:56');
INSERT INTO `t_user` VALUES ('1662428047587500033', '8971834520', '@-皖苏-\n', 'd41d8cd98f00b204e9800998ecf8427e', 'https://cc-video-oss.oss-accelerate.aliyuncs.com/2023/05/27/34f09a2606b74ff899cad6304289697b52444418695124498481684590276249_edit_855578313131069.jpg', null, '', null, null, null, 'https://cc-video-oss.oss-accelerate.aliyuncs.com/2023/05/27/769f21e1e9a846f997887e8018b4f6961685112062704.jpg', null, null, '0', '0', '0', '111111', '2023-05-27 19:58:28', null, '2023-05-27 19:59:43');
INSERT INTO `t_user` VALUES ('1664529874072236034', '8744953814', 'qqqq', 'd41d8cd98f00b204e9800998ecf8427e', 'https://cube.elemecdn.com/3/7c/3ea6beec64369c2642b92c6726f1epng.png', null, '', null, null, null, 'https://cube.elemecdn.com/3/7c/3ea6beec64369c2642b92c6726f1epng.png', null, null, '0', '0', '0', '111111', '2023-06-02 15:10:22', null, '2023-06-02 15:23:39');
INSERT INTO `t_user` VALUES ('1664534362367479810', '4484898062', 'wwww', '5d93ceb70e2bf5daa84ec3d0cd2c731a', 'https://cc-video-oss.oss-accelerate.aliyuncs.com/2023/06/02/d88f4d96b89f4819b300da2e63a0705420200811191905_oeelq.jpeg', null, '', null, null, null, 'https://cc-video-oss.oss-accelerate.aliyuncs.com/2023/06/02/a3abbe18c18a4a56bd51529a1bb992d120200811191901_sqruo.jpeg', null, null, '0', '0', '0', '111111', '2023-06-02 15:28:12', null, '2023-06-02 16:32:27');
INSERT INTO `t_user` VALUES ('1665002519335063553', '9872316816', 'xltdjtt2fc0m', '5d93ceb70e2bf5daa84ec3d0cd2c731a', 'https://foruda.gitee.com/avatar/1677084428450863653/7573881_xzjsccz_1604058944.png!avatar200', null, '', null, null, null, 'https://image.baidu.com/search/detail?ct=503316480&z=0&ipn=d&word=%E7%BA%AF%E8%89%B2%E5%A3%81%E7%BA%B8&step_word=&hs=0&pn=14&spn=0&di=7214885350303334401&pi=0&rn=1&tn=baiduimagedetail&is=0%2C0&istype=2&ie=utf-8&oe=utf-8&in=&cl=2&lm=-1&st=-1&cs=2625354223%2C886150653&os=245537964%2C291742144&simid=2625354223%2C886150653&adpicid=0&lpn=0&ln=1330&fr=&fmq=1685801792146_R&fm=index&ic=0&s=undefined&hd=undefined&latest=undefined&copyright=undefined&se=&sme=&tab=0&width=&height=&face=undefined&ist=&jit=&cg=&bdtype=0&oriquery=&objurl=https%3A%2F%2Fgimg2.baidu.com%2Fimage_search%2Fsrc%3Dhttp%3A%2F%2Fc-ssl.duitang.com%2Fuploads%2Fitem%2F202003%2F29%2F20200329092413_tKJZC.jpeg%26refer%3Dhttp%3A%2F%2Fc-ssl.duitang.com%26app%3D2002%26size%3Df9999%2C10000%26q%3Da80%26n%3D0%26g%3D0n%26fmt%3Dauto%3Fsec%3D1688393814%26t%3D53d2d7d8b6f728190f39551bf36edf3e&fromurl=ippr_z2C%24qAzdH3FAzdH3Fooo_z%26e3B17tpwg2_z%26e3Bv54AzdH3Fks52AzdH3F%3Ft1%3D8d80a0na9n&gsm=1e&rpstart=0&rpnum=0&islist=&querylist=&nojc=undefined', null, null, '0', '0', '0', '111111', '2023-06-03 22:28:30', null, '2023-06-03 22:28:30');
INSERT INTO `t_user` VALUES ('1665003680654012418', '8354907203', '小赵', '5d93ceb70e2bf5daa84ec3d0cd2c731a', 'https://foruda.gitee.com/avatar/1677084428450863653/7573881_xzjsccz_1604058944.png!avatar200', '1', '', null, '需要指导加Q484235492', null, 'https://cc-video-oss.oss-accelerate.aliyuncs.com/2023/06/02/c6a167251a194484ac7b25c5e3ae366720200725103959_K8EJa.jpeg', '1998-12-11', '广东省 广州市 番禺区', '0', '0', '0', '111111', '2023-06-03 22:33:06', null, '2023-06-03 22:37:23');
INSERT INTO `t_user` VALUES ('1665202540256997378', '554689984', 'iq71pr310ucr', '5d93ceb70e2bf5daa84ec3d0cd2c731a', 'https://foruda.gitee.com/avatar/1677084428450863653/7573881_xzjsccz_1604058944.png!avatar200', null, '', null, null, null, 'https://cc-video-oss.oss-accelerate.aliyuncs.com/2023/06/02/c6a167251a194484ac7b25c5e3ae366720200725103959_K8EJa.jpeg', null, null, '0', '0', '0', '111111', '2023-06-04 11:43:18', null, '2023-06-04 11:43:18');
INSERT INTO `t_user` VALUES ('1665700708824412162', '1983257026', '林', '5d93ceb70e2bf5daa84ec3d0cd2c731a', 'https://cc-video-oss.oss-accelerate.aliyuncs.com/2023/06/05/c365f8e6edff4cfbb0182ff40cf49c0d1685692608303.jpg', '1', '', null, null, null, 'https://cc-video-oss.oss-accelerate.aliyuncs.com/2023/06/05/f1009c2f0e6e44c88871b1acf7ea61491685692608303.jpg', null, null, '0', '0', '0', '111111', '2023-06-05 20:42:51', null, '2023-06-05 20:45:46');
INSERT INTO `t_user` VALUES ('1665732027457499138', '7118519902', '121u5mgsb7dz', '5d93ceb70e2bf5daa84ec3d0cd2c731a', 'https://foruda.gitee.com/avatar/1677084428450863653/7573881_xzjsccz_1604058944.png!avatar200', null, '', null, null, null, 'https://cc-video-oss.oss-accelerate.aliyuncs.com/2023/06/02/c6a167251a194484ac7b25c5e3ae366720200725103959_K8EJa.jpeg', null, null, '0', '0', '0', '111111', '2023-06-05 22:47:18', null, '2023-06-05 22:47:18');
INSERT INTO `t_user` VALUES ('1666097913469169666', '823275017', 'vq9zcopy7d64', '5d93ceb70e2bf5daa84ec3d0cd2c731a', 'https://foruda.gitee.com/avatar/1677084428450863653/7573881_xzjsccz_1604058944.png!avatar200', null, '', null, null, null, 'https://cc-video-oss.oss-accelerate.aliyuncs.com/2023/06/02/c6a167251a194484ac7b25c5e3ae366720200725103959_K8EJa.jpeg', null, null, '0', '0', '0', '111111', '2023-06-06 23:01:12', null, '2023-06-06 23:01:12');
INSERT INTO `t_user` VALUES ('1673540266387615745', '7579591874', 'v5ko46fj8mma', '5d93ceb70e2bf5daa84ec3d0cd2c731a', 'https://foruda.gitee.com/avatar/1677084428450863653/7573881_xzjsccz_1604058944.png!avatar200', null, '', null, null, null, 'https://cc-video-oss.oss-accelerate.aliyuncs.com/2023/06/02/c6a167251a194484ac7b25c5e3ae366720200725103959_K8EJa.jpeg', null, null, '0', '0', '0', '111111', '2023-06-27 11:54:27', null, '2023-06-27 11:54:27');
INSERT INTO `t_user` VALUES ('1673589318106001410', '5264758365', 'g8pwu7m5esu6', '5d93ceb70e2bf5daa84ec3d0cd2c731a', 'https://foruda.gitee.com/avatar/1677084428450863653/7573881_xzjsccz_1604058944.png!avatar200', null, '', null, null, null, 'https://cc-video-oss.oss-accelerate.aliyuncs.com/2023/06/02/c6a167251a194484ac7b25c5e3ae366720200725103959_K8EJa.jpeg', null, null, '0', '0', '0', '111111', '2023-06-27 15:09:22', null, '2023-06-27 15:09:22');
INSERT INTO `t_user` VALUES ('1679833510992232449', '4205189902', '7nhazv8gt5rq', '5d93ceb70e2bf5daa84ec3d0cd2c731a', 'https://foruda.gitee.com/avatar/1677084428450863653/7573881_xzjsccz_1604058944.png!avatar200', null, '18572755162', null, null, null, 'https://cc-video-oss.oss-accelerate.aliyuncs.com/2023/06/02/c6a167251a194484ac7b25c5e3ae366720200725103959_K8EJa.jpeg', null, null, '0', '0', '0', '111111', '2023-07-14 20:41:33', null, '2023-07-14 20:41:33');
INSERT INTO `t_user` VALUES ('1684106811683201025', '8655221624', 'k28mqtb7a07g', null, 'https://thirdwx.qlogo.cn/mmopen/vi_32/POgEwh4mIHO4nibH0KlMECNjjGxQUq24ZEaGT4poC6icRiccVGKSyXwibcPq4BWmiaIGuG1icwxaQX6grC9VemZoJ8rg/132', null, null, null, null, null, 'https://cc-video-oss.oss-accelerate.aliyuncs.com/2023/06/02/c6a167251a194484ac7b25c5e3ae366720200725103959_K8EJa.jpeg', null, null, '0', '0', '0', '111111', '2023-07-26 15:42:08', null, '2023-07-26 15:42:08');
INSERT INTO `t_user` VALUES ('1684106812631113730', '3805618341', 'uc4nfg0qgbgu', null, 'https://thirdwx.qlogo.cn/mmopen/vi_32/POgEwh4mIHO4nibH0KlMECNjjGxQUq24ZEaGT4poC6icRiccVGKSyXwibcPq4BWmiaIGuG1icwxaQX6grC9VemZoJ8rg/132', null, null, null, null, null, 'https://cc-video-oss.oss-accelerate.aliyuncs.com/2023/06/02/c6a167251a194484ac7b25c5e3ae366720200725103959_K8EJa.jpeg', null, null, '0', '0', '0', '111111', '2023-07-26 15:42:08', null, '2023-07-26 15:42:08');
INSERT INTO `t_user` VALUES ('1684106813398671361', '2731510640', 'lbkd0z1ty6wc', null, 'https://thirdwx.qlogo.cn/mmopen/vi_32/POgEwh4mIHO4nibH0KlMECNjjGxQUq24ZEaGT4poC6icRiccVGKSyXwibcPq4BWmiaIGuG1icwxaQX6grC9VemZoJ8rg/132', null, null, null, null, null, 'https://cc-video-oss.oss-accelerate.aliyuncs.com/2023/06/02/c6a167251a194484ac7b25c5e3ae366720200725103959_K8EJa.jpeg', null, null, '0', '0', '0', '111111', '2023-07-26 15:42:08', null, '2023-07-26 15:42:08');
INSERT INTO `t_user` VALUES ('1684106814187200514', '5668182978', '816bwups4fga', null, 'https://thirdwx.qlogo.cn/mmopen/vi_32/POgEwh4mIHO4nibH0KlMECNjjGxQUq24ZEaGT4poC6icRiccVGKSyXwibcPq4BWmiaIGuG1icwxaQX6grC9VemZoJ8rg/132', null, null, null, null, null, 'https://cc-video-oss.oss-accelerate.aliyuncs.com/2023/06/02/c6a167251a194484ac7b25c5e3ae366720200725103959_K8EJa.jpeg', null, null, '0', '0', '0', '111111', '2023-07-26 15:42:08', null, '2023-07-26 15:42:08');
INSERT INTO `t_user` VALUES ('1684106816699588610', '2532596348', 'o9lotp7xmy27', null, 'https://ccimgcloud.oss-accelerate.aliyuncs.com/2023/07/26/dae663663de74bce80f0b74a1ff255c5gO1e7iDRI4SA59a13d33ad18498a883d6bdad9a96ce3.png', null, null, null, null, null, 'https://cc-video-oss.oss-accelerate.aliyuncs.com/2023/06/02/c6a167251a194484ac7b25c5e3ae366720200725103959_K8EJa.jpeg', null, null, '0', '0', '0', '111111', '2023-07-26 15:42:09', null, '2023-07-26 15:42:09');
INSERT INTO `t_user` VALUES ('1688771814176677890', '654512053', 'r02v0ji5750l', null, null, null, null, null, null, null, 'https://cc-video-oss.oss-accelerate.aliyuncs.com/2023/06/02/c6a167251a194484ac7b25c5e3ae366720200725103959_K8EJa.jpeg', null, null, '0', '0', '0', '111111', '2023-08-08 12:39:11', null, '2023-08-08 12:39:11');
INSERT INTO `t_user` VALUES ('1688806388986372097', '100257264', '4cnxslphtv03', null, 'https://thirdwx.qlogo.cn/mmopen/vi_32/POgEwh4mIHO4nibH0KlMECNjjGxQUq24ZEaGT4poC6icRiccVGKSyXwibcPq4BWmiaIGuG1icwxaQX6grC9VemZoJ8rg/132', null, null, null, null, null, 'https://cc-video-oss.oss-accelerate.aliyuncs.com/2023/06/02/c6a167251a194484ac7b25c5e3ae366720200725103959_K8EJa.jpeg', null, null, '0', '0', '0', '111111', '2023-08-08 14:56:34', null, '2023-08-08 14:56:34');
INSERT INTO `t_user` VALUES ('1689115801597075457', '8470312826', 'olfl7kqm29ge', null, 'https://thirdwx.qlogo.cn/mmopen/vi_32/POgEwh4mIHO4nibH0KlMECNjjGxQUq24ZEaGT4poC6icRiccVGKSyXwibcPq4BWmiaIGuG1icwxaQX6grC9VemZoJ8rg/132', null, null, null, null, null, 'https://cc-video-oss.oss-accelerate.aliyuncs.com/2023/06/02/c6a167251a194484ac7b25c5e3ae366720200725103959_K8EJa.jpeg', null, null, '0', '0', '0', '111111', '2023-08-09 11:26:04', null, '2023-08-09 11:26:04');
INSERT INTO `t_user` VALUES ('1689115801597075458', '8448317816', 'n1k1nn598fxp', null, 'https://thirdwx.qlogo.cn/mmopen/vi_32/POgEwh4mIHO4nibH0KlMECNjjGxQUq24ZEaGT4poC6icRiccVGKSyXwibcPq4BWmiaIGuG1icwxaQX6grC9VemZoJ8rg/132', null, null, null, null, null, 'https://cc-video-oss.oss-accelerate.aliyuncs.com/2023/06/02/c6a167251a194484ac7b25c5e3ae366720200725103959_K8EJa.jpeg', null, null, '0', '0', '0', '111111', '2023-08-09 11:26:04', null, '2023-08-09 11:26:04');
INSERT INTO `t_user` VALUES ('1689115801597075459', '4326511973', 'jcdhca7lvv9h', null, 'https://thirdwx.qlogo.cn/mmopen/vi_32/POgEwh4mIHO4nibH0KlMECNjjGxQUq24ZEaGT4poC6icRiccVGKSyXwibcPq4BWmiaIGuG1icwxaQX6grC9VemZoJ8rg/132', null, null, null, null, null, 'https://cc-video-oss.oss-accelerate.aliyuncs.com/2023/06/02/c6a167251a194484ac7b25c5e3ae366720200725103959_K8EJa.jpeg', null, null, '0', '0', '0', '111111', '2023-08-09 11:26:04', null, '2023-08-09 11:26:04');
INSERT INTO `t_user` VALUES ('1689115801727098883', '6013202765', '2f26pl8fxb7o', null, 'https://thirdwx.qlogo.cn/mmopen/vi_32/POgEwh4mIHO4nibH0KlMECNjjGxQUq24ZEaGT4poC6icRiccVGKSyXwibcPq4BWmiaIGuG1icwxaQX6grC9VemZoJ8rg/132', null, null, null, null, null, 'https://cc-video-oss.oss-accelerate.aliyuncs.com/2023/06/02/c6a167251a194484ac7b25c5e3ae366720200725103959_K8EJa.jpeg', null, null, '0', '0', '0', '111111', '2023-08-09 11:26:04', null, '2023-08-09 11:26:04');
INSERT INTO `t_user` VALUES ('1689464883075178498', '4025209567', 'chdzy5ax6zk4', null, 'https://thirdwx.qlogo.cn/mmopen/vi_32/POgEwh4mIHO4nibH0KlMECNjjGxQUq24ZEaGT4poC6icRiccVGKSyXwibcPq4BWmiaIGuG1icwxaQX6grC9VemZoJ8rg/132', null, null, null, null, null, 'https://cc-video-oss.oss-accelerate.aliyuncs.com/2023/06/02/c6a167251a194484ac7b25c5e3ae366720200725103959_K8EJa.jpeg', null, null, '0', '0', '0', '111111', '2023-08-10 10:33:12', null, '2023-08-10 10:33:12');
INSERT INTO `t_user` VALUES ('1689523487421587457', '1421479373', 'azms8uu2htcs', '5d93ceb70e2bf5daa84ec3d0cd2c731a', 'https://foruda.gitee.com/avatar/1677084428450863653/7573881_xzjsccz_1604058944.png!avatar200', '1', '19985675822', null, null, null, 'https://cc-video-oss.oss-accelerate.aliyuncs.com/2023/06/02/c6a167251a194484ac7b25c5e3ae366720200725103959_K8EJa.jpeg', '2023-08-10', null, '1', '0', '0', '111111', '2023-08-10 14:26:04', null, '2023-08-10 14:26:04');
INSERT INTO `t_user` VALUES ('1689586404108099586', '1931233190', 'cajsf6644ggf', null, 'http://wx.qlogo.cn/mmopen/vi_32/hOibhgLHicfQBOM6IpIPGS0kyjQAjDTtXj0CAKkiae0XnD3n8KbUBWlcwsdJORXzpJFJ8rDEHSRTtq24JkL5oWs4w/132', null, null, null, null, null, 'https://cc-video-oss.oss-accelerate.aliyuncs.com/2023/06/02/c6a167251a194484ac7b25c5e3ae366720200725103959_K8EJa.jpeg', null, null, '0', '1', '0', '111111', '2023-08-10 18:36:04', null, '2023-08-10 18:36:04');
INSERT INTO `t_user` VALUES ('1690387692915875841', '1847572578', '6yp7guhzmblu', '5d93ceb70e2bf5daa84ec3d0cd2c731a', 'https://ccimgcloud.oss-accelerate.aliyuncs.com/2023/08/12/887025b26e3b4f61bc6f2ff98bc20ab3kongtiao.png', null, '15918421885', null, null, null, 'https://cc-video-oss.oss-accelerate.aliyuncs.com/2023/06/02/c6a167251a194484ac7b25c5e3ae366720200725103959_K8EJa.jpeg', null, null, '0', '0', '0', '111111', '2023-08-12 23:40:07', null, '2023-08-12 23:40:07');
INSERT INTO `t_user` VALUES ('1693194197998297089', '7680252771', 'yuf0h8syzko7', '0185c43d5400a2f722e554b8c24037ae', 'https://foruda.gitee.com/avatar/1677084428450863653/7573881_xzjsccz_1604058944.png!avatar200', null, '13691886281', null, null, null, 'https://cc-video-oss.oss-accelerate.aliyuncs.com/2023/06/02/c6a167251a194484ac7b25c5e3ae366720200725103959_K8EJa.jpeg', null, null, '1', '1', '0', '111111', '2023-08-20 17:32:09', null, '2023-08-20 17:32:09');
INSERT INTO `t_user` VALUES ('1694015713778393090', '6991531206', 'fg2p5vjrmewg', '5d93ceb70e2bf5daa84ec3d0cd2c731a', 'https://foruda.gitee.com/avatar/1677084428450863653/7573881_xzjsccz_1604058944.png!avatar200', null, '18868800422', null, null, null, 'https://cc-video-oss.oss-accelerate.aliyuncs.com/2023/06/02/c6a167251a194484ac7b25c5e3ae366720200725103959_K8EJa.jpeg', null, null, '0', '0', '0', '111111', '2023-08-22 23:56:34', null, '2023-08-22 23:56:34');
INSERT INTO `t_user` VALUES ('1695008784263471105', '6294048173', 'qf1bze4btc3p', '5d93ceb70e2bf5daa84ec3d0cd2c731a', 'https://foruda.gitee.com/avatar/1677084428450863653/7573881_xzjsccz_1604058944.png!avatar200', null, '15674950674', null, null, null, 'https://cc-video-oss.oss-accelerate.aliyuncs.com/2023/06/02/c6a167251a194484ac7b25c5e3ae366720200725103959_K8EJa.jpeg', null, null, '0', '1', '0', '111111', '2023-08-25 17:42:41', null, '2023-08-25 17:42:41');
INSERT INTO `t_user` VALUES ('1696147802103508994', '8916782825', 'ekvteommn0cj', '5d93ceb70e2bf5daa84ec3d0cd2c731a', 'https://foruda.gitee.com/avatar/1677084428450863653/7573881_xzjsccz_1604058944.png!avatar200', null, '18623224801', null, null, null, 'https://cc-video-oss.oss-accelerate.aliyuncs.com/2023/06/02/c6a167251a194484ac7b25c5e3ae366720200725103959_K8EJa.jpeg', null, null, '0', '0', '0', '111111', '2023-08-28 21:08:44', null, '2023-08-28 21:08:44');
INSERT INTO `t_user` VALUES ('1696553876921020417', '8022513414', 'epxd5aqsajr4', '5d93ceb70e2bf5daa84ec3d0cd2c731a', 'https://foruda.gitee.com/avatar/1677084428450863653/7573881_xzjsccz_1604058944.png!avatar200', null, '13694207530', null, null, null, 'https://cc-video-oss.oss-accelerate.aliyuncs.com/2023/06/02/c6a167251a194484ac7b25c5e3ae366720200725103959_K8EJa.jpeg', null, null, '0', '0', '0', '111111', '2023-08-30 00:02:19', null, '2023-08-30 00:02:19');
INSERT INTO `t_user` VALUES ('1698326768977473538', '2722686431', 'q7eebczk4t83', null, 'http://wx.qlogo.cn/mmopen/vi_32/9Libic6fzibcREEHzcvryeicgkIG2fgKx8rzqj6lDjowax1qvIIpAavTASSNX5lhsxpQSeE93zqfGmAEgdeCicfWQ2Q/132', null, null, null, null, null, 'https://cc-video-oss.oss-accelerate.aliyuncs.com/2023/06/02/c6a167251a194484ac7b25c5e3ae366720200725103959_K8EJa.jpeg', null, null, '0', '0', '0', '111111', '2023-09-03 21:27:10', null, '2023-09-03 21:27:10');
INSERT INTO `t_user` VALUES ('1698328459818856450', '3273775629', 'v9zz4adt78r0', null, null, null, null, null, null, null, 'https://cc-video-oss.oss-accelerate.aliyuncs.com/2023/06/02/c6a167251a194484ac7b25c5e3ae366720200725103959_K8EJa.jpeg', null, null, '0', '0', '0', '111111', '2023-09-03 21:33:53', null, '2023-09-03 21:33:53');
INSERT INTO `t_user` VALUES ('1698340732339777537', '3085721180', '3u34ecogv11l', null, null, null, null, null, null, null, 'https://cc-video-oss.oss-accelerate.aliyuncs.com/2023/06/02/c6a167251a194484ac7b25c5e3ae366720200725103959_K8EJa.jpeg', null, null, '0', '0', '0', '111111', '2023-09-03 22:22:39', null, '2023-09-03 22:22:39');
INSERT INTO `t_user` VALUES ('1698346015833223169', '1023473619', 'bmpyigqr0xpu', null, 'http://wx.qlogo.cn/mmopen/vi_32/9Libic6fzibcREEHzcvryeicgkIG2fgKx8rzqj6lDjowax1qvIIpAavTASSNX5lhsxpQSeE93zqfGmAEgdeCicfWQ2Q/132', null, null, null, null, null, 'https://cc-video-oss.oss-accelerate.aliyuncs.com/2023/06/02/c6a167251a194484ac7b25c5e3ae366720200725103959_K8EJa.jpeg', null, null, '0', '0', '0', '111111', '2023-09-03 22:43:39', null, '2023-09-03 22:43:39');

-- ----------------------------
-- Table structure for t_user_other_login_relation
-- ----------------------------
DROP TABLE IF EXISTS `t_user_other_login_relation`;
CREATE TABLE `t_user_other_login_relation` (
  `id` bigint NOT NULL,
  `uid` bigint DEFAULT NULL,
  `other_user_id` varchar(50) DEFAULT NULL,
  `other_username` varchar(100) DEFAULT NULL,
  `other_avatar` varchar(255) DEFAULT NULL,
  `other_token` varchar(255) DEFAULT NULL,
  `creator` bigint DEFAULT NULL,
  `create_date` datetime DEFAULT NULL,
  PRIMARY KEY (`id`)
) ENGINE=InnoDB DEFAULT CHARSET=utf8mb4 COLLATE=utf8mb4_0900_ai_ci;

-- ----------------------------
-- Records of t_user_other_login_relation
-- ----------------------------
INSERT INTO `t_user_other_login_relation` VALUES ('1656857358958944258', '1656857358946361346', 'F5B7A36AB410FFD3249DA694ABEC9421', 'xiaozhao', 'http://thirdqq.qlogo.cn/g?b=oidb&k=TzG3AT3xD8o2Bz3xOt3Thg&kti=ZF2sRgAAAAI&s=100&t=1660311044', null, '111111', '2023-05-12 11:02:32');
INSERT INTO `t_user_other_login_relation` VALUES ('1656858656294920194', '1656858656227811330', 'oRrdQt-wGqo2WjafBs1jgaj06BBE', '小赵', 'https://thirdwx.qlogo.cn/mmopen/vi_32/iaSVwiaRoVIpUlv83WIicEo6HZibkoqCeWxxVY5fOXKzsh7TkVLP5JngLtXibyMsv59RMuBSZgCKurFEmXffctcib5cQ/132', null, '111111', '2023-05-12 11:07:41');
INSERT INTO `t_user_other_login_relation` VALUES ('1656859189458067458', '1656859189458067457', '', '', '', null, '111111', '2023-05-12 11:09:48');
INSERT INTO `t_user_other_login_relation` VALUES ('1659168639749562370', '1659168639711813634', null, null, null, null, '111111', '2023-05-18 20:06:44');
INSERT INTO `t_user_other_login_relation` VALUES ('1660834274632122370', '1660834274611150849', '8AD8E53BEDC3887023E2329D89C1E1BD', '力扣积分不过2000不改名', 'http://thirdqq.qlogo.cn/g?b=oidb&k=iahDxJ8whOwNJ5rXcmozogQ&kti=ZGwkEQAAAAI&s=100&t=1664725759', null, '111111', '2023-05-23 10:25:23');
INSERT INTO `t_user_other_login_relation` VALUES ('1661342975600185347', '1661342975545659393', null, null, null, null, '111111', '2023-05-24 20:06:46');
INSERT INTO `t_user_other_login_relation` VALUES ('1662422378914340866', '1662422378813677569', null, null, null, null, '111111', '2023-05-27 19:35:56');
INSERT INTO `t_user_other_login_relation` VALUES ('1662428047650414594', '1662428047587500033', null, null, null, null, '111111', '2023-05-27 19:58:28');
INSERT INTO `t_user_other_login_relation` VALUES ('1664529874164510721', '1664529874072236034', null, null, null, null, '111111', '2023-06-02 15:10:22');
INSERT INTO `t_user_other_login_relation` VALUES ('1664534362405228546', '1664534362367479810', null, null, null, null, '111111', '2023-06-02 15:28:12');
INSERT INTO `t_user_other_login_relation` VALUES ('1665002519465086978', '1665002519335063553', null, null, null, null, '111111', '2023-06-03 22:28:30');
INSERT INTO `t_user_other_login_relation` VALUES ('1665003680750481409', '1665003680654012418', null, null, null, null, '111111', '2023-06-03 22:33:06');
INSERT INTO `t_user_other_login_relation` VALUES ('1665202540508655618', '1665202540256997378', null, null, null, null, '111111', '2023-06-04 11:43:18');
INSERT INTO `t_user_other_login_relation` VALUES ('1665700708899909634', '1665700708824412162', null, null, null, null, '111111', '2023-06-05 20:42:51');
INSERT INTO `t_user_other_login_relation` VALUES ('1665732027457499140', '1665732027457499138', null, null, null, null, '111111', '2023-06-05 22:47:18');
INSERT INTO `t_user_other_login_relation` VALUES ('1666097913544667138', '1666097913469169666', null, null, null, null, '111111', '2023-06-06 23:01:12');
INSERT INTO `t_user_other_login_relation` VALUES ('1673540266458918914', '1673540266387615745', null, null, null, null, '111111', '2023-06-27 11:54:27');
INSERT INTO `t_user_other_login_relation` VALUES ('1673589318173110274', '1673589318106001410', null, null, null, null, '111111', '2023-06-27 15:09:22');
INSERT INTO `t_user_other_login_relation` VALUES ('1679833511000621058', '1679833510992232449', null, null, null, null, '111111', '2023-07-14 20:41:33');
INSERT INTO `t_user_other_login_relation` VALUES ('1684106811850973185', '1684106811683201025', null, '微信用户', 'https://thirdwx.qlogo.cn/mmopen/vi_32/POgEwh4mIHO4nibH0KlMECNjjGxQUq24ZEaGT4poC6icRiccVGKSyXwibcPq4BWmiaIGuG1icwxaQX6grC9VemZoJ8rg/132', null, '111111', '2023-07-26 15:42:08');
INSERT INTO `t_user_other_login_relation` VALUES ('1684106812769525761', '1684106812631113730', null, '微信用户', 'https://thirdwx.qlogo.cn/mmopen/vi_32/POgEwh4mIHO4nibH0KlMECNjjGxQUq24ZEaGT4poC6icRiccVGKSyXwibcPq4BWmiaIGuG1icwxaQX6grC9VemZoJ8rg/132', null, '111111', '2023-07-26 15:42:08');
INSERT INTO `t_user_other_login_relation` VALUES ('1684106813482557442', '1684106813398671361', null, '微信用户', 'https://thirdwx.qlogo.cn/mmopen/vi_32/POgEwh4mIHO4nibH0KlMECNjjGxQUq24ZEaGT4poC6icRiccVGKSyXwibcPq4BWmiaIGuG1icwxaQX6grC9VemZoJ8rg/132', null, '111111', '2023-07-26 15:42:08');
INSERT INTO `t_user_other_login_relation` VALUES ('1684106814250115073', '1684106814187200514', null, '微信用户', 'https://thirdwx.qlogo.cn/mmopen/vi_32/POgEwh4mIHO4nibH0KlMECNjjGxQUq24ZEaGT4poC6icRiccVGKSyXwibcPq4BWmiaIGuG1icwxaQX6grC9VemZoJ8rg/132', null, '111111', '2023-07-26 15:42:08');
INSERT INTO `t_user_other_login_relation` VALUES ('1684106816749920258', '1684106816699588610', null, null, null, null, '111111', '2023-07-26 15:42:09');
INSERT INTO `t_user_other_login_relation` VALUES ('1688771814227009538', '1688771814176677890', null, null, null, null, '111111', '2023-08-08 12:39:11');
INSERT INTO `t_user_other_login_relation` VALUES ('1688806389040898050', '1688806388986372097', null, '微信用户', 'https://thirdwx.qlogo.cn/mmopen/vi_32/POgEwh4mIHO4nibH0KlMECNjjGxQUq24ZEaGT4poC6icRiccVGKSyXwibcPq4BWmiaIGuG1icwxaQX6grC9VemZoJ8rg/132', null, '111111', '2023-08-08 14:56:34');
INSERT INTO `t_user_other_login_relation` VALUES ('1689115801718710274', '1689115801597075457', null, '微信用户', 'https://thirdwx.qlogo.cn/mmopen/vi_32/POgEwh4mIHO4nibH0KlMECNjjGxQUq24ZEaGT4poC6icRiccVGKSyXwibcPq4BWmiaIGuG1icwxaQX6grC9VemZoJ8rg/132', null, '111111', '2023-08-09 11:26:04');
INSERT INTO `t_user_other_login_relation` VALUES ('1689115801727098882', '1689115801597075459', null, '微信用户', 'https://thirdwx.qlogo.cn/mmopen/vi_32/POgEwh4mIHO4nibH0KlMECNjjGxQUq24ZEaGT4poC6icRiccVGKSyXwibcPq4BWmiaIGuG1icwxaQX6grC9VemZoJ8rg/132', null, '111111', '2023-08-09 11:26:04');
INSERT INTO `t_user_other_login_relation` VALUES ('1689115801727098884', '1689115801597075458', null, '微信用户', 'https://thirdwx.qlogo.cn/mmopen/vi_32/POgEwh4mIHO4nibH0KlMECNjjGxQUq24ZEaGT4poC6icRiccVGKSyXwibcPq4BWmiaIGuG1icwxaQX6grC9VemZoJ8rg/132', null, '111111', '2023-08-09 11:26:04');
INSERT INTO `t_user_other_login_relation` VALUES ('1689115801819373569', '1689115801727098883', null, '微信用户', 'https://thirdwx.qlogo.cn/mmopen/vi_32/POgEwh4mIHO4nibH0KlMECNjjGxQUq24ZEaGT4poC6icRiccVGKSyXwibcPq4BWmiaIGuG1icwxaQX6grC9VemZoJ8rg/132', null, '111111', '2023-08-09 11:26:04');
INSERT INTO `t_user_other_login_relation` VALUES ('1689464883142287362', '1689464883075178498', null, '微信用户', 'https://thirdwx.qlogo.cn/mmopen/vi_32/POgEwh4mIHO4nibH0KlMECNjjGxQUq24ZEaGT4poC6icRiccVGKSyXwibcPq4BWmiaIGuG1icwxaQX6grC9VemZoJ8rg/132', null, '111111', '2023-08-10 10:33:12');
INSERT INTO `t_user_other_login_relation` VALUES ('1689523487492890625', '1689523487421587457', null, null, null, null, '111111', '2023-08-10 14:26:04');
INSERT INTO `t_user_other_login_relation` VALUES ('1689586404141654018', '1689586404108099586', null, 'channndん', 'http://wx.qlogo.cn/mmopen/vi_32/hOibhgLHicfQBOM6IpIPGS0kyjQAjDTtXj0CAKkiae0XnD3n8KbUBWlcwsdJORXzpJFJ8rDEHSRTtq24JkL5oWs4w/132', null, '111111', '2023-08-10 18:36:04');
INSERT INTO `t_user_other_login_relation` VALUES ('1690387692953624578', '1690387692915875841', null, null, null, null, '111111', '2023-08-12 23:40:07');
INSERT INTO `t_user_other_login_relation` VALUES ('1693194198098960386', '1693194197998297089', null, null, null, null, '111111', '2023-08-20 17:32:10');
INSERT INTO `t_user_other_login_relation` VALUES ('1694015713799364610', '1694015713778393090', null, null, null, null, '111111', '2023-08-22 23:56:34');
INSERT INTO `t_user_other_login_relation` VALUES ('1695008784297025537', '1695008784263471105', null, null, null, null, '111111', '2023-08-25 17:42:41');
INSERT INTO `t_user_other_login_relation` VALUES ('1696147802271281154', '1696147802103508994', null, null, null, null, '111111', '2023-08-28 21:08:44');
INSERT INTO `t_user_other_login_relation` VALUES ('1696553876996517889', '1696553876921020417', null, null, null, null, '111111', '2023-08-30 00:02:19');
INSERT INTO `t_user_other_login_relation` VALUES ('1698326769073942530', '1698326768977473538', null, '呵喂', 'http://wx.qlogo.cn/mmopen/vi_32/9Libic6fzibcREEHzcvryeicgkIG2fgKx8rzqj6lDjowax1qvIIpAavTASSNX5lhsxpQSeE93zqfGmAEgdeCicfWQ2Q/132', null, '111111', '2023-09-03 21:27:10');
INSERT INTO `t_user_other_login_relation` VALUES ('1698328459852410881', '1698328459818856450', null, null, null, null, '111111', '2023-09-03 21:33:53');
INSERT INTO `t_user_other_login_relation` VALUES ('1698340732427857921', '1698340732339777537', null, null, null, null, '111111', '2023-09-03 22:22:39');
INSERT INTO `t_user_other_login_relation` VALUES ('1698346015900332033', '1698346015833223169', null, '呵喂', 'http://wx.qlogo.cn/mmopen/vi_32/9Libic6fzibcREEHzcvryeicgkIG2fgKx8rzqj6lDjowax1qvIIpAavTASSNX5lhsxpQSeE93zqfGmAEgdeCicfWQ2Q/132', null, '111111', '2023-09-03 22:43:39');
