/*
Navicat MySQL Data Transfer

Source Server         : localhost
Source Server Version : 80033
Source Host           : localhost:3306
Source Database       : ccimg-platform

Target Server Type    : MYSQL
Target Server Version : 80033
File Encoding         : 65001

Date: 2023-06-02 16:16:20
*/

SET FOREIGN_KEY_CHECKS=0;

-- ----------------------------
-- Table structure for t_agree
-- ----------------------------
DROP TABLE IF EXISTS `t_agree`;
CREATE TABLE `t_agree` (
  `id` bigint NOT NULL,
  `uid` bigint DEFAULT NULL,
  `agree_id` bigint DEFAULT NULL,
  `agree_uid` bigint DEFAULT NULL,
  `type` int DEFAULT NULL,
  `creator` bigint DEFAULT NULL,
  `create_date` datetime DEFAULT NULL,
  PRIMARY KEY (`id`)
) ENGINE=InnoDB DEFAULT CHARSET=utf8mb4 COLLATE=utf8mb4_0900_ai_ci;

-- ----------------------------
-- Records of t_agree
-- ----------------------------
INSERT INTO `t_agree` VALUES ('1661921886671265793', '1648549224075079682', '1661916063266037761', '1656857358946361346', '1', '111111', '2023-05-26 10:27:09');
INSERT INTO `t_agree` VALUES ('1661921960944001026', '1648549224075079682', '1661904480242556929', '1601126546037874692', '1', '111111', '2023-05-26 10:27:27');
INSERT INTO `t_agree` VALUES ('1661921982578221058', '1648549224075079682', '1661903479838138369', '1601126546037874692', '1', '111111', '2023-05-26 10:27:32');
INSERT INTO `t_agree` VALUES ('1661930181922516994', '1601126546037874691', '1661916200314920962', '1656857358946361346', '1', '111111', '2023-05-26 11:00:07');
INSERT INTO `t_agree` VALUES ('1661934536549584898', '1601126546037874692', '1661913897855934466', '1601126546037874693', '1', '111111', '2023-05-26 11:17:25');
INSERT INTO `t_agree` VALUES ('1661935424974426114', '1601126546037874692', '1661916200314920962', '1656857358946361346', '1', '111111', '2023-05-26 11:20:57');
INSERT INTO `t_agree` VALUES ('1661935493693902849', '1601126546037874692', '1661917245288013825', '1659168639711813634', '1', '111111', '2023-05-26 11:21:14');
INSERT INTO `t_agree` VALUES ('1661955806498439170', '1601126546037874693', '1661916200314920962', '1656857358946361346', '1', '111111', '2023-05-26 12:41:57');
INSERT INTO `t_agree` VALUES ('1661956274574376961', '1601126546037874693', '1661916418548752385', '1656857358946361346', '1', '111111', '2023-05-26 12:43:48');
INSERT INTO `t_agree` VALUES ('1661960754640531458', '1601126546037874693', '1661916063266037761', '1656857358946361346', '1', '111111', '2023-05-26 13:01:36');
INSERT INTO `t_agree` VALUES ('1661961029019316226', '1601126546037874692', '1661915917669163010', '1656857358946361346', '1', '111111', '2023-05-26 13:02:42');
INSERT INTO `t_agree` VALUES ('1661962196315090946', '1601126546037874691', '1661916418548752385', '1656857358946361346', '1', '111111', '2023-05-26 13:07:20');
INSERT INTO `t_agree` VALUES ('1661968022480171010', '1601126546037874693', '1661968015400185857', '1601126546037874693', '0', '111111', '2023-05-26 13:30:29');
INSERT INTO `t_agree` VALUES ('1661968064335130626', '1601126546037874693', '1661916675365986306', '1656857358946361346', '1', '111111', '2023-05-26 13:30:39');
INSERT INTO `t_agree` VALUES ('1661985559599198209', '1601126546037874692', '1661974836798107650', '1656857358946361346', '1', '111111', '2023-05-26 14:40:10');
INSERT INTO `t_agree` VALUES ('1661985589273899010', '1601126546037874692', '1661974698612568065', '1656857358946361346', '1', '111111', '2023-05-26 14:40:17');
INSERT INTO `t_agree` VALUES ('1661985632064188418', '1601126546037874692', '1661970381172191233', '1656857358946361346', '1', '111111', '2023-05-26 14:40:28');
INSERT INTO `t_agree` VALUES ('1662301947110993921', '1601126546037874690', '1662116870049574913', '1601126546037874692', '1', '111111', '2023-05-27 11:37:23');
INSERT INTO `t_agree` VALUES ('1662301972301983745', '1601126546037874690', '1661909031116922882', '1601126546037874690', '1', '111111', '2023-05-27 11:37:29');
INSERT INTO `t_agree` VALUES ('1662302207896039425', '1601126546037874690', '1662302185758502913', '1601126546037874690', '0', '111111', '2023-05-27 11:38:25');
INSERT INTO `t_agree` VALUES ('1662302248786309122', '1601126546037874690', '1661974836798107650', '1656857358946361346', '1', '111111', '2023-05-27 11:38:35');
INSERT INTO `t_agree` VALUES ('1662303103853899777', '1601126546037874690', '1662277059474206721', '1601126546037874692', '1', '111111', '2023-05-27 11:41:59');

-- ----------------------------
-- Table structure for t_album
-- ----------------------------
DROP TABLE IF EXISTS `t_album`;
CREATE TABLE `t_album` (
  `id` bigint NOT NULL,
  `name` varchar(50) DEFAULT NULL,
  `uid` bigint DEFAULT NULL,
  `cover` varchar(255) DEFAULT NULL,
  `sort` int DEFAULT NULL,
  `img_count` bigint DEFAULT '0',
  `collection_count` bigint DEFAULT '0',
  `creator` bigint DEFAULT NULL,
  `create_date` datetime DEFAULT NULL,
  `updater` bigint DEFAULT NULL,
  `update_date` datetime DEFAULT NULL,
  PRIMARY KEY (`id`)
) ENGINE=InnoDB DEFAULT CHARSET=utf8mb4 COLLATE=utf8mb4_0900_ai_ci;

-- ----------------------------
-- Records of t_album
-- ----------------------------
INSERT INTO `t_album` VALUES ('1661900149283938306', '头像', '1599618448034959361', 'https://cc-video-oss.oss-accelerate.aliyuncs.com/2023/05/26/6f2c1bb133d146cf80edcfcef12832b720220417172605_63c0e.jpeg', null, '33', '0', '111111', '2023-05-26 09:00:47', null, '2023-05-26 09:01:03');
INSERT INTO `t_album` VALUES ('1661901362578644993', '搞怪头像', '1599618448034959361', 'https://cc-video-oss.oss-accelerate.aliyuncs.com/2023/05/26/3711a7c4656247edb9d465cb0f2cb9c020230430020642_e5f06.jpeg', null, '14', '0', '111111', '2023-05-26 09:05:36', null, '2023-05-26 22:41:18');
INSERT INTO `t_album` VALUES ('1661902889586319362', '头像', '1601126546037874692', 'https://cc-video-oss.oss-accelerate.aliyuncs.com/2023/05/26/327c061cb92046198626718b096f7cb9V2SnzxleimB64j0.jpeg', null, '35', '4', '111111', '2023-05-26 09:11:40', null, '2023-05-26 09:11:59');
INSERT INTO `t_album` VALUES ('1661904072916918273', '壁纸', '1601126546037874692', 'https://cc-video-oss.oss-accelerate.aliyuncs.com/2023/05/26/0a2f86eb6ca94e9ebb64cb9ab5f8f76020211005142912_5e884.png', null, '54', '6', '111111', '2023-05-26 09:16:22', null, '2023-05-26 22:32:30');
INSERT INTO `t_album` VALUES ('1661904990529970177', '表情包', '1601126546037874692', 'https://cc-video-oss.oss-accelerate.aliyuncs.com/2023/05/26/21a1a6928ebd40b39f3a2e16be02565520220506115502_704bf.jpeg', null, '14', '0', '111111', '2023-05-26 09:20:01', null, '2023-05-26 22:32:17');
INSERT INTO `t_album` VALUES ('1661906034840363010', '头像', '1601126546037874690', 'https://cc-video-oss.oss-accelerate.aliyuncs.com/2023/05/27/9382c514be214e79bb5eb7dac9d05ab520211017133037_2210b.jpeg', null, '35', '1', '111111', '2023-05-26 09:24:10', null, '2023-05-27 11:48:29');
INSERT INTO `t_album` VALUES ('1661908098509234177', '花', '1601126546037874690', 'https://cc-video-oss.oss-accelerate.aliyuncs.com/2023/05/27/813169a6f1fc469790f6b343f59bafacduitang_1685064459034.jpg', null, '19', '0', '111111', '2023-05-26 09:32:22', null, '2023-05-27 11:48:17');
INSERT INTO `t_album` VALUES ('1661908798660206594', 'ins', '1601126546037874690', 'https://cc-video-oss.oss-accelerate.aliyuncs.com/2023/05/27/82c2f2f31e964046856f37f422b6601620230429134521_cba7c.jpeg', null, '13', '0', '111111', '2023-05-26 09:35:09', null, '2023-05-27 11:47:55');
INSERT INTO `t_album` VALUES ('1661909347396804609', '头像', '1601126546037874691', 'https://cc-video-oss.oss-accelerate.aliyuncs.com/2023/05/26/85e0b545d94d473d9692639f2a001ac920210310134259_03f03.jpeg', null, '30', '0', '111111', '2023-05-26 09:37:20', null, '2023-05-26 13:13:11');
INSERT INTO `t_album` VALUES ('1661911060367335425', '动漫', '1601126546037874691', 'https://cc-video-oss.oss-accelerate.aliyuncs.com/2023/05/26/58591856b0c94d819bd91079051df23620210516204039_90cb0.jpeg', null, '26', '0', '111111', '2023-05-26 09:44:08', null, '2023-05-26 13:12:56');
INSERT INTO `t_album` VALUES ('1661913504136617985', '蜡笔小新', '1601126546037874693', 'https://cc-video-oss.oss-accelerate.aliyuncs.com/2023/05/26/807d8f8930484b1197bd73574b8e900320230220160639_be716.jpg', null, '9', '0', '111111', '2023-05-26 09:53:51', null, '2023-05-26 12:23:40');
INSERT INTO `t_album` VALUES ('1661913878704742402', '柯南', '1601126546037874693', 'https://cc-video-oss.oss-accelerate.aliyuncs.com/2023/05/26/bcc08cec3a3e4f1d84130fd78b01d37220230428224157_327bb.jpg', null, '17', '0', '111111', '2023-05-26 09:55:20', null, '2023-05-26 12:23:21');
INSERT INTO `t_album` VALUES ('1661914564049821698', '海贼王', '1601126546037874693', 'https://cc-video-oss.oss-accelerate.aliyuncs.com/2023/05/26/21cefeb1c5de46849619b705f658aaed20221008201206_33d21.jpg', null, '18', '0', '111111', '2023-05-26 09:58:04', null, '2023-05-26 12:22:56');
INSERT INTO `t_album` VALUES ('1661915235545309185', '哆啦A梦', '1601126546037874693', 'https://cc-video-oss.oss-accelerate.aliyuncs.com/2023/05/26/e8fc291dc4ac40caa5a50490ee7d021c20230410003014_4ad53.jpeg', null, '14', '1', '111111', '2023-05-26 10:00:44', null, '2023-05-26 12:22:42');
INSERT INTO `t_album` VALUES ('1661915895200276481', '风景', '1656857358946361346', 'https://cc-video-oss.oss-accelerate.aliyuncs.com/2023/05/26/89ea6806b3fd4dee93019e5a3857f35fYxSPAm8ycqOE9wZ.jpg', null, '30', '1', '111111', '2023-05-26 10:03:21', null, '2023-05-26 13:35:38');
INSERT INTO `t_album` VALUES ('1661917120213868546', '头像', '1659168639711813634', 'https://cc-video-oss.oss-accelerate.aliyuncs.com/2023/03/20/4bae43e216124cf1966a474594a81612img_nodata.png', null, '16', '0', '111111', '2023-05-26 10:08:13', null, '2023-05-26 10:08:13');
INSERT INTO `t_album` VALUES ('1661917899721072641', '小埋', '1659168639711813634', 'https://cc-video-oss.oss-accelerate.aliyuncs.com/2023/03/20/4bae43e216124cf1966a474594a81612img_nodata.png', null, '11', '1', '111111', '2023-05-26 10:11:19', null, '2023-05-26 10:11:19');
INSERT INTO `t_album` VALUES ('1661918555475337218', '情侣头像', '1648549224075079682', 'https://cc-video-oss.oss-accelerate.aliyuncs.com/2023/05/26/7d1cca07d0524c1f96987edf7c831bf720200719120709_ycbvc.jpg', null, '16', '1', '111111', '2023-05-26 10:13:55', null, '2023-05-26 10:17:12');
INSERT INTO `t_album` VALUES ('1661927311550574594', '风景', '1601126546037874692', 'https://cc-video-oss.oss-accelerate.aliyuncs.com/2023/05/26/c049d89c273646f698a9d679f52d1cf320221011175525_38cf5 (1).jpeg', null, '3', '1', '111111', '2023-05-26 10:48:43', null, '2023-05-26 22:31:49');
INSERT INTO `t_album` VALUES ('1661946722974007297', '猫猫壁纸', '1601126546037874693', 'https://cc-video-oss.oss-accelerate.aliyuncs.com/2023/05/26/ef1fc5f14480416d9710d65a7b29633e20200719120712_wgarg.jpg', null, '4', '1', '111111', '2023-05-26 12:05:51', null, '2023-05-26 12:22:32');
INSERT INTO `t_album` VALUES ('1661964830543523842', '壁纸', '1601126546037874691', 'https://cc-video-oss.oss-accelerate.aliyuncs.com/2023/05/26/a2d872dccb8541d4a6615d88a4c9dbdb20230129164258_d93c9.jpg', null, '6', '0', '111111', '2023-05-26 13:17:48', null, '2023-05-26 13:19:20');
INSERT INTO `t_album` VALUES ('1661966013270142978', '默认', '1601126546037874693', 'https://cc-video-oss.oss-accelerate.aliyuncs.com/2023/05/26/e71b756f29c7428aaf946aad90659e47N5SeyGL4uPV8XPN.jpg', null, '3', '1', '111111', '2023-05-26 13:22:30', null, '2023-05-26 13:22:47');
INSERT INTO `t_album` VALUES ('1661970368467644418', '头像', '1656857358946361346', 'https://cc-video-oss.oss-accelerate.aliyuncs.com/2023/05/26/8dd1644ba7f947ac98050ab1d66c188120211017133037_2210b.jpeg', null, '14', '0', '111111', '2023-05-26 13:39:48', null, '2023-05-26 13:40:08');
INSERT INTO `t_album` VALUES ('1662102750814351361', '猫猫', '1656857358946361346', 'https://cc-video-oss.oss-accelerate.aliyuncs.com/2023/05/26/9b49d93f1558488f8b2a891ee733378e20230305201015_5b430.jpg', null, '21', '0', '111111', '2023-05-26 22:25:51', null, '2023-05-26 22:30:51');
INSERT INTO `t_album` VALUES ('1662103474608615426', '狗狗', '1656857358946361346', 'https://cc-video-oss.oss-accelerate.aliyuncs.com/2023/05/26/66b6ffabb7934affa9ec6fa8d0c4f6e920210916225513_b157f.jpeg', null, '4', '0', '111111', '2023-05-26 22:28:43', null, '2023-05-26 22:30:40');
INSERT INTO `t_album` VALUES ('1662106735692558338', 'ins风格', '1599618448034959361', 'https://cc-video-oss.oss-accelerate.aliyuncs.com/2023/05/26/adf9ef3325a04426860f91eb12abae2c20230219021251_1aec4.jpg', null, '9', '0', '111111', '2023-05-26 22:41:41', null, '2023-05-26 22:41:41');

-- ----------------------------
-- Table structure for t_album_img_relation
-- ----------------------------
DROP TABLE IF EXISTS `t_album_img_relation`;
CREATE TABLE `t_album_img_relation` (
  `id` bigint NOT NULL,
  `aid` bigint DEFAULT NULL,
  `img_path` varchar(255) DEFAULT NULL,
  `mid` bigint DEFAULT NULL,
  `sort` int DEFAULT NULL,
  `creator` bigint DEFAULT NULL,
  `create_date` datetime DEFAULT NULL,
  `updater` bigint DEFAULT NULL,
  `update_date` datetime DEFAULT NULL,
  PRIMARY KEY (`id`)
) ENGINE=InnoDB DEFAULT CHARSET=utf8mb4 COLLATE=utf8mb4_0900_ai_ci;

-- ----------------------------
-- Records of t_album_img_relation
-- ----------------------------
INSERT INTO `t_album_img_relation` VALUES ('1661900163821395970', '1661900149283938306', null, '1661900163821395969', '0', '111111', '2023-05-26 09:00:50', null, '2023-05-26 09:00:50');
INSERT INTO `t_album_img_relation` VALUES ('1661900337675296771', '1661900149283938306', null, '1661900337675296770', '0', '111111', '2023-05-26 09:01:32', null, '2023-05-26 09:01:32');
INSERT INTO `t_album_img_relation` VALUES ('1661900425759875074', '1661900149283938306', null, '1661900425696960514', '0', '111111', '2023-05-26 09:01:53', null, '2023-05-26 09:01:53');
INSERT INTO `t_album_img_relation` VALUES ('1661900800701292547', '1661900149283938306', null, '1661900800701292546', '0', '111111', '2023-05-26 09:03:22', null, '2023-05-26 09:03:22');
INSERT INTO `t_album_img_relation` VALUES ('1661900917953060867', '1661900149283938306', null, '1661900917953060866', '0', '111111', '2023-05-26 09:03:50', null, '2023-05-26 09:03:50');
INSERT INTO `t_album_img_relation` VALUES ('1661901371487346689', '1661901362578644993', null, '1661901371424432130', '0', '111111', '2023-05-26 09:05:38', null, '2023-05-26 09:05:38');
INSERT INTO `t_album_img_relation` VALUES ('1661901481420054530', '1661901362578644993', null, '1661901481420054529', '0', '111111', '2023-05-26 09:06:04', null, '2023-05-26 09:06:04');
INSERT INTO `t_album_img_relation` VALUES ('1661901574604906499', '1661901362578644993', null, '1661901574604906498', '0', '111111', '2023-05-26 09:06:27', null, '2023-05-26 09:06:27');
INSERT INTO `t_album_img_relation` VALUES ('1661902048926162947', '1661900149283938306', null, '1661902048926162946', '0', '111111', '2023-05-26 09:08:20', null, '2023-05-26 09:08:20');
INSERT INTO `t_album_img_relation` VALUES ('1661902167738212355', '1661900149283938306', null, '1661902167738212354', '0', '111111', '2023-05-26 09:08:48', null, '2023-05-26 09:08:48');
INSERT INTO `t_album_img_relation` VALUES ('1661902409950879746', '1661900149283938306', null, '1661902409950879745', '0', '111111', '2023-05-26 09:09:46', null, '2023-05-26 09:09:46');
INSERT INTO `t_album_img_relation` VALUES ('1661902908792037379', '1661902889586319362', null, '1661902908792037378', '0', '111111', '2023-05-26 09:11:45', null, '2023-05-26 09:11:45');
INSERT INTO `t_album_img_relation` VALUES ('1661903098047422467', '1661902889586319362', null, '1661903098047422466', '0', '111111', '2023-05-26 09:12:30', null, '2023-05-26 09:12:30');
INSERT INTO `t_album_img_relation` VALUES ('1661903191676870657', '1661902889586319362', null, '1661903191613956097', '0', '111111', '2023-05-26 09:12:52', null, '2023-05-26 09:12:52');
INSERT INTO `t_album_img_relation` VALUES ('1661903359180595203', '1661902889586319362', null, '1661903359180595202', '0', '111111', '2023-05-26 09:13:32', null, '2023-05-26 09:13:32');
INSERT INTO `t_album_img_relation` VALUES ('1661903479838138370', '1661902889586319362', null, '1661903479838138369', '0', '111111', '2023-05-26 09:14:01', null, '2023-05-26 09:14:01');
INSERT INTO `t_album_img_relation` VALUES ('1661903560175837185', '1661902889586319362', null, '1661903560108728321', '0', '111111', '2023-05-26 09:14:20', null, '2023-05-26 09:14:20');
INSERT INTO `t_album_img_relation` VALUES ('1661904087651508226', '1661904072916918273', null, '1661904087651508225', '0', '111111', '2023-05-26 09:16:26', null, '2023-05-26 09:16:26');
INSERT INTO `t_album_img_relation` VALUES ('1661904231469998082', '1661904072916918273', null, '1661904231469998081', '0', '111111', '2023-05-26 09:17:00', null, '2023-05-26 09:17:00');
INSERT INTO `t_album_img_relation` VALUES ('1661904352161095682', '1661904072916918273', null, '1661904352161095681', '0', '111111', '2023-05-26 09:17:29', null, '2023-05-26 09:17:29');
INSERT INTO `t_album_img_relation` VALUES ('1661904480242556930', '1661904072916918273', null, '1661904480242556929', '0', '111111', '2023-05-26 09:17:59', null, '2023-05-26 09:17:59');
INSERT INTO `t_album_img_relation` VALUES ('1661904998574645250', '1661904990529970177', null, '1661904998574645249', '0', '111111', '2023-05-26 09:20:03', null, '2023-05-26 09:20:03');
INSERT INTO `t_album_img_relation` VALUES ('1661905162219610115', '1661904990529970177', null, '1661905162219610114', '0', '111111', '2023-05-26 09:20:42', null, '2023-05-26 09:20:42');
INSERT INTO `t_album_img_relation` VALUES ('1661905271288291330', '1661904990529970177', null, '1661905271288291329', '0', '111111', '2023-05-26 09:21:08', null, '2023-05-26 09:21:08');
INSERT INTO `t_album_img_relation` VALUES ('1661906045623918595', '1661906034840363010', null, '1661906045623918594', '0', '111111', '2023-05-26 09:24:13', null, '2023-05-26 09:24:13');
INSERT INTO `t_album_img_relation` VALUES ('1661906180575649795', '1661906034840363010', null, '1661906180575649794', '0', '111111', '2023-05-26 09:24:45', null, '2023-05-26 09:24:45');
INSERT INTO `t_album_img_relation` VALUES ('1661906321244217345', '1661906034840363010', null, '1661906321177108482', '0', '111111', '2023-05-26 09:25:18', null, '2023-05-26 09:25:18');
INSERT INTO `t_album_img_relation` VALUES ('1661906431759933443', '1661906034840363010', null, '1661906431759933442', '0', '111111', '2023-05-26 09:25:45', null, '2023-05-26 09:25:45');
INSERT INTO `t_album_img_relation` VALUES ('1661906562920013826', '1661906034840363010', null, '1661906562852904961', '0', '111111', '2023-05-26 09:26:16', null, '2023-05-26 09:26:16');
INSERT INTO `t_album_img_relation` VALUES ('1661906690024202241', '1661906034840363010', null, '1661906689961287682', '0', '111111', '2023-05-26 09:26:46', null, '2023-05-26 09:26:46');
INSERT INTO `t_album_img_relation` VALUES ('1661908107719925763', '1661908098509234177', null, '1661908107719925762', '0', '111111', '2023-05-26 09:32:24', null, '2023-05-26 09:32:24');
INSERT INTO `t_album_img_relation` VALUES ('1661908249869082627', '1661908098509234177', null, '1661908249869082626', '0', '111111', '2023-05-26 09:32:58', null, '2023-05-26 09:32:58');
INSERT INTO `t_album_img_relation` VALUES ('1661908453166997507', '1661908098509234177', null, '1661908453166997506', '0', '111111', '2023-05-26 09:33:47', null, '2023-05-26 09:33:47');
INSERT INTO `t_album_img_relation` VALUES ('1661908570779475969', '1661908098509234177', null, '1661908570716561410', '0', '111111', '2023-05-26 09:34:15', null, '2023-05-26 09:34:15');
INSERT INTO `t_album_img_relation` VALUES ('1661908807828955139', '1661908798660206594', null, '1661908807828955138', '0', '111111', '2023-05-26 09:35:11', null, '2023-05-26 09:35:11');
INSERT INTO `t_album_img_relation` VALUES ('1661908916843110402', '1661908798660206594', null, '1661908916843110401', '0', '111111', '2023-05-26 09:35:37', null, '2023-05-26 09:35:37');
INSERT INTO `t_album_img_relation` VALUES ('1661909031179837441', '1661908798660206594', null, '1661909031116922882', '0', '111111', '2023-05-26 09:36:04', null, '2023-05-26 09:36:04');
INSERT INTO `t_album_img_relation` VALUES ('1661909357517660162', '1661909347396804609', null, '1661909357517660161', '0', '111111', '2023-05-26 09:37:22', null, '2023-05-26 09:37:22');
INSERT INTO `t_album_img_relation` VALUES ('1661909656877719554', '1661909347396804609', null, '1661909656877719553', '0', '111111', '2023-05-26 09:38:34', null, '2023-05-26 09:38:34');
INSERT INTO `t_album_img_relation` VALUES ('1661909756970590210', '1661909347396804609', null, '1661909756970590209', '0', '111111', '2023-05-26 09:38:58', null, '2023-05-26 09:38:58');
INSERT INTO `t_album_img_relation` VALUES ('1661910074844307458', '1661909347396804609', null, '1661910074844307457', '0', '111111', '2023-05-26 09:40:13', null, '2023-05-26 09:40:13');
INSERT INTO `t_album_img_relation` VALUES ('1661910195086614530', '1661909347396804609', null, '1661910195086614529', '0', '111111', '2023-05-26 09:40:42', null, '2023-05-26 09:40:42');
INSERT INTO `t_album_img_relation` VALUES ('1661910395276550146', '1661909347396804609', null, '1661910395276550145', '0', '111111', '2023-05-26 09:41:30', null, '2023-05-26 09:41:30');
INSERT INTO `t_album_img_relation` VALUES ('1661910503028219906', '1661909347396804609', null, '1661910503028219905', '0', '111111', '2023-05-26 09:41:55', null, '2023-05-26 09:41:55');
INSERT INTO `t_album_img_relation` VALUES ('1661911071947808771', '1661911060367335425', null, '1661911071947808770', '0', '111111', '2023-05-26 09:44:11', null, '2023-05-26 09:44:11');
INSERT INTO `t_album_img_relation` VALUES ('1661911211311947777', '1661911060367335425', null, '1661911211244838913', '0', '111111', '2023-05-26 09:44:44', null, '2023-05-26 09:44:44');
INSERT INTO `t_album_img_relation` VALUES ('1661911353909895171', '1661911060367335425', null, '1661911353909895170', '0', '111111', '2023-05-26 09:45:18', null, '2023-05-26 09:45:18');
INSERT INTO `t_album_img_relation` VALUES ('1661911478862405635', '1661911060367335425', null, '1661911478862405634', '0', '111111', '2023-05-26 09:45:48', null, '2023-05-26 09:45:48');
INSERT INTO `t_album_img_relation` VALUES ('1661911588837056513', '1661911060367335425', null, '1661911588769947649', '0', '111111', '2023-05-26 09:46:14', null, '2023-05-26 09:46:14');
INSERT INTO `t_album_img_relation` VALUES ('1661911683745767427', '1661911060367335425', null, '1661911683745767426', '0', '111111', '2023-05-26 09:46:37', null, '2023-05-26 09:46:37');
INSERT INTO `t_album_img_relation` VALUES ('1661913014367739907', '1661911060367335425', null, '1661913014367739906', '0', '111111', '2023-05-26 09:51:54', null, '2023-05-26 09:51:54');
INSERT INTO `t_album_img_relation` VALUES ('1661913536982212611', '1661913504136617985', null, '1661913536982212610', '0', '111111', '2023-05-26 09:53:59', null, '2023-05-26 09:53:59');
INSERT INTO `t_album_img_relation` VALUES ('1661913633644142594', '1661913504136617985', null, '1661913633644142593', '0', '111111', '2023-05-26 09:54:22', null, '2023-05-26 09:54:22');
INSERT INTO `t_album_img_relation` VALUES ('1661913897855934467', '1661913878704742402', null, '1661913897855934466', '0', '111111', '2023-05-26 09:55:25', null, '2023-05-26 09:55:25');
INSERT INTO `t_album_img_relation` VALUES ('1661914122016317443', '1661913878704742402', null, '1661914122016317442', '0', '111111', '2023-05-26 09:56:18', null, '2023-05-26 09:56:18');
INSERT INTO `t_album_img_relation` VALUES ('1661914255135137794', '1661913878704742402', null, '1661914255135137793', '0', '111111', '2023-05-26 09:56:50', null, '2023-05-26 09:56:50');
INSERT INTO `t_album_img_relation` VALUES ('1661914591438626818', '1661914564049821698', null, '1661914591438626817', '0', '111111', '2023-05-26 09:58:10', null, '2023-05-26 09:58:10');
INSERT INTO `t_album_img_relation` VALUES ('1661914728021942274', '1661914564049821698', null, '1661914728021942273', '0', '111111', '2023-05-26 09:58:43', null, '2023-05-26 09:58:43');
INSERT INTO `t_album_img_relation` VALUES ('1661914828131590147', '1661914564049821698', null, '1661914828131590146', '0', '111111', '2023-05-26 09:59:07', null, '2023-05-26 09:59:07');
INSERT INTO `t_album_img_relation` VALUES ('1661914929906376705', '1661914564049821698', null, '1661914929839267842', '0', '111111', '2023-05-26 09:59:31', null, '2023-05-26 09:59:31');
INSERT INTO `t_album_img_relation` VALUES ('1661915248556040195', '1661915235545309185', null, '1661915248556040194', '0', '111111', '2023-05-26 10:00:47', null, '2023-05-26 10:00:47');
INSERT INTO `t_album_img_relation` VALUES ('1661915348661493762', '1661915235545309185', null, '1661915348661493761', '0', '111111', '2023-05-26 10:01:11', null, '2023-05-26 10:01:11');
INSERT INTO `t_album_img_relation` VALUES ('1661915456429940739', '1661915235545309185', null, '1661915456429940738', '0', '111111', '2023-05-26 10:01:36', null, '2023-05-26 10:01:36');
INSERT INTO `t_album_img_relation` VALUES ('1661915545319825410', '1661915235545309185', null, '1661915545319825409', '0', '111111', '2023-05-26 10:01:58', null, '2023-05-26 10:01:58');
INSERT INTO `t_album_img_relation` VALUES ('1661915917669163011', '1661915895200276481', null, '1661915917669163010', '0', '111111', '2023-05-26 10:03:26', null, '2023-05-26 10:03:26');
INSERT INTO `t_album_img_relation` VALUES ('1661916063328952321', '1661915895200276481', null, '1661916063266037761', '0', '111111', '2023-05-26 10:04:01', null, '2023-05-26 10:04:01');
INSERT INTO `t_album_img_relation` VALUES ('1661916200314920963', '1661915895200276481', null, '1661916200314920962', '0', '111111', '2023-05-26 10:04:34', null, '2023-05-26 10:04:34');
INSERT INTO `t_album_img_relation` VALUES ('1661916418548752386', '1661915895200276481', null, '1661916418548752385', '0', '111111', '2023-05-26 10:05:26', null, '2023-05-26 10:05:26');
INSERT INTO `t_album_img_relation` VALUES ('1661916556801400835', '1661915895200276481', null, '1661916556801400834', '0', '111111', '2023-05-26 10:05:59', null, '2023-05-26 10:05:59');
INSERT INTO `t_album_img_relation` VALUES ('1661916675365986307', '1661915895200276481', null, '1661916675365986306', '0', '111111', '2023-05-26 10:06:27', null, '2023-05-26 10:06:27');
INSERT INTO `t_album_img_relation` VALUES ('1661917128573116418', '1661917120213868546', null, '1661917128573116417', '0', '111111', '2023-05-26 10:08:15', null, '2023-05-26 10:08:15');
INSERT INTO `t_album_img_relation` VALUES ('1661917245288013826', '1661917120213868546', null, '1661917245288013825', '0', '111111', '2023-05-26 10:08:43', null, '2023-05-26 10:08:43');
INSERT INTO `t_album_img_relation` VALUES ('1661917354386055171', '1661917120213868546', null, '1661917354386055170', '0', '111111', '2023-05-26 10:09:09', null, '2023-05-26 10:09:09');
INSERT INTO `t_album_img_relation` VALUES ('1661917744783482882', '1661917120213868546', null, '1661917744783482881', '0', '111111', '2023-05-26 10:10:42', null, '2023-05-26 10:10:42');
INSERT INTO `t_album_img_relation` VALUES ('1661917915319689219', '1661917899721072641', null, '1661917915319689218', '0', '111111', '2023-05-26 10:11:23', null, '2023-05-26 10:11:23');
INSERT INTO `t_album_img_relation` VALUES ('1661918036002398210', '1661917899721072641', null, '1661918036002398209', '0', '111111', '2023-05-26 10:11:51', null, '2023-05-26 10:11:51');
INSERT INTO `t_album_img_relation` VALUES ('1661918138225975298', '1661917899721072641', null, '1661918138225975297', '0', '111111', '2023-05-26 10:12:16', null, '2023-05-26 10:12:16');
INSERT INTO `t_album_img_relation` VALUES ('1661918562991529986', '1661918555475337218', null, '1661918562991529985', '0', '111111', '2023-05-26 10:13:57', null, '2023-05-26 10:13:57');
INSERT INTO `t_album_img_relation` VALUES ('1661918686266318851', '1661918555475337218', null, '1661918686266318850', '0', '111111', '2023-05-26 10:14:26', null, '2023-05-26 10:14:26');
INSERT INTO `t_album_img_relation` VALUES ('1661919005385744386', '1661918555475337218', null, '1661919005385744385', '0', '111111', '2023-05-26 10:15:43', null, '2023-05-26 10:15:43');
INSERT INTO `t_album_img_relation` VALUES ('1661919123069526018', '1661918555475337218', null, '1661919123069526017', '0', '111111', '2023-05-26 10:16:11', null, '2023-05-26 10:16:11');
INSERT INTO `t_album_img_relation` VALUES ('1661925847608410114', '1661904072916918273', null, '1661919005385744385', null, '111111', '2023-05-26 10:42:54', null, '2023-05-26 10:42:54');
INSERT INTO `t_album_img_relation` VALUES ('1661925913752584194', '1661904072916918273', null, '1661917354386055170', null, '111111', '2023-05-26 10:43:10', null, '2023-05-26 10:43:10');
INSERT INTO `t_album_img_relation` VALUES ('1661927317133193218', '1661927311550574594', null, '1661916200314920962', null, '111111', '2023-05-26 10:48:44', null, '2023-05-26 10:48:44');
INSERT INTO `t_album_img_relation` VALUES ('1661935303209586689', '1661904072916918273', null, '1661913897855934466', null, '111111', '2023-05-26 11:20:28', null, '2023-05-26 11:20:28');
INSERT INTO `t_album_img_relation` VALUES ('1661935483761790978', '1661904072916918273', null, '1661917245288013825', null, '111111', '2023-05-26 11:21:11', null, '2023-05-26 11:21:11');
INSERT INTO `t_album_img_relation` VALUES ('1661935644667875329', '1661902889586319362', null, '1661917128573116417', null, '111111', '2023-05-26 11:21:50', null, '2023-05-26 11:21:50');
INSERT INTO `t_album_img_relation` VALUES ('1661939962779377666', '1661904072916918273', null, '1661916418548752385', null, '111111', '2023-05-26 11:38:59', null, '2023-05-26 11:38:59');
INSERT INTO `t_album_img_relation` VALUES ('1661940026679599106', '1661902889586319362', null, '1661918562991529985', null, '111111', '2023-05-26 11:39:14', null, '2023-05-26 11:39:14');
INSERT INTO `t_album_img_relation` VALUES ('1661946728896364545', '1661946722974007297', null, '1661919005385744385', null, '111111', '2023-05-26 12:05:52', null, '2023-05-26 12:05:52');
INSERT INTO `t_album_img_relation` VALUES ('1661964863007436803', '1661964830543523842', null, '1661964863007436802', '0', '111111', '2023-05-26 13:17:56', null, '2023-05-26 13:17:56');
INSERT INTO `t_album_img_relation` VALUES ('1661966021373538305', '1661966013270142978', null, '1661917245288013825', null, '111111', '2023-05-26 13:22:32', null, '2023-05-26 13:22:32');
INSERT INTO `t_album_img_relation` VALUES ('1661969895861858305', '1661915895200276481', null, '1661969895794749442', '0', '111111', '2023-05-26 13:37:56', null, '2023-05-26 13:37:56');
INSERT INTO `t_album_img_relation` VALUES ('1661970381172191234', '1661970368467644418', null, '1661970381172191233', '0', '111111', '2023-05-26 13:39:51', null, '2023-05-26 13:39:51');
INSERT INTO `t_album_img_relation` VALUES ('1661974698612568066', '1661970368467644418', null, '1661974698612568065', '0', '111111', '2023-05-26 13:57:01', null, '2023-05-26 13:57:01');
INSERT INTO `t_album_img_relation` VALUES ('1661974836798107651', '1661915895200276481', null, '1661974836798107650', '0', '111111', '2023-05-26 13:57:34', null, '2023-05-26 13:57:34');
INSERT INTO `t_album_img_relation` VALUES ('1662082249492606978', '1661970368467644418', null, '1662082249492606977', '0', '111111', '2023-05-26 21:04:23', null, '2023-05-26 21:04:23');
INSERT INTO `t_album_img_relation` VALUES ('1662082346058067970', '1661970368467644418', null, '1662082346058067969', '0', '111111', '2023-05-26 21:04:46', null, '2023-05-26 21:04:46');
INSERT INTO `t_album_img_relation` VALUES ('1662097100684210179', '1661915895200276481', null, '1662097100684210178', '0', '111111', '2023-05-26 22:03:24', null, '2023-05-26 22:03:24');
INSERT INTO `t_album_img_relation` VALUES ('1662102761434329090', '1662102750814351361', null, '1662102761434329089', '0', '111111', '2023-05-26 22:25:53', null, '2023-05-26 22:25:53');
INSERT INTO `t_album_img_relation` VALUES ('1662102870943412226', '1662102750814351361', null, '1662102870943412225', '0', '111111', '2023-05-26 22:26:19', null, '2023-05-26 22:26:19');
INSERT INTO `t_album_img_relation` VALUES ('1662103096794099714', '1662102750814351361', null, '1662103096794099713', '0', '111111', '2023-05-26 22:27:13', null, '2023-05-26 22:27:13');
INSERT INTO `t_album_img_relation` VALUES ('1662103184874483715', '1662102750814351361', null, '1662103184874483714', '0', '111111', '2023-05-26 22:27:34', null, '2023-05-26 22:27:34');
INSERT INTO `t_album_img_relation` VALUES ('1662103591243821059', '1662103474608615426', null, '1662103591243821058', '0', '111111', '2023-05-26 22:29:11', null, '2023-05-26 22:29:11');
INSERT INTO `t_album_img_relation` VALUES ('1662103908660359171', '1662102750814351361', null, '1662103908660359170', '0', '111111', '2023-05-26 22:30:27', null, '2023-05-26 22:30:27');
INSERT INTO `t_album_img_relation` VALUES ('1662106847248461826', '1662106735692558338', null, '1662106847248461825', '0', '111111', '2023-05-26 22:42:08', null, '2023-05-26 22:42:08');
INSERT INTO `t_album_img_relation` VALUES ('1662107038869434370', '1662106735692558338', null, '1662107038869434369', '0', '111111', '2023-05-26 22:42:53', null, '2023-05-26 22:42:53');
INSERT INTO `t_album_img_relation` VALUES ('1662116870049574914', '1661904072916918273', null, '1662116870049574913', '0', '111111', '2023-05-26 23:21:57', null, '2023-05-26 23:21:57');
INSERT INTO `t_album_img_relation` VALUES ('1662277059474206722', '1661904072916918273', null, '1662277059474206721', '0', '111111', '2023-05-27 09:58:29', null, '2023-05-27 09:58:29');
INSERT INTO `t_album_img_relation` VALUES ('1662303872669822977', '1661906034840363010', null, '1662277059474206721', null, '111111', '2023-05-27 11:45:02', null, '2023-05-27 11:45:02');

-- ----------------------------
-- Table structure for t_browse_record
-- ----------------------------
DROP TABLE IF EXISTS `t_browse_record`;
CREATE TABLE `t_browse_record` (
  `id` bigint NOT NULL,
  `uid` bigint DEFAULT NULL,
  `mid` bigint DEFAULT NULL,
  `creator` bigint DEFAULT NULL,
  `create_date` datetime DEFAULT NULL,
  `updater` bigint DEFAULT NULL,
  `update_date` datetime DEFAULT NULL,
  PRIMARY KEY (`id`)
) ENGINE=InnoDB DEFAULT CHARSET=utf8mb4 COLLATE=utf8mb4_0900_ai_ci;

-- ----------------------------
-- Records of t_browse_record
-- ----------------------------
INSERT INTO `t_browse_record` VALUES ('1661919421863354370', '1648549224075079682', '1661915456429940738', '111111', '2023-05-26 10:17:22', null, '2023-05-26 10:17:22');
INSERT INTO `t_browse_record` VALUES ('1661919447440220162', '1648549224075079682', '1661911683745767426', '111111', '2023-05-26 10:17:28', null, '2023-05-26 10:17:28');
INSERT INTO `t_browse_record` VALUES ('1661919460648083457', '1648549224075079682', '1661911588769947649', '111111', '2023-05-26 10:17:31', null, '2023-05-26 10:17:31');
INSERT INTO `t_browse_record` VALUES ('1661921043817488386', '1648549224075079682', '1661917915319689218', '111111', '2023-05-26 10:23:49', null, '2023-05-26 10:23:49');
INSERT INTO `t_browse_record` VALUES ('1661921050515791873', '1648549224075079682', '1661918036002398209', '111111', '2023-05-26 10:23:50', null, '2023-05-26 10:23:50');
INSERT INTO `t_browse_record` VALUES ('1661921101770186753', '1648549224075079682', '1661918138225975297', '111111', '2023-05-26 10:24:02', null, '2023-05-26 10:24:02');
INSERT INTO `t_browse_record` VALUES ('1661921157130805250', '1648549224075079682', '1661915917669163010', '111111', '2023-05-26 10:24:16', null, '2023-05-26 10:24:16');
INSERT INTO `t_browse_record` VALUES ('1661921281722605570', '1648549224075079682', '1661904998574645249', '111111', '2023-05-26 10:24:45', null, '2023-05-26 10:24:45');
INSERT INTO `t_browse_record` VALUES ('1661921354544111618', '1648549224075079682', '1661919123069526017', '111111', '2023-05-26 10:25:03', null, '2023-05-26 10:25:04');
INSERT INTO `t_browse_record` VALUES ('1661921491584606210', '1648549224075079682', '1661903098047422466', '111111', '2023-05-26 10:25:35', null, '2023-05-26 10:25:35');
INSERT INTO `t_browse_record` VALUES ('1661921803028455425', '1648549224075079682', '1661916063266037761', '111111', '2023-05-26 10:26:50', null, '2023-05-26 10:26:50');
INSERT INTO `t_browse_record` VALUES ('1661922888694685698', '1601126546037874692', '1661903560108728321', '111111', '2023-05-26 10:31:08', null, '2023-05-27 11:17:03');
INSERT INTO `t_browse_record` VALUES ('1661924322282651650', '1601126546037874692', '1661914255135137793', '111111', '2023-05-26 10:36:50', null, '2023-05-27 11:03:17');
INSERT INTO `t_browse_record` VALUES ('1661924508904013826', '1601126546037874690', '1661905271288291329', '111111', '2023-05-26 10:37:35', null, '2023-05-26 10:37:35');
INSERT INTO `t_browse_record` VALUES ('1661925803811487745', '1601126546037874692', '1661919005385744385', '111111', '2023-05-26 10:42:43', null, '2023-05-27 11:28:46');
INSERT INTO `t_browse_record` VALUES ('1661925884933521410', '1601126546037874692', '1661917354386055170', '111111', '2023-05-26 10:43:03', null, '2023-05-26 11:21:39');
INSERT INTO `t_browse_record` VALUES ('1661927277509603330', '1601126546037874692', '1661916200314920962', '111111', '2023-05-26 10:48:35', null, '2023-05-27 13:39:54');
INSERT INTO `t_browse_record` VALUES ('1661929356076642305', '1599618448034959361', '1661916200314920962', '111111', '2023-05-26 10:56:50', null, '2023-05-26 10:56:50');
INSERT INTO `t_browse_record` VALUES ('1661930177992454146', '1601126546037874691', '1661916200314920962', '111111', '2023-05-26 11:00:06', null, '2023-05-26 11:00:46');
INSERT INTO `t_browse_record` VALUES ('1661930743623708673', '1601126546037874692', '1661915917669163010', '111111', '2023-05-26 11:02:21', null, '2023-05-27 11:20:39');
INSERT INTO `t_browse_record` VALUES ('1661931392084078593', '1601126546037874692', '1661913897855934466', '111111', '2023-05-26 11:04:56', null, '2023-05-27 11:23:58');
INSERT INTO `t_browse_record` VALUES ('1661935451432095746', '1601126546037874692', '1661917245288013825', '111111', '2023-05-26 11:21:04', null, '2023-05-27 11:20:06');
INSERT INTO `t_browse_record` VALUES ('1661935622744248321', '1601126546037874692', '1661917128573116417', '111111', '2023-05-26 11:21:44', null, '2023-05-27 11:18:33');
INSERT INTO `t_browse_record` VALUES ('1661939936581754882', '1601126546037874692', '1661916418548752385', '111111', '2023-05-26 11:38:53', null, '2023-05-27 11:23:54');
INSERT INTO `t_browse_record` VALUES ('1661940013366878210', '1601126546037874692', '1661918562991529985', '111111', '2023-05-26 11:39:11', null, '2023-05-27 11:29:04');
INSERT INTO `t_browse_record` VALUES ('1661940802843934722', '1601126546037874692', '1661915456429940738', '111111', '2023-05-26 11:42:19', null, '2023-05-27 11:20:18');
INSERT INTO `t_browse_record` VALUES ('1661944332375916546', '1601126546037874692', '1661915545319825409', '111111', '2023-05-26 11:56:21', null, '2023-05-27 11:20:16');
INSERT INTO `t_browse_record` VALUES ('1661946687326617601', '1601126546037874693', '1661919005385744385', '111111', '2023-05-26 12:05:42', null, '2023-05-26 12:24:34');
INSERT INTO `t_browse_record` VALUES ('1661951540996177922', '1601126546037874693', '1661918686266318850', '111111', '2023-05-26 12:25:00', null, '2023-05-26 12:25:00');
INSERT INTO `t_browse_record` VALUES ('1661951795766591490', '1601126546037874693', '1661913633644142593', '111111', '2023-05-26 12:26:00', null, '2023-05-26 13:29:49');
INSERT INTO `t_browse_record` VALUES ('1661951806269128706', '1601126546037874693', '1661918036002398209', '111111', '2023-05-26 12:26:03', null, '2023-05-26 12:26:03');
INSERT INTO `t_browse_record` VALUES ('1661955191433117697', '1601126546037874693', '1661916200314920962', '111111', '2023-05-26 12:39:30', null, '2023-05-26 12:42:12');
INSERT INTO `t_browse_record` VALUES ('1661956272162652161', '1601126546037874693', '1661916418548752385', '111111', '2023-05-26 12:43:48', null, '2023-05-26 12:43:48');
INSERT INTO `t_browse_record` VALUES ('1661956409345753089', '1601126546037874693', '1661916556801400834', '111111', '2023-05-26 12:44:20', null, '2023-05-26 12:44:20');
INSERT INTO `t_browse_record` VALUES ('1661958964327071746', '1601126546037874692', '1661916063266037761', '111111', '2023-05-26 12:54:29', null, '2023-05-27 11:19:07');
INSERT INTO `t_browse_record` VALUES ('1661959216954195970', '1656857358946361346', '1661916675365986306', '111111', '2023-05-26 12:55:30', null, '2023-05-26 13:31:10');
INSERT INTO `t_browse_record` VALUES ('1661959281424842754', '1656857358946361346', '1661915348661493761', '111111', '2023-05-26 12:55:45', null, '2023-05-26 12:55:45');
INSERT INTO `t_browse_record` VALUES ('1661960709518209026', '1601126546037874693', '1661916063266037761', '111111', '2023-05-26 13:01:26', null, '2023-05-26 13:01:45');
INSERT INTO `t_browse_record` VALUES ('1661961301279977474', '1656857358946361346', '1661913536982212610', '111111', '2023-05-26 13:03:47', null, '2023-05-26 13:03:47');
INSERT INTO `t_browse_record` VALUES ('1661962180238323713', '1601126546037874691', '1661916556801400834', '111111', '2023-05-26 13:07:16', null, '2023-05-26 13:07:16');
INSERT INTO `t_browse_record` VALUES ('1661962188597571586', '1601126546037874691', '1661916418548752385', '111111', '2023-05-26 13:07:18', null, '2023-05-26 13:07:31');
INSERT INTO `t_browse_record` VALUES ('1661963832420806658', '1601126546037874691', '1661914255135137793', '111111', '2023-05-26 13:13:50', null, '2023-05-26 13:13:50');
INSERT INTO `t_browse_record` VALUES ('1661963991850496002', '1601126546037874691', '1661915545319825409', '111111', '2023-05-26 13:14:28', null, '2023-05-26 13:14:28');
INSERT INTO `t_browse_record` VALUES ('1661964923686432770', '1601126546037874691', '1661964863007436802', '111111', '2023-05-26 13:18:10', null, '2023-05-26 13:18:16');
INSERT INTO `t_browse_record` VALUES ('1661965857560801281', '1601126546037874693', '1661914255135137793', '111111', '2023-05-26 13:21:53', null, '2023-05-26 13:21:53');
INSERT INTO `t_browse_record` VALUES ('1661965919116406786', '1601126546037874693', '1661917245288013825', '111111', '2023-05-26 13:22:08', null, '2023-05-26 13:22:08');
INSERT INTO `t_browse_record` VALUES ('1661966484995125249', '1601126546037874693', '1661917128573116417', '111111', '2023-05-26 13:24:23', null, '2023-05-26 13:24:36');
INSERT INTO `t_browse_record` VALUES ('1661966769507348481', '1601126546037874693', '1661913897855934466', '111111', '2023-05-26 13:25:30', null, '2023-05-26 13:25:30');
INSERT INTO `t_browse_record` VALUES ('1661967432219963393', '1601126546037874693', '1661905271288291329', '111111', '2023-05-26 13:28:08', null, '2023-05-26 13:28:08');
INSERT INTO `t_browse_record` VALUES ('1661967798353342465', '1601126546037874693', '1661915456429940738', '111111', '2023-05-26 13:29:36', null, '2023-05-26 13:30:04');
INSERT INTO `t_browse_record` VALUES ('1661967944851992577', '1601126546037874693', '1661916675365986306', '111111', '2023-05-26 13:30:11', null, '2023-05-26 13:30:41');
INSERT INTO `t_browse_record` VALUES ('1661968410700754945', '1656857358946361346', '1661916200314920962', '111111', '2023-05-26 13:32:02', null, '2023-05-26 13:32:02');
INSERT INTO `t_browse_record` VALUES ('1661969101309685762', '1656857358946361346', '1661906689961287682', '111111', '2023-05-26 13:34:46', null, '2023-05-26 13:34:46');
INSERT INTO `t_browse_record` VALUES ('1661985554519896066', '1656857358946361346', '1661974836798107650', '111111', '2023-05-26 14:40:09', null, '2023-05-26 14:40:09');
INSERT INTO `t_browse_record` VALUES ('1661985584731467778', '1656857358946361346', '1661974698612568065', '111111', '2023-05-26 14:40:16', null, '2023-05-26 14:40:16');
INSERT INTO `t_browse_record` VALUES ('1661985627408510978', '1656857358946361346', '1661970381172191233', '111111', '2023-05-26 14:40:26', null, '2023-05-26 14:40:26');
INSERT INTO `t_browse_record` VALUES ('1661994104784760834', '1656857358946361346', '1661915917669163010', '111111', '2023-05-26 15:14:08', null, '2023-05-26 15:14:22');
INSERT INTO `t_browse_record` VALUES ('1662104984931348481', '1601126546037874692', '1662097100684210178', '111111', '2023-05-26 22:34:43', null, '2023-05-27 09:52:33');
INSERT INTO `t_browse_record` VALUES ('1662105232609193985', '1601126546037874692', '1661974836798107650', '111111', '2023-05-26 22:35:43', null, '2023-05-27 11:26:44');
INSERT INTO `t_browse_record` VALUES ('1662105270257266689', '1601126546037874692', '1661916556801400834', '111111', '2023-05-26 22:35:52', null, '2023-05-26 22:35:52');
INSERT INTO `t_browse_record` VALUES ('1662105371960750082', '1601126546037874692', '1662102870943412225', '111111', '2023-05-26 22:36:16', null, '2023-05-27 10:49:37');
INSERT INTO `t_browse_record` VALUES ('1662105379288199170', '1601126546037874692', '1662102761434329089', '111111', '2023-05-26 22:36:18', null, '2023-05-27 11:28:51');
INSERT INTO `t_browse_record` VALUES ('1662105414327414786', '1601126546037874692', '1661974698612568065', '111111', '2023-05-26 22:36:26', null, '2023-05-26 22:36:26');
INSERT INTO `t_browse_record` VALUES ('1662105997948039169', '1601126546037874692', '1661970381172191233', '111111', '2023-05-26 22:38:45', null, '2023-05-27 11:18:55');
INSERT INTO `t_browse_record` VALUES ('1662106014972719105', '1601126546037874692', '1661918686266318850', '111111', '2023-05-26 22:38:49', null, '2023-05-26 22:38:49');
INSERT INTO `t_browse_record` VALUES ('1662115400667443201', '1601126546037874692', '1662103908660359170', '111111', '2023-05-26 23:16:07', null, '2023-05-27 11:28:16');
INSERT INTO `t_browse_record` VALUES ('1662116888907165697', '1601126546037874692', '1662116870049574913', '111111', '2023-05-26 23:22:02', null, '2023-05-27 13:40:00');
INSERT INTO `t_browse_record` VALUES ('1662120125890637826', '1601126546037874692', '1662103184874483714', '111111', '2023-05-26 23:34:53', null, '2023-05-27 11:28:19');
INSERT INTO `t_browse_record` VALUES ('1662122275513380866', '1601126546037874692', '1662103096794099713', '111111', '2023-05-26 23:43:26', null, '2023-05-27 13:37:24');
INSERT INTO `t_browse_record` VALUES ('1662126964518760450', '1601126546037874690', '1662116870049574913', '111111', '2023-05-27 00:02:04', null, '2023-05-27 00:02:04');
INSERT INTO `t_browse_record` VALUES ('1662130192723554306', '1601126546037874692', '1662107038869434369', '111111', '2023-05-27 00:14:53', null, '2023-05-27 11:28:57');
INSERT INTO `t_browse_record` VALUES ('1662133221371752449', '1601126546037874692', '1662082249492606977', '111111', '2023-05-27 00:26:56', null, '2023-05-27 11:23:11');
INSERT INTO `t_browse_record` VALUES ('1662264995749933058', '1601126546037874692', '1661904480242556929', '111111', '2023-05-27 09:10:33', null, '2023-05-27 11:16:14');
INSERT INTO `t_browse_record` VALUES ('1662275518990233602', '1601126546037874692', '1661919123069526017', '111111', '2023-05-27 09:52:22', null, '2023-05-27 11:43:19');
INSERT INTO `t_browse_record` VALUES ('1662276259725291522', '1601126546037874692', '1661913014367739906', '111111', '2023-05-27 09:55:19', null, '2023-05-27 11:24:06');
INSERT INTO `t_browse_record` VALUES ('1662277098464456706', '1601126546037874692', '1662277059474206721', '111111', '2023-05-27 09:58:39', null, '2023-05-27 13:39:47');
INSERT INTO `t_browse_record` VALUES ('1662283431901245442', '1601126546037874692', '1662082346058067969', '111111', '2023-05-27 10:23:49', null, '2023-05-27 10:23:49');
INSERT INTO `t_browse_record` VALUES ('1662284083402485762', '1601126546037874692', '1661914929839267842', '111111', '2023-05-27 10:26:24', null, '2023-05-27 10:26:35');
INSERT INTO `t_browse_record` VALUES ('1662285278183534593', '1601126546037874692', '1661904231469998081', '111111', '2023-05-27 10:31:09', null, '2023-05-27 11:16:20');
INSERT INTO `t_browse_record` VALUES ('1662292002747559937', '1601126546037874692', '1662291988746973186', '111111', '2023-05-27 10:57:52', null, '2023-05-27 11:19:46');
INSERT INTO `t_browse_record` VALUES ('1662292509775998978', '1601126546037874692', '1661906431759933442', '111111', '2023-05-27 10:59:53', null, '2023-05-27 10:59:53');
INSERT INTO `t_browse_record` VALUES ('1662292873095000066', '1601126546037874692', '1661905271288291329', '111111', '2023-05-27 11:01:20', null, '2023-05-27 11:15:45');
INSERT INTO `t_browse_record` VALUES ('1662292908792721409', '1601126546037874692', '1661905162219610114', '111111', '2023-05-27 11:01:28', null, '2023-05-27 11:12:50');
INSERT INTO `t_browse_record` VALUES ('1662293312968437762', '1601126546037874692', '1661917744783482881', '111111', '2023-05-27 11:03:04', null, '2023-05-27 11:43:25');
INSERT INTO `t_browse_record` VALUES ('1662293384049307650', '1601126546037874692', '1661911211244838913', '111111', '2023-05-27 11:03:21', null, '2023-05-27 11:03:21');
INSERT INTO `t_browse_record` VALUES ('1662293402139340801', '1601126546037874692', '1661914591438626817', '111111', '2023-05-27 11:03:26', null, '2023-05-27 11:03:26');
INSERT INTO `t_browse_record` VALUES ('1662296090595930113', '1601126546037874692', '1661904352161095681', '111111', '2023-05-27 11:14:07', null, '2023-05-27 11:14:07');
INSERT INTO `t_browse_record` VALUES ('1662296115224883202', '1601126546037874692', '1661904087651508225', '111111', '2023-05-27 11:14:13', null, '2023-05-27 11:14:13');
INSERT INTO `t_browse_record` VALUES ('1662296610240835585', '1601126546037874692', '1661904998574645249', '111111', '2023-05-27 11:16:11', null, '2023-05-27 11:16:11');
INSERT INTO `t_browse_record` VALUES ('1662296853103620097', '1601126546037874692', '1661903191613956097', '111111', '2023-05-27 11:17:08', null, '2023-05-27 11:17:08');
INSERT INTO `t_browse_record` VALUES ('1662296863157366786', '1601126546037874692', '1661903098047422466', '111111', '2023-05-27 11:17:11', null, '2023-05-27 11:17:11');
INSERT INTO `t_browse_record` VALUES ('1662297265579864066', '1601126546037874692', '1661917915319689218', '111111', '2023-05-27 11:18:47', null, '2023-05-27 11:26:49');
INSERT INTO `t_browse_record` VALUES ('1662297654731583489', '1601126546037874692', '1661915348661493761', '111111', '2023-05-27 11:20:20', null, '2023-05-27 11:20:20');
INSERT INTO `t_browse_record` VALUES ('1662297660423254017', '1601126546037874692', '1661915248556040194', '111111', '2023-05-27 11:20:21', null, '2023-05-27 11:20:21');
INSERT INTO `t_browse_record` VALUES ('1662297680513970178', '1601126546037874692', '1661918138225975297', '111111', '2023-05-27 11:20:26', null, '2023-05-27 11:30:01');
INSERT INTO `t_browse_record` VALUES ('1662297686633459714', '1601126546037874692', '1661918036002398209', '111111', '2023-05-27 11:20:27', null, '2023-05-27 11:20:27');
INSERT INTO `t_browse_record` VALUES ('1662297817231503362', '1601126546037874690', '1661908916843110401', '111111', '2023-05-27 11:20:58', null, '2023-05-27 11:21:22');
INSERT INTO `t_browse_record` VALUES ('1662297863494676481', '1601126546037874690', '1661906321177108482', '111111', '2023-05-27 11:21:09', null, '2023-05-27 11:21:09');
INSERT INTO `t_browse_record` VALUES ('1662297871006674945', '1601126546037874690', '1661906180575649794', '111111', '2023-05-27 11:21:11', null, '2023-05-27 11:21:11');
INSERT INTO `t_browse_record` VALUES ('1662297879378505730', '1601126546037874690', '1661906431759933442', '111111', '2023-05-27 11:21:13', null, '2023-05-27 11:21:13');
INSERT INTO `t_browse_record` VALUES ('1662297896650649601', '1601126546037874690', '1661908249869082626', '111111', '2023-05-27 11:21:17', null, '2023-05-27 11:21:17');
INSERT INTO `t_browse_record` VALUES ('1662298136392871937', '1601126546037874690', '1661906045623918594', '111111', '2023-05-27 11:22:14', null, '2023-05-27 11:22:14');
INSERT INTO `t_browse_record` VALUES ('1662298424902266882', '1601126546037874692', '1661969895794749442', '111111', '2023-05-27 11:23:23', null, '2023-05-27 11:23:23');
INSERT INTO `t_browse_record` VALUES ('1662298450449772546', '1601126546037874692', '1662103591243821058', '111111', '2023-05-27 11:23:29', null, '2023-05-27 11:23:29');
INSERT INTO `t_browse_record` VALUES ('1662298492409589761', '1601126546037874692', '1661964863007436802', '111111', '2023-05-27 11:23:39', null, '2023-05-27 11:23:39');
INSERT INTO `t_browse_record` VALUES ('1662298512429002754', '1601126546037874692', '1661916675365986306', '111111', '2023-05-27 11:23:44', null, '2023-05-27 11:23:44');
INSERT INTO `t_browse_record` VALUES ('1662298587322494977', '1601126546037874692', '1661909756970590209', '111111', '2023-05-27 11:24:02', null, '2023-05-27 11:24:02');
INSERT INTO `t_browse_record` VALUES ('1662298609967542273', '1601126546037874692', '1661913633644142593', '111111', '2023-05-27 11:24:07', null, '2023-05-27 11:24:07');
INSERT INTO `t_browse_record` VALUES ('1662301563785162754', '1601126546037874690', '1661918036002398209', '111111', '2023-05-27 11:35:52', null, '2023-05-27 11:35:52');
INSERT INTO `t_browse_record` VALUES ('1662301575151726594', '1601126546037874690', '1662103096794099713', '111111', '2023-05-27 11:35:54', null, '2023-05-27 11:35:54');
INSERT INTO `t_browse_record` VALUES ('1662301633939091457', '1601126546037874690', '1661917128573116417', '111111', '2023-05-27 11:36:08', null, '2023-05-27 11:36:08');
INSERT INTO `t_browse_record` VALUES ('1662301691682074626', '1601126546037874690', '1662082249492606977', '111111', '2023-05-27 11:36:22', null, '2023-05-27 11:36:22');
INSERT INTO `t_browse_record` VALUES ('1662301754743435266', '1601126546037874690', '1661974698612568065', '111111', '2023-05-27 11:36:37', null, '2023-05-27 11:36:37');
INSERT INTO `t_browse_record` VALUES ('1662301780651651073', '1601126546037874690', '1661916200314920962', '111111', '2023-05-27 11:36:43', null, '2023-05-27 11:36:43');
INSERT INTO `t_browse_record` VALUES ('1662302082083696642', '1601126546037874690', '1662102761434329089', '111111', '2023-05-27 11:37:55', null, '2023-05-27 11:37:55');
INSERT INTO `t_browse_record` VALUES ('1662302100962258945', '1601126546037874690', '1661919005385744385', '111111', '2023-05-27 11:38:00', null, '2023-05-27 11:38:00');
INSERT INTO `t_browse_record` VALUES ('1662302119794683905', '1601126546037874690', '1661974836798107650', '111111', '2023-05-27 11:38:04', null, '2023-05-27 11:38:37');
INSERT INTO `t_browse_record` VALUES ('1662302839063293953', '1601126546037874690', '1662277059474206721', '111111', '2023-05-27 11:40:56', null, '2023-05-27 11:41:46');

-- ----------------------------
-- Table structure for t_category
-- ----------------------------
DROP TABLE IF EXISTS `t_category`;
CREATE TABLE `t_category` (
  `id` bigint NOT NULL,
  `name` varchar(50) NOT NULL,
  `pid` bigint DEFAULT NULL,
  `sort` int DEFAULT NULL,
  `count` bigint DEFAULT NULL,
  `description` longtext,
  `cover` varchar(255) CHARACTER SET utf8mb4 COLLATE utf8mb4_general_ci DEFAULT NULL COMMENT '分类的封面，如果是一级分类就是随便看看的封面，二级分类则是主封面',
  `hot_cover` varchar(255) CHARACTER SET utf8mb4 COLLATE utf8mb4_general_ci DEFAULT NULL COMMENT '热门封面',
  `creator` bigint DEFAULT NULL,
  `create_date` datetime DEFAULT NULL,
  `updater` bigint DEFAULT NULL,
  `update_date` datetime DEFAULT NULL,
  PRIMARY KEY (`id`)
) ENGINE=InnoDB DEFAULT CHARSET=utf8mb4 COLLATE=utf8mb4_0900_ai_ci;

-- ----------------------------
-- Records of t_category
-- ----------------------------
INSERT INTO `t_category` VALUES ('1594985167723864061', '头像', '0', null, null, null, 'https://img1.baidu.com/it/u=4048071112,566005454&fm=253&fmt=auto&app=138&f=JPEG?w=500&h=500', 'https://img2.baidu.com/it/u=453253244,3693084626&fm=253&fmt=auto&app=138&f=JPEG?w=500&h=500', null, '2023-03-24 14:52:52', null, '2023-03-24 14:53:15');
INSERT INTO `t_category` VALUES ('1594985167723864062', '壁纸', '0', null, null, null, 'https://img0.baidu.com/it/u=1275095085,1961143463&fm=253&fmt=auto&app=120&f=JPEG?w=1280&h=800', 'https://img2.baidu.com/it/u=40095075,1211536451&fm=253&fmt=auto&app=120&f=JPEG?w=1280&h=800', null, '2023-03-24 14:52:54', null, '2023-03-24 14:53:17');
INSERT INTO `t_category` VALUES ('1594985167723864063', '表情', '0', null, null, null, 'https://preview.qiantucdn.com/58pic/34/86/20/76W58PIC8IX38it8958PICefA_PIC2018.gif%21w1024_new_small', 'https://img2.baidu.com/it/u=754933101,1986163827&fm=253&fmt=auto&app=120&f=JPEG?w=938&h=800', null, '2023-03-24 14:52:56', null, '2023-03-24 14:53:20');
INSERT INTO `t_category` VALUES ('1594985167723864064', '主题', '0', null, null, null, 'https://img0.baidu.com/it/u=2061015773,2041399178&fm=253&fmt=auto&app=138&f=JPEG?w=500&h=281', 'https://img2.baidu.com/it/u=826772970,730108778&fm=253&fmt=auto&app=120&f=JPEG?w=1280&h=800', null, '2023-03-24 14:52:58', null, '2023-03-24 14:53:22');
INSERT INTO `t_category` VALUES ('1594985167723864065', '影视', '0', null, null, null, 'https://img1.baidu.com/it/u=1465299912,3081968049&fm=253&fmt=auto&app=120&f=JPEG?w=1200&h=675', 'https://img2.baidu.com/it/u=1390720635,1469917720&fm=253&fmt=auto&app=138&f=JPEG?w=500&h=313', null, '2023-03-24 14:53:00', null, '2023-03-24 14:53:25');
INSERT INTO `t_category` VALUES ('1594985167723864066', '动漫', '0', null, null, null, 'https://img2.baidu.com/it/u=3557507037,4178417346&fm=253&fmt=auto&app=138&f=JPEG?w=500&h=1029', 'https://img0.baidu.com/it/u=3956925934,1485967994&fm=253&fmt=auto&app=138&f=JPEG?w=889&h=500', null, '2023-03-24 14:53:03', null, '2023-03-24 14:53:27');
INSERT INTO `t_category` VALUES ('1594985167723864067', '萌宠', '0', null, null, null, 'https://img0.baidu.com/it/u=2017189832,3005462452&fm=253&fmt=auto&app=138&f=JPEG?w=507&h=500', 'https://img1.baidu.com/it/u=392440737,274899463&fm=253&fmt=auto&app=138&f=JPEG?w=756&h=500', null, '2023-03-24 14:53:05', null, '2023-03-24 14:53:29');
INSERT INTO `t_category` VALUES ('1594985167723864068', '绘画', '0', null, null, null, 'https://img0.baidu.com/it/u=3606675823,19392459&fm=253&fmt=auto&app=138&f=JPEG?w=614&h=500', 'https://img1.baidu.com/it/u=2139756579,363196934&fm=253&fmt=auto?w=950&h=544', null, '2023-03-24 14:53:07', null, '2023-03-24 14:53:32');
INSERT INTO `t_category` VALUES ('1594985167723864069', '美食', '0', null, null, null, 'https://img2.baidu.com/it/u=3198551379,2075192309&fm=253&fmt=auto&app=120&f=JPEG?w=1422&h=800', 'https://img2.baidu.com/it/u=1688025837,843491578&fm=253&fmt=auto&app=120&f=JPEG?w=889&h=500', null, '2023-03-24 14:53:10', null, '2023-03-24 14:53:34');
INSERT INTO `t_category` VALUES ('1594985167723864110', '风景', '0', null, null, null, 'https://img1.baidu.com/it/u=3610922680,1058803729&fm=253&fmt=auto&app=138&f=JPEG?w=800&h=500', 'https://img2.baidu.com/it/u=355673106,1614830790&fm=253&fmt=auto&app=138&f=JPEG?w=800&h=500', null, '2023-03-24 14:53:12', null, '2023-03-24 14:53:36');
INSERT INTO `t_category` VALUES ('1594985167723864111', '动漫', '1594985167723864061', null, null, '动漫头像', 'https://img1.baidu.com/it/u=3849491138,950134800&fm=253&fmt=auto&app=138&f=JPEG?w=500&h=820', null, null, '2023-03-24 15:07:07', null, '2023-03-24 15:07:10');
INSERT INTO `t_category` VALUES ('1594985167723864112', '女生头像', '1594985167723864061', null, null, '适合女孩子的头像', 'https://img2.baidu.com/it/u=1336099446,661546451&fm=253&fmt=auto&app=138&f=JPEG?w=500&h=500', null, null, '2023-03-24 15:12:39', null, '2023-03-24 15:12:53');
INSERT INTO `t_category` VALUES ('1594985167723864113', '男生头像', '1594985167723864061', null, null, '适合男孩子的头像', 'https://img1.baidu.com/it/u=773188203,2981672265&fm=253&fmt=auto&app=138&f=JPEG?w=281&h=500', null, null, '2023-03-24 15:12:41', null, '2023-03-24 15:12:55');
INSERT INTO `t_category` VALUES ('1594985167723864114', '风景', '1594985167723864061', null, null, '好看的风景', 'https://img1.baidu.com/it/u=1681825099,2898845545&fm=253&fmt=auto&app=138&f=JPEG?w=500&h=888', null, null, '2023-03-24 15:12:43', null, '2023-03-24 15:12:57');
INSERT INTO `t_category` VALUES ('1594985167723864115', '可爱', '1594985167723864061', null, null, '可爱的头像', 'https://img1.baidu.com/it/u=783236443,1559696047&fm=253&fmt=auto&app=138&f=JPEG?w=500&h=500', null, null, '2023-03-24 15:12:45', null, '2023-03-24 15:13:00');
INSERT INTO `t_category` VALUES ('1594985167723864116', '情侣', '1594985167723864061', null, null, '情侣头像', 'https://img0.baidu.com/it/u=4168948101,1586552447&fm=253&fmt=auto&app=138&f=JPEG?w=500&h=926', null, null, '2023-03-24 15:12:47', null, '2023-03-24 15:13:02');
INSERT INTO `t_category` VALUES ('1594985167723864117', '宠物', '1594985167723864061', null, null, '宠物头像', 'https://img0.baidu.com/it/u=3574495855,3620224580&fm=253&fmt=auto&app=138&f=JPEG?w=500&h=888', null, null, '2023-03-24 15:12:49', null, '2023-03-24 15:13:04');
INSERT INTO `t_category` VALUES ('1594985167723864118', '卡通', '1594985167723864061', null, null, '卡通头像', 'https://img1.baidu.com/it/u=2785988489,2898142966&fm=253&fmt=auto&app=138&f=JPEG?w=500&h=500', null, null, '2023-03-24 15:12:51', null, '2023-03-24 15:13:06');
INSERT INTO `t_category` VALUES ('1594985167723864119', '情侣', '1594985167723864062', null, null, '情侣壁纸', 'https://img0.baidu.com/it/u=1389592662,1064477027&fm=253&fmt=auto&app=138&f=JPEG?w=500&h=500', null, null, '2023-03-24 15:18:48', null, '2023-03-24 15:19:08');
INSERT INTO `t_category` VALUES ('1594985167723864210', 'ins', '1594985167723864062', null, null, 'ins壁纸', 'https://img0.baidu.com/it/u=4114912361,4128907800&fm=253&fmt=auto&app=138&f=JPEG?w=500&h=889', null, null, '2023-03-24 15:18:51', null, '2023-03-24 15:19:10');
INSERT INTO `t_category` VALUES ('1594985167723864211', '文字', '1594985167723864062', null, null, '文字壁纸', 'https://img0.baidu.com/it/u=3872412964,297829627&fm=253&fmt=auto&app=138&f=JPEG?w=800&h=500', null, null, '2023-03-24 15:18:54', null, '2023-03-24 15:19:13');
INSERT INTO `t_category` VALUES ('1594985167723864212', '聊天', '1594985167723864062', null, null, '聊天壁纸', 'https://img2.baidu.com/it/u=3265236625,2572512370&fm=253&app=138&size=w931&n=0&f=JPEG&fmt=auto?sec=1679763600&t=a486c5f84d9daa84a0fec792bd2a7eb3', null, null, '2023-03-24 15:18:57', null, '2023-03-24 15:19:16');
INSERT INTO `t_category` VALUES ('1594985167723864215', '月亮', '1594985167723864062', null, null, '月亮壁纸', 'https://img1.baidu.com/it/u=709961623,2802134937&fm=253&app=138&size=w931&n=0&f=JPEG&fmt=auto?sec=1679763600&t=d517659230a4cf07b9d1fec9cac85f5a', null, null, '2023-03-24 15:18:58', null, '2023-03-24 15:19:17');
INSERT INTO `t_category` VALUES ('1594985167723864216', '星星', '1594985167723864062', null, null, '星星壁纸', 'https://img0.baidu.com/it/u=2710478475,729929474&fm=253&app=138&size=w931&n=0&f=JPEG&fmt=auto?sec=1679763600&t=6ade3194c88dced4e90b94353bc2ed0b', null, null, '2023-03-24 15:19:01', null, '2023-03-24 15:19:19');
INSERT INTO `t_category` VALUES ('1594985167723864217', '可爱', '1594985167723864062', null, null, '可爱壁纸', 'https://img1.baidu.com/it/u=3993474665,2175648748&fm=253&app=138&size=w931&n=0&f=JPEG&fmt=auto?sec=1679763600&t=e7fcf7182fc760b5b79a3f1866b91fc4', null, null, '2023-03-24 15:19:03', null, '2023-03-24 15:19:21');
INSERT INTO `t_category` VALUES ('1594985167723864218', '动漫', '1594985167723864062', null, null, '动漫壁纸', 'https://img2.baidu.com/it/u=262428766,2585383158&fm=253&app=138&size=w931&n=0&f=JPEG&fmt=auto?sec=1679763600&t=567b1a76131a1519fdc2e04d72762a7e', null, null, '2023-03-24 15:19:06', null, '2023-03-24 15:19:23');
INSERT INTO `t_category` VALUES ('1594985167723864310', '可爱', '1594985167723864063', null, null, '可爱的表情', 'https://img1.baidu.com/it/u=925635138,2683937048&fm=253&app=138&size=w931&n=0&f=JPEG&fmt=auto?sec=1679763600&t=cbb37481fff2c440c3720697c311ae45', null, null, '2023-03-24 15:24:33', null, '2023-03-24 15:24:49');
INSERT INTO `t_category` VALUES ('1594985167723864312', '搞笑', '1594985167723864063', null, null, '搞笑的表情', 'https://img0.baidu.com/it/u=1523344458,2815435434&fm=253&fmt=auto&app=138&f=JPEG?w=500&h=500', null, null, '2023-03-24 15:24:36', null, '2023-03-24 15:24:53');
INSERT INTO `t_category` VALUES ('1594985167723864313', '动漫', '1594985167723864063', null, null, '动漫表情', 'https://img.soogif.com/pJTouuCsrb002iv3Tx8lpKGOSRx3YXbV.gif', null, null, '2023-03-24 15:24:38', null, '2023-03-24 15:24:55');
INSERT INTO `t_category` VALUES ('1594985167723864314', '无语', '1594985167723864063', null, null, '无语表情', 'https://img0.baidu.com/it/u=4218554309,3018209913&fm=253&fmt=auto&app=120&f=JPEG?w=800&h=800', null, null, '2023-03-24 15:24:40', null, '2023-03-24 15:24:57');
INSERT INTO `t_category` VALUES ('1594985167723864315', '猫猫', '1594985167723864063', null, null, '猫咪表情', 'https://p1.itc.cn/q_70/images03/20200722/79660b4538f54a0f929bb84bc90cb8f1.gif', null, null, '2023-03-24 15:24:42', null, '2023-03-24 15:24:59');
INSERT INTO `t_category` VALUES ('1594985167723864316', '汪星人', '1594985167723864063', null, null, '汪星人表情', 'https://img2.baidu.com/it/u=1039680708,13111231&fm=253&fmt=auto&app=138&f=JPEG?w=500&h=667', null, null, '2023-03-24 15:24:43', null, '2023-03-24 15:25:02');
INSERT INTO `t_category` VALUES ('1594985167723864317', '打工人', '1594985167723864063', null, null, '打工人表情', 'https://img1.baidu.com/it/u=3634284552,1193261509&fm=253&fmt=auto&app=138&f=JPEG?w=500&h=375', null, null, '2023-03-24 15:24:45', null, '2023-03-24 15:25:03');
INSERT INTO `t_category` VALUES ('1594985167723864318', '干饭', '1594985167723864063', null, null, '干饭表情', 'https://img1.baidu.com/it/u=224336331,2937738639&fm=253&fmt=auto&app=138&f=JPEG?w=470&h=500', null, null, '2023-03-24 15:24:47', null, '2023-03-24 15:25:05');
INSERT INTO `t_category` VALUES ('1594985167723864410', '柯南', '1594985167723864066', null, null, '柯南', 'https://img0.baidu.com/it/u=771098675,864035088&fm=253&app=138&size=w931&n=0&f=JPEG&fmt=auto?sec=1679763600&t=e2c973fb5708beb84d7ced7d2fdc72ba', null, null, '2023-03-24 22:46:42', null, '2023-03-24 22:46:56');
INSERT INTO `t_category` VALUES ('1594985167723864411', '火影', '1594985167723864066', null, null, '火影', 'https://img2.baidu.com/it/u=3329589379,2383322306&fm=253&app=138&size=w931&n=0&f=JPEG&fmt=auto?sec=1679763600&t=f49b515e917ce9fdfaee9abb31f84e1f', null, null, '2023-03-24 22:46:44', null, '2023-03-24 22:46:59');
INSERT INTO `t_category` VALUES ('1594985167723864412', '小埋', '1594985167723864066', null, null, '小埋', 'https://img0.baidu.com/it/u=3891227261,2556642340&fm=253&app=138&size=w931&n=0&f=JPEG&fmt=auto?sec=1679763600&t=8c2ed460b3a15ad4e81fd2c08a8e90d8', null, null, '2023-03-24 22:46:46', null, '2023-03-24 22:47:02');
INSERT INTO `t_category` VALUES ('1594985167723864413', '夏目友人帐', '1594985167723864066', null, null, '夏目友人帐', 'https://img2.baidu.com/it/u=2580604745,2746057038&fm=253&app=138&size=w931&n=0&f=JPEG&fmt=auto?sec=1679763600&t=359c987475d2be8d04d0d7bddf282642', null, null, '2023-03-24 22:46:47', null, '2023-03-24 22:47:03');
INSERT INTO `t_category` VALUES ('1594985167723864414', '海贼王', '1594985167723864066', null, null, '海贼王', 'https://img0.baidu.com/it/u=774421603,320974531&fm=253&fmt=auto&app=138&f=JPEG?w=889&h=500', null, null, '2023-03-24 22:46:49', null, '2023-03-24 22:47:08');
INSERT INTO `t_category` VALUES ('1594985167723864415', '蜡笔小新', '1594985167723864066', null, null, '蜡笔小新', 'https://img0.baidu.com/it/u=4198604161,3095630136&fm=253&fmt=auto&app=138&f=JPEG?w=500&h=889', null, null, '2023-03-24 22:46:50', null, '2023-03-24 22:47:30');
INSERT INTO `t_category` VALUES ('1594985167723864416', '堀与宫村', '1594985167723864066', null, null, '堀与宫村', 'https://img2.baidu.com/it/u=2497684617,3981443116&fm=253&fmt=auto&app=138&f=JPEG?w=500&h=500', null, null, '2023-03-24 22:46:52', null, '2023-03-24 22:47:32');
INSERT INTO `t_category` VALUES ('1594985167723864417', '小林家的龙女仆', '1594985167723864066', null, null, '小林家的龙女仆', 'https://img2.baidu.com/it/u=3972068470,478085048&fm=253&fmt=auto&app=138&f=JPEG?w=500&h=500', null, null, '2023-03-24 22:46:53', null, '2023-03-24 22:47:35');
INSERT INTO `t_category` VALUES ('1594985167723864510', '风景主题', '1594985167723864064', null, null, '好看的风景主题', 'https://img0.baidu.com/it/u=822449240,1181845398&fm=253&fmt=auto&app=120&f=JPEG?w=1422&h=800', null, null, '2023-04-16 21:25:19', null, '2023-04-16 21:25:21');
INSERT INTO `t_category` VALUES ('1594985167723864511', '情侣主题', '1594985167723864064', null, null, '情侣主题', 'https://img2.baidu.com/it/u=1674560603,1641379352&fm=253&fmt=auto&app=138&f=JPEG?w=500&h=889', null, null, '2023-04-16 21:31:39', null, '2023-04-16 21:31:41');
INSERT INTO `t_category` VALUES ('1594985167723864512', '新奇', '1594985167723864064', null, null, '新奇的主题', 'https://img0.baidu.com/it/u=1081045228,2520913741&fm=253&fmt=auto&app=138&f=JPEG?w=889&h=500', null, null, '2023-04-16 21:32:24', null, '2023-04-16 21:32:26');
INSERT INTO `t_category` VALUES ('1594985167723864513', '卡通', '1594985167723864064', null, null, '卡通主题', 'https://img0.baidu.com/it/u=3253491567,1083992946&fm=253&fmt=auto&app=138&f=JPG?w=281&h=500', null, null, '2023-04-16 21:34:35', null, '2023-04-16 21:34:37');
INSERT INTO `t_category` VALUES ('1661907545024700418', '花之物语', '1594985167723864064', '4', null, null, 'https://cc-video-oss.oss-accelerate.aliyuncs.com/2023/05/26/895ee191ec644546ade181fa3c5e0c56hua.jpg', null, '111111', '2023-05-26 09:30:10', null, '2023-05-26 09:30:10');
INSERT INTO `t_category` VALUES ('1662101974444470273', '动物星球', '1594985167723864067', '1', null, '动物星球', 'https://cc-video-oss.oss-accelerate.aliyuncs.com/2023/05/26/b54372b8b0a740aa9511dd8854132e34u=2279524962,2291638267&fm=253&fmt=auto&app=138&f=JPEG.webp', null, '111111', '2023-05-26 22:22:46', null, '2023-05-26 22:22:46');
INSERT INTO `t_category` VALUES ('1662102099220819969', '汪星人', '1594985167723864067', '1', null, '汪星人', 'https://cc-video-oss.oss-accelerate.aliyuncs.com/2023/05/26/90e76ecfa12943f0b9128c4511444dc6u=3347755687,1803258680&fm=253&fmt=auto&app=138&f=JPEG.webp', null, '111111', '2023-05-26 22:23:15', null, '2023-05-26 22:23:15');
INSERT INTO `t_category` VALUES ('1662102277982056450', '喵星人', '1594985167723864067', '3', null, '喵星人', 'https://cc-video-oss.oss-accelerate.aliyuncs.com/2023/05/26/ed2bff1024b240e6bebc49b47f3ef232u=4089456895,2169600810&fm=253&fmt=auto&app=138&f=JPEG.webp', null, '111111', '2023-05-26 22:23:58', null, '2023-05-26 22:23:58');

-- ----------------------------
-- Table structure for t_collection
-- ----------------------------
DROP TABLE IF EXISTS `t_collection`;
CREATE TABLE `t_collection` (
  `id` bigint NOT NULL,
  `uid` bigint DEFAULT NULL,
  `collection_id` bigint DEFAULT NULL,
  `type` tinyint DEFAULT NULL,
  `sort` int DEFAULT NULL,
  `creator` bigint DEFAULT NULL,
  `create_date` datetime DEFAULT NULL,
  `updater` bigint DEFAULT NULL,
  `update_date` datetime DEFAULT NULL,
  PRIMARY KEY (`id`)
) ENGINE=InnoDB DEFAULT CHARSET=utf8mb4 COLLATE=utf8mb4_0900_ai_ci;

-- ----------------------------
-- Records of t_collection
-- ----------------------------
INSERT INTO `t_collection` VALUES ('1661921584412942337', '1648549224075079682', '1661902889586319362', '1', null, '111111', '2023-05-26 10:25:57', null, '2023-05-26 10:25:57');
INSERT INTO `t_collection` VALUES ('1661922246974562305', '1601126546037874690', '1661902889586319362', '1', null, '111111', '2023-05-26 10:28:35', null, '2023-05-26 10:28:35');
INSERT INTO `t_collection` VALUES ('1661925847675518977', '1601126546037874692', '1661919005385744385', '0', null, '111111', '2023-05-26 10:42:54', null, '2023-05-26 10:42:54');
INSERT INTO `t_collection` VALUES ('1661925913819693057', '1601126546037874692', '1661917354386055170', '0', null, '111111', '2023-05-26 10:43:10', null, '2023-05-26 10:43:10');
INSERT INTO `t_collection` VALUES ('1661927317133193219', '1601126546037874692', '1661916200314920962', '0', null, '111111', '2023-05-26 10:48:44', null, '2023-05-26 10:48:44');
INSERT INTO `t_collection` VALUES ('1661935303234752514', '1601126546037874692', '1661913897855934466', '0', null, '111111', '2023-05-26 11:20:28', null, '2023-05-26 11:20:28');
INSERT INTO `t_collection` VALUES ('1661935483828899842', '1601126546037874692', '1661917245288013825', '0', null, '111111', '2023-05-26 11:21:11', null, '2023-05-26 11:21:11');
INSERT INTO `t_collection` VALUES ('1661935644667875330', '1601126546037874692', '1661917128573116417', '0', null, '111111', '2023-05-26 11:21:50', null, '2023-05-26 11:21:50');
INSERT INTO `t_collection` VALUES ('1661939962779377667', '1601126546037874692', '1661916418548752385', '0', null, '111111', '2023-05-26 11:38:59', null, '2023-05-26 11:38:59');
INSERT INTO `t_collection` VALUES ('1661940026746707969', '1601126546037874692', '1661918562991529985', '0', null, '111111', '2023-05-26 11:39:14', null, '2023-05-26 11:39:14');
INSERT INTO `t_collection` VALUES ('1661940083227205634', '1601126546037874692', '1661915895200276481', '1', null, '111111', '2023-05-26 11:39:28', null, '2023-05-26 11:39:28');
INSERT INTO `t_collection` VALUES ('1661940124897615874', '1601126546037874692', '1661917899721072641', '1', null, '111111', '2023-05-26 11:39:38', null, '2023-05-26 11:39:38');
INSERT INTO `t_collection` VALUES ('1661940822586523649', '1601126546037874692', '1661915235545309185', '1', null, '111111', '2023-05-26 11:42:24', null, '2023-05-26 11:42:24');
INSERT INTO `t_collection` VALUES ('1661946728896364546', '1601126546037874693', '1661919005385744385', '0', null, '111111', '2023-05-26 12:05:52', null, '2023-05-26 12:05:52');
INSERT INTO `t_collection` VALUES ('1661946782000447490', '1601126546037874693', '1661918555475337218', '1', null, '111111', '2023-05-26 12:06:05', null, '2023-05-26 12:06:05');
INSERT INTO `t_collection` VALUES ('1661966021440647169', '1601126546037874693', '1661917245288013825', '0', null, '111111', '2023-05-26 13:22:32', null, '2023-05-26 13:22:32');
INSERT INTO `t_collection` VALUES ('1662303872669822978', '1601126546037874690', '1662277059474206721', '0', null, '111111', '2023-05-27 11:45:02', null, '2023-05-27 11:45:02');

-- ----------------------------
-- Table structure for t_comment
-- ----------------------------
DROP TABLE IF EXISTS `t_comment`;
CREATE TABLE `t_comment` (
  `id` bigint NOT NULL,
  `mid` bigint DEFAULT NULL,
  `uid` bigint DEFAULT NULL,
  `username` varchar(255) CHARACTER SET utf8mb4 COLLATE utf8mb4_general_ci DEFAULT NULL,
  `avatar` varchar(255) CHARACTER SET utf8mb4 COLLATE utf8mb4_general_ci DEFAULT NULL,
  `pid` bigint DEFAULT NULL,
  `reply_id` bigint DEFAULT NULL,
  `reply_name` varchar(255) CHARACTER SET utf8mb4 COLLATE utf8mb4_general_ci DEFAULT NULL,
  `level` int DEFAULT NULL,
  `sort` int DEFAULT NULL,
  `content` longtext,
  `count` bigint DEFAULT '0',
  `creator` bigint DEFAULT NULL,
  `create_date` datetime DEFAULT NULL,
  PRIMARY KEY (`id`)
) ENGINE=InnoDB DEFAULT CHARSET=utf8mb4 COLLATE=utf8mb4_0900_ai_ci;

-- ----------------------------
-- Records of t_comment
-- ----------------------------
INSERT INTO `t_comment` VALUES ('1661921869256515585', '1661916063266037761', '1648549224075079682', '用户10\n', 'https://cc-video-oss.oss-accelerate.aliyuncs.com/2023/05/22/07067cddbe53477687e927bb4226454c1679666482-origin-IMG_2004.PNG', '0', '0', null, '1', null, '点赞?', '0', '111111', '2023-05-26 10:27:05');
INSERT INTO `t_comment` VALUES ('1661967959418810369', '1661916675365986306', '1601126546037874693', 'qwer1234', 'https://img1.baidu.com/it/u=572139434,3677211895&fm=253&fmt=auto&app=138&f=JPEG?w=500&h=500', '0', '0', null, '1', null, '好看', '0', '111111', '2023-05-26 13:30:14');
INSERT INTO `t_comment` VALUES ('1661968015400185857', '1661916675365986306', '1601126546037874693', 'qwer1234', 'https://img1.baidu.com/it/u=572139434,3677211895&fm=253&fmt=auto&app=138&f=JPEG?w=500&h=500', '0', '0', null, '1', null, '求分享??', '1', '111111', '2023-05-26 13:30:27');
INSERT INTO `t_comment` VALUES ('1662126982927560705', '1662116870049574913', '1601126546037874690', 'qwer', 'https://cc-video-oss.oss-accelerate.aliyuncs.com/2023/04/10/b98f847362c447cf9c8a0d911dc6fe4e20220615164101_d77a8.jpeg', '0', '0', null, '1', null, '好看', '0', '111111', '2023-05-27 00:02:08');
INSERT INTO `t_comment` VALUES ('1662261106707378177', '1661917245288013825', '1601126546037874692', 'ccz', 'https://img2.baidu.com/it/u=1196632544,116923444&fm=253&fmt=auto&app=138&f=JPEG?w=500&h=500', '0', '0', null, '1', null, '求分享', '0', '111111', '2023-05-27 08:55:06');
INSERT INTO `t_comment` VALUES ('1662261530533408769', '1661917245288013825', '1601126546037874692', 'ccz', 'https://img2.baidu.com/it/u=1196632544,116923444&fm=253&fmt=auto&app=138&f=JPEG?w=500&h=500', '1662261106707378177', '1662261106707378177', 'ccz', '2', null, '点赞，关注，收藏?', '0', '111111', '2023-05-27 08:56:47');
INSERT INTO `t_comment` VALUES ('1662265692411244546', '1662116870049574913', '1601126546037874692', 'ccz', 'https://img2.baidu.com/it/u=1196632544,116923444&fm=253&fmt=auto&app=138&f=JPEG?w=500&h=500', '1662126982927560705', '1662126982927560705', 'qwer', '2', null, '好的谢谢', '0', '111111', '2023-05-27 09:13:19');
INSERT INTO `t_comment` VALUES ('1662302185758502913', '1661974836798107650', '1601126546037874690', 'qwer', 'https://cc-video-oss.oss-accelerate.aliyuncs.com/2023/04/10/b98f847362c447cf9c8a0d911dc6fe4e20220615164101_d77a8.jpeg', '0', '0', null, '1', null, '点赞关注求分享??', '1', '111111', '2023-05-27 11:38:20');
INSERT INTO `t_comment` VALUES ('1662302224442568705', '1661974836798107650', '1601126546037874690', 'qwer', 'https://cc-video-oss.oss-accelerate.aliyuncs.com/2023/04/10/b98f847362c447cf9c8a0d911dc6fe4e20220615164101_d77a8.jpeg', '1662302185758502913', '1662302185758502913', 'qwer', '2', null, '关注我', '0', '111111', '2023-05-27 11:38:29');
INSERT INTO `t_comment` VALUES ('1662302879806763010', '1662277059474206721', '1601126546037874690', 'qwer', 'https://cc-video-oss.oss-accelerate.aliyuncs.com/2023/04/10/b98f847362c447cf9c8a0d911dc6fe4e20220615164101_d77a8.jpeg', '0', '0', null, '1', null, '求分享', '0', '111111', '2023-05-27 11:41:05');
INSERT INTO `t_comment` VALUES ('1662303009683386369', '1662277059474206721', '1601126546037874692', 'ccz', 'https://img2.baidu.com/it/u=1196632544,116923444&fm=253&fmt=auto&app=138&f=JPEG?w=500&h=500', '1662302879806763010', '1662302879806763010', 'qwer', '2', null, '点赞关注', '0', '111111', '2023-05-27 11:41:36');
INSERT INTO `t_comment` VALUES ('1662303097793130497', '1662277059474206721', '1601126546037874690', 'qwer', 'https://cc-video-oss.oss-accelerate.aliyuncs.com/2023/04/10/b98f847362c447cf9c8a0d911dc6fe4e20220615164101_d77a8.jpeg', '1662302879806763010', '1662303009683386369', 'ccz', '2', null, '已点赞', '0', '111111', '2023-05-27 11:41:57');

-- ----------------------------
-- Table structure for t_follow
-- ----------------------------
DROP TABLE IF EXISTS `t_follow`;
CREATE TABLE `t_follow` (
  `id` bigint NOT NULL,
  `uid` bigint DEFAULT NULL,
  `fid` bigint DEFAULT NULL,
  `creator` bigint DEFAULT NULL,
  `create_date` datetime DEFAULT NULL,
  PRIMARY KEY (`id`)
) ENGINE=InnoDB DEFAULT CHARSET=utf8mb4 COLLATE=utf8mb4_0900_ai_ci;

-- ----------------------------
-- Records of t_follow
-- ----------------------------
INSERT INTO `t_follow` VALUES ('1661921496521302018', '1648549224075079682', '1601126546037874692', '111111', '2023-05-26 10:25:36');
INSERT INTO `t_follow` VALUES ('1661924668795076610', '1601126546037874690', '1601126546037874692', '111111', '2023-05-26 10:38:13');
INSERT INTO `t_follow` VALUES ('1661930217389551617', '1601126546037874691', '1656857358946361346', '111111', '2023-05-26 11:00:16');
INSERT INTO `t_follow` VALUES ('1661955384937332737', '1601126546037874693', '1601126546037874692', '111111', '2023-05-26 12:40:16');
INSERT INTO `t_follow` VALUES ('1661960793702084609', '1601126546037874693', '1656857358946361346', '111111', '2023-05-26 13:01:46');
INSERT INTO `t_follow` VALUES ('1661961009499025410', '1601126546037874692', '1656857358946361346', '111111', '2023-05-26 13:02:37');
INSERT INTO `t_follow` VALUES ('1661961312185167874', '1656857358946361346', '1601126546037874693', '111111', '2023-05-26 13:03:49');
INSERT INTO `t_follow` VALUES ('1661961353096409089', '1656857358946361346', '1601126546037874691', '111111', '2023-05-26 13:03:59');
INSERT INTO `t_follow` VALUES ('1662272949656072194', '1601126546037874692', '1601126546037874693', '111111', '2023-05-27 09:42:09');

-- ----------------------------
-- Table structure for t_img_details
-- ----------------------------
DROP TABLE IF EXISTS `t_img_details`;
CREATE TABLE `t_img_details` (
  `id` bigint NOT NULL,
  `content` longtext,
  `cover` varchar(255) DEFAULT NULL,
  `user_id` bigint DEFAULT NULL,
  `category_id` bigint DEFAULT NULL,
  `category_pid` bigint DEFAULT NULL,
  `imgs_url` longtext,
  `count` int DEFAULT NULL,
  `sort` int DEFAULT NULL,
  `status` tinyint DEFAULT NULL,
  `view_count` bigint DEFAULT '0',
  `agree_count` bigint DEFAULT '0',
  `collection_count` bigint DEFAULT '0',
  `comment_count` bigint DEFAULT '0',
  `creator` bigint DEFAULT NULL,
  `create_date` datetime DEFAULT NULL,
  `updater` bigint DEFAULT NULL,
  `update_date` datetime DEFAULT NULL,
  PRIMARY KEY (`id`),
  KEY `update_date_index` (`update_date`) USING BTREE
) ENGINE=InnoDB DEFAULT CHARSET=utf8mb4 COLLATE=utf8mb4_0900_ai_ci;

-- ----------------------------
-- Records of t_img_details
-- ----------------------------
INSERT INTO `t_img_details` VALUES ('1661900163821395969', '氛围感头像', 'https://cc-video-oss.oss-accelerate.aliyuncs.com/2023/05/26/7bbe1ea5dddc40e2857ad83f18af0bba20220710222624_c8e58.jpeg', '1599618448034959361', '1594985167723864112', '1594985167723864061', '[\"https://cc-video-oss.oss-accelerate.aliyuncs.com/2023/05/26/7bbe1ea5dddc40e2857ad83f18af0bba20220710222624_c8e58.jpeg\",\"https://cc-video-oss.oss-accelerate.aliyuncs.com/2023/05/26/64c8ac58251241d5960bc44dc93822f020220710222624_5a5dd.jpeg\",\"https://cc-video-oss.oss-accelerate.aliyuncs.com/2023/05/26/6b846a6ba25f4e059cab3de590731a8e20220710222623_b4c25.jpeg\"]', '3', null, null, '0', '0', '0', '0', '111111', '2023-05-26 09:00:50', null, '2023-05-26 09:00:50');
INSERT INTO `t_img_details` VALUES ('1661900337675296770', '头像分享', 'https://cc-video-oss.oss-accelerate.aliyuncs.com/2023/05/26/13c0f4a7bf7249c19990bc38d67d961220220710222622_15028.jpeg', '1599618448034959361', '1594985167723864112', '1594985167723864061', '[\"https://cc-video-oss.oss-accelerate.aliyuncs.com/2023/05/26/13c0f4a7bf7249c19990bc38d67d961220220710222622_15028.jpeg\",\"https://cc-video-oss.oss-accelerate.aliyuncs.com/2023/05/26/59c49f21180440aab50ff7dfc60525a720220710222622_cf011.jpeg\",\"https://cc-video-oss.oss-accelerate.aliyuncs.com/2023/05/26/552c001f78d4442cac7605c82efefa3820220710222621_83164.jpeg\"]', '3', null, null, '0', '0', '0', '0', '111111', '2023-05-26 09:01:32', null, '2023-05-26 09:01:32');
INSERT INTO `t_img_details` VALUES ('1661900425696960514', '头像分享', 'https://cc-video-oss.oss-accelerate.aliyuncs.com/2023/05/26/cba66e647bb64b5b8963ab4ebe6fbadf20220710222621_a9eed.jpeg', '1599618448034959361', '1594985167723864112', '1594985167723864061', '[\"https://cc-video-oss.oss-accelerate.aliyuncs.com/2023/05/26/cba66e647bb64b5b8963ab4ebe6fbadf20220710222621_a9eed.jpeg\",\"https://cc-video-oss.oss-accelerate.aliyuncs.com/2023/05/26/0110ce7bf9964fbebce293fba146d2c720220710222620_c9f0d.jpeg\",\"https://cc-video-oss.oss-accelerate.aliyuncs.com/2023/05/26/7ce8c592c4fe42ce941b5dd64bfec27520220710222625_6cc41.jpeg\"]', '3', null, null, '0', '0', '0', '0', '111111', '2023-05-26 09:01:53', null, '2023-05-26 09:01:53');
INSERT INTO `t_img_details` VALUES ('1661900800701292546', '氛围感头像', 'https://cc-video-oss.oss-accelerate.aliyuncs.com/2023/05/26/a622aadee155402c88cce263fc80229420220417172608_5591d.jpeg', '1599618448034959361', '1594985167723864112', '1594985167723864061', '[\"https://cc-video-oss.oss-accelerate.aliyuncs.com/2023/05/26/a622aadee155402c88cce263fc80229420220417172608_5591d.jpeg\",\"https://cc-video-oss.oss-accelerate.aliyuncs.com/2023/05/26/a54c862b51c04ada84f8e6c402ecebbd20220417172608_8e4f7.jpeg\",\"https://cc-video-oss.oss-accelerate.aliyuncs.com/2023/05/26/66c1f8c3fbf5416c865df756a1b8eeec20220417172608_603a5.jpeg\"]', '3', null, null, '0', '0', '0', '0', '111111', '2023-05-26 09:03:22', null, '2023-05-26 09:03:22');
INSERT INTO `t_img_details` VALUES ('1661900917953060866', '女生头像分享', 'https://cc-video-oss.oss-accelerate.aliyuncs.com/2023/05/26/32cde77fc386458789cb97cc5dc0eb2f20220417172605_63c0e.jpeg', '1599618448034959361', '1594985167723864112', '1594985167723864061', '[\"https://cc-video-oss.oss-accelerate.aliyuncs.com/2023/05/26/32cde77fc386458789cb97cc5dc0eb2f20220417172605_63c0e.jpeg\",\"https://cc-video-oss.oss-accelerate.aliyuncs.com/2023/05/26/c6952946d4984c1db72140ba4039602220220417172606_2fac2.jpeg\",\"https://cc-video-oss.oss-accelerate.aliyuncs.com/2023/05/26/1434272072e24e28b3a77f91dd1287bb20220417172606_67880.jpeg\",\"https://cc-video-oss.oss-accelerate.aliyuncs.com/2023/05/26/90a4568c8df04476b8b1f3cb3865958120220417172607_f5987.png\",\"https://cc-video-oss.oss-accelerate.aliyuncs.com/2023/05/26/e49ce5c6eb484f5c91df171f1d8080ac20220417172607_0f5d0.jpeg\",\"https://cc-video-oss.oss-accelerate.aliyuncs.com/2023/05/26/41ccb95a5f76443482fa70c8a6f1172220220417172608_72d84.jpeg\"]', '6', null, null, '0', '0', '0', '0', '111111', '2023-05-26 09:03:50', null, '2023-05-26 09:03:50');
INSERT INTO `t_img_details` VALUES ('1661901371424432130', '搞怪头像', 'https://cc-video-oss.oss-accelerate.aliyuncs.com/2023/05/26/bacd7f1663d645108e82e349d1f6a1da20230404193012_1339f.jpg', '1599618448034959361', '1594985167723864118', '1594985167723864061', '[\"https://cc-video-oss.oss-accelerate.aliyuncs.com/2023/05/26/bacd7f1663d645108e82e349d1f6a1da20230404193012_1339f.jpg\",\"https://cc-video-oss.oss-accelerate.aliyuncs.com/2023/05/26/3e9690a59d0d4237a1f1425dfb3da75720230404193012_7138a.jpg\",\"https://cc-video-oss.oss-accelerate.aliyuncs.com/2023/05/26/cd074f1ad6d94630b351fe1b4422eca820230404193012_3d103.jpg\"]', '3', null, null, '0', '0', '0', '0', '111111', '2023-05-26 09:05:38', null, '2023-05-26 09:05:38');
INSERT INTO `t_img_details` VALUES ('1661901481420054529', '搞怪头像', 'https://cc-video-oss.oss-accelerate.aliyuncs.com/2023/05/26/c9e06e2609d64367aff1cac12ef7007520230404193012_62a00.jpg', '1599618448034959361', '1594985167723864118', '1594985167723864061', '[\"https://cc-video-oss.oss-accelerate.aliyuncs.com/2023/05/26/c9e06e2609d64367aff1cac12ef7007520230404193012_62a00.jpg\",\"https://cc-video-oss.oss-accelerate.aliyuncs.com/2023/05/26/b012602ffc124264879910737293953520230404193012_946f3.jpg\",\"https://cc-video-oss.oss-accelerate.aliyuncs.com/2023/05/26/6ebce34ce51c47fe9a04683cb2c11fa020230404193012_a8ff0.jpg\",\"https://cc-video-oss.oss-accelerate.aliyuncs.com/2023/05/26/85dc06623840467cb6a7e6f673763a3720230404193012_34ab5.jpg\",\"https://cc-video-oss.oss-accelerate.aliyuncs.com/2023/05/26/4c84a7b866d64aeeac248347557904ef20230404193012_1f937.jpg\"]', '5', null, null, '0', '0', '0', '0', '111111', '2023-05-26 09:06:04', null, '2023-05-26 09:06:04');
INSERT INTO `t_img_details` VALUES ('1661901574604906498', '搞怪头像分享', 'https://cc-video-oss.oss-accelerate.aliyuncs.com/2023/05/26/a252ccac89a94c0eb3edef009ecfaf5620230430020642_4ede1.jpeg', '1599618448034959361', '1594985167723864118', '1594985167723864061', '[\"https://cc-video-oss.oss-accelerate.aliyuncs.com/2023/05/26/a252ccac89a94c0eb3edef009ecfaf5620230430020642_4ede1.jpeg\",\"https://cc-video-oss.oss-accelerate.aliyuncs.com/2023/05/26/a744a6726021445d800e397625b854e320230430020642_e5f06.jpeg\",\"https://cc-video-oss.oss-accelerate.aliyuncs.com/2023/05/26/0c3f52f3b07343f2977bc8edab76512020230430020642_98b10.jpeg\",\"https://cc-video-oss.oss-accelerate.aliyuncs.com/2023/05/26/27d0671e81a54fdfb2eed5e7acaf67fd20230430020642_2e565.jpeg\",\"https://cc-video-oss.oss-accelerate.aliyuncs.com/2023/05/26/cdf00b09788b49788cda72fb760f861520230430020642_d6c6e.jpeg\",\"https://cc-video-oss.oss-accelerate.aliyuncs.com/2023/05/26/686218f4ac734e378a667b5105b53c6520230430020642_53ca7.jpeg\"]', '6', null, null, '0', '0', '0', '0', '111111', '2023-05-26 09:06:27', null, '2023-05-26 09:06:27');
INSERT INTO `t_img_details` VALUES ('1661902048926162946', '男生头像', 'https://cc-video-oss.oss-accelerate.aliyuncs.com/2023/05/26/7221df9bee7b4ee5ac7b492b52861cc320230406230819_985e4.jpg', '1599618448034959361', '1594985167723864113', '1594985167723864061', '[\"https://cc-video-oss.oss-accelerate.aliyuncs.com/2023/05/26/7221df9bee7b4ee5ac7b492b52861cc320230406230819_985e4.jpg\",\"https://cc-video-oss.oss-accelerate.aliyuncs.com/2023/05/26/cc4b15a1e4ad4a3a9b3b99b32eb77f4c20230406230819_f4f9e.jpg\",\"https://cc-video-oss.oss-accelerate.aliyuncs.com/2023/05/26/b66e99936c624741b2b500fcfa4c3dcf20230406230819_297d7.jpg\"]', '3', null, null, '0', '0', '0', '0', '111111', '2023-05-26 09:08:20', null, '2023-05-26 09:08:20');
INSERT INTO `t_img_details` VALUES ('1661902167738212354', '男生头像', 'https://cc-video-oss.oss-accelerate.aliyuncs.com/2023/05/26/3bb76ccfa4094191ace23babe891921d20230406230819_9093b.jpg', '1599618448034959361', '1594985167723864113', '1594985167723864061', '[\"https://cc-video-oss.oss-accelerate.aliyuncs.com/2023/05/26/3bb76ccfa4094191ace23babe891921d20230406230819_9093b.jpg\",\"https://cc-video-oss.oss-accelerate.aliyuncs.com/2023/05/26/db5d6fc883424570ac3b23cb10f1aaad20230406230819_8aa5b.jpg\",\"https://cc-video-oss.oss-accelerate.aliyuncs.com/2023/05/26/5e5ad59936ab497fbfcbd3092649fb2720230406230819_a3cfd.jpg\"]', '3', null, null, '0', '0', '0', '0', '111111', '2023-05-26 09:08:48', null, '2023-05-26 09:08:48');
INSERT INTO `t_img_details` VALUES ('1661902409950879745', '动漫男生头像', 'https://cc-video-oss.oss-accelerate.aliyuncs.com/2023/05/26/d3b4159c0e6e42308f0617fc53578b1720230205144337_ef33e.jpeg', '1599618448034959361', '1594985167723864113', '1594985167723864061', '[\"https://cc-video-oss.oss-accelerate.aliyuncs.com/2023/05/26/d3b4159c0e6e42308f0617fc53578b1720230205144337_ef33e.jpeg\",\"https://cc-video-oss.oss-accelerate.aliyuncs.com/2023/05/26/1538f4937db0471fbe3431b494341f2020230205144337_04ac1.jpeg\",\"https://cc-video-oss.oss-accelerate.aliyuncs.com/2023/05/26/430300523b234cd9be5ef7e3f37450ff20230205144336_8708d.jpeg\",\"https://cc-video-oss.oss-accelerate.aliyuncs.com/2023/05/26/ae8c7e254632436f9dc313d2d21473d820230205144338_28a98.jpeg\",\"https://cc-video-oss.oss-accelerate.aliyuncs.com/2023/05/26/4b4250522f7a466294eb739e93ef1c1120230205144338_eed50.jpeg\",\"https://cc-video-oss.oss-accelerate.aliyuncs.com/2023/05/26/8f1333ef302c4db6b09412886dad8d6620230205144339_2c55b.jpeg\",\"https://cc-video-oss.oss-accelerate.aliyuncs.com/2023/05/26/2384be069ddb4af5a22943e26e28c24720230205144338_ad352.jpeg\",\"https://cc-video-oss.oss-accelerate.aliyuncs.com/2023/05/26/cb0e09c4cb7a452cb345d77d11e141db20230205144337_6bab5.jpeg\",\"https://cc-video-oss.oss-accelerate.aliyuncs.com/2023/05/26/c9a3c1aa6640413fba89bc7e9ea826ab20230205144337_f5ed0.jpeg\"]', '9', null, null, '0', '0', '0', '0', '111111', '2023-05-26 09:09:46', null, '2023-05-26 09:09:46');
INSERT INTO `t_img_details` VALUES ('1661902908792037378', '动漫女头', 'https://cc-video-oss.oss-accelerate.aliyuncs.com/2023/05/26/3a17cc8efa3e48ba92b9d02a15fca66bV2SnzxleimB64j0.jpeg', '1601126546037874692', '1594985167723864112', '1594985167723864061', '[\"https://cc-video-oss.oss-accelerate.aliyuncs.com/2023/05/26/3a17cc8efa3e48ba92b9d02a15fca66bV2SnzxleimB64j0.jpeg\",\"https://cc-video-oss.oss-accelerate.aliyuncs.com/2023/05/26/200b46562987465fbb4b4a40c7fafeebB8SwmzMBslO2epx.jpeg\",\"https://cc-video-oss.oss-accelerate.aliyuncs.com/2023/05/26/a78b0ffc1688475cb88867d8c995c6b6oVSDJlV3UgA1NZ6.jpeg\"]', '3', null, null, '0', '0', '0', '0', '111111', '2023-05-26 09:11:45', null, '2023-05-26 09:11:45');
INSERT INTO `t_img_details` VALUES ('1661903098047422466', '动漫女生头像', 'https://cc-video-oss.oss-accelerate.aliyuncs.com/2023/05/26/af25f5657c59493b88fa6b182fa93ac3xDSdjwNPS2Gzxoz.jpeg', '1601126546037874692', '1594985167723864112', '1594985167723864061', '[\"https://cc-video-oss.oss-accelerate.aliyuncs.com/2023/05/26/af25f5657c59493b88fa6b182fa93ac3xDSdjwNPS2Gzxoz.jpeg\",\"https://cc-video-oss.oss-accelerate.aliyuncs.com/2023/05/26/22d6e5fe7de94e1094ac248154749ccflGSLwAmpcx0wd63.jpeg\",\"https://cc-video-oss.oss-accelerate.aliyuncs.com/2023/05/26/e00bcccffb174164923ab91a6abba4661mSmw7q5UQZVXaN.jpeg\"]', '3', null, null, '1', '0', '0', '0', '111111', '2023-05-26 09:12:30', null, '2023-05-26 09:12:30');
INSERT INTO `t_img_details` VALUES ('1661903191613956097', '动漫女生头像', 'https://cc-video-oss.oss-accelerate.aliyuncs.com/2023/05/26/5b0a7154b1164f42bd64ab3aac0e0ad08gSGLVdbUgyLwbN.jpeg', '1601126546037874692', '1594985167723864112', '1594985167723864061', '[\"https://cc-video-oss.oss-accelerate.aliyuncs.com/2023/05/26/5b0a7154b1164f42bd64ab3aac0e0ad08gSGLVdbUgyLwbN.jpeg\",\"https://cc-video-oss.oss-accelerate.aliyuncs.com/2023/05/26/f5256f4b66fe43b6b2249084acb1f994XxSw7z1esQd0XyB.jpeg\",\"https://cc-video-oss.oss-accelerate.aliyuncs.com/2023/05/26/83c58020a67a4b929b84ecd35d8e2a52aLSOxaJ6t07JP6W.jpeg\"]', '3', null, null, '1', '0', '0', '0', '111111', '2023-05-26 09:12:52', null, '2023-05-26 09:12:52');
INSERT INTO `t_img_details` VALUES ('1661903359180595202', '动漫头像分享', 'https://cc-video-oss.oss-accelerate.aliyuncs.com/2023/05/26/e46b7e4459a443f9b99575d0bdf774f420230411083335_334d2.jpg', '1601126546037874692', '1594985167723864115', '1594985167723864061', '[\"https://cc-video-oss.oss-accelerate.aliyuncs.com/2023/05/26/e46b7e4459a443f9b99575d0bdf774f420230411083335_334d2.jpg\",\"https://cc-video-oss.oss-accelerate.aliyuncs.com/2023/05/26/17b6f4cd414247b4a91f6e12ca098e1220230411083335_ebbdb.jpg\",\"https://cc-video-oss.oss-accelerate.aliyuncs.com/2023/05/26/e0ef55a0d80c4c46ad381cce64a0043520230411083335_d4e75.jpg\",\"https://cc-video-oss.oss-accelerate.aliyuncs.com/2023/05/26/9abcab46a8004264b3752889031a386e20230411083335_bc3c9.jpg\",\"https://cc-video-oss.oss-accelerate.aliyuncs.com/2023/05/26/a58b48dc948247ffa084cee073681d1720230411083335_f245d.jpg\",\"https://cc-video-oss.oss-accelerate.aliyuncs.com/2023/05/26/e4a38d70a5b74b54a5421aabd6c29cda20230411083335_7ba35.jpg\",\"https://cc-video-oss.oss-accelerate.aliyuncs.com/2023/05/26/a0778d5971b24eec8b46d0df5894505220230411083335_f554d.jpg\",\"https://cc-video-oss.oss-accelerate.aliyuncs.com/2023/05/26/474e963027c44b2684bfb6efd8ab179e20230411083335_aa1ae.jpg\",\"https://cc-video-oss.oss-accelerate.aliyuncs.com/2023/05/26/860caec164164b458a316ecdfb908a1220230411083335_3f814.jpg\"]', '9', null, null, '0', '0', '0', '0', '111111', '2023-05-26 09:13:32', null, '2023-05-26 09:13:32');
INSERT INTO `t_img_details` VALUES ('1661903479838138369', '女生头像', 'https://cc-video-oss.oss-accelerate.aliyuncs.com/2023/05/26/b2f0275723364c1c90d48d3fd17d020320230407112000_29ac4.jpeg', '1601126546037874692', '1594985167723864112', '1594985167723864061', '[\"https://cc-video-oss.oss-accelerate.aliyuncs.com/2023/05/26/b2f0275723364c1c90d48d3fd17d020320230407112000_29ac4.jpeg\",\"https://cc-video-oss.oss-accelerate.aliyuncs.com/2023/05/26/e81ea8a1e98648a690d864a3b113ff5f20230407112000_a260a.jpeg\",\"https://cc-video-oss.oss-accelerate.aliyuncs.com/2023/05/26/d94f85ffb926405cb9bc1956e9331cc520230407112000_2063d.jpeg\",\"https://cc-video-oss.oss-accelerate.aliyuncs.com/2023/05/26/7ecba73cda1347c5925a9b087a9937c520230407112000_1fa4b.jpeg\",\"https://cc-video-oss.oss-accelerate.aliyuncs.com/2023/05/26/cec909d90a64404bad0ebebe0d8d3cfa20230407112000_2b9ce.jpeg\"]', '5', null, null, '0', '1', '0', '0', '111111', '2023-05-26 09:14:01', null, '2023-05-26 09:14:01');
INSERT INTO `t_img_details` VALUES ('1661903560108728321', '女生头像分享', 'https://cc-video-oss.oss-accelerate.aliyuncs.com/2023/05/26/8d582338789649f4b8e874920d7b02c120230407112000_7c81a.jpeg', '1601126546037874692', '1594985167723864112', '1594985167723864061', '[\"https://cc-video-oss.oss-accelerate.aliyuncs.com/2023/05/26/8d582338789649f4b8e874920d7b02c120230407112000_7c81a.jpeg\",\"https://cc-video-oss.oss-accelerate.aliyuncs.com/2023/05/26/6865f52341924c9eb389d414b368af4f20230407112000_8ac33.jpeg\",\"https://cc-video-oss.oss-accelerate.aliyuncs.com/2023/05/26/ce7a166bd7ea44f092e2b841954e173020230407112000_55156.jpeg\",\"https://cc-video-oss.oss-accelerate.aliyuncs.com/2023/05/26/40c680aac81f4cf7ac3d1506e582cd4820230407112000_3b407.jpeg\",\"https://cc-video-oss.oss-accelerate.aliyuncs.com/2023/05/26/1c01096ff71b418b8e8b84f2f52012dd20230407112000_2b9ce.jpeg\"]', '5', null, null, '2', '0', '0', '0', '111111', '2023-05-26 09:14:20', null, '2023-05-26 09:14:20');
INSERT INTO `t_img_details` VALUES ('1661904087651508225', '聊天壁纸，锁屏壁纸', 'https://cc-video-oss.oss-accelerate.aliyuncs.com/2023/05/26/0629885c023f4f9b8cd96240c5ad688f20221114110733_60b07.jpeg', '1601126546037874692', '1594985167723864212', '1594985167723864062', '[\"https://cc-video-oss.oss-accelerate.aliyuncs.com/2023/05/26/0629885c023f4f9b8cd96240c5ad688f20221114110733_60b07.jpeg\",\"https://cc-video-oss.oss-accelerate.aliyuncs.com/2023/05/26/3d09d04e46604ef2b014c2e905231da820221114110732_7b753.jpeg\",\"https://cc-video-oss.oss-accelerate.aliyuncs.com/2023/05/26/77aba0c602634c53954fe5834a06a2fe20221114110732_2aa73.jpeg\",\"https://cc-video-oss.oss-accelerate.aliyuncs.com/2023/05/26/1c83e3061cfd46b6a2ef6431bb8071be20221114110731_df657.jpeg\"]', '4', null, null, '1', '0', '0', '0', '111111', '2023-05-26 09:16:26', null, '2023-05-26 09:16:26');
INSERT INTO `t_img_details` VALUES ('1661904231469998081', '可爱壁纸', 'https://cc-video-oss.oss-accelerate.aliyuncs.com/2023/05/26/04efd70580b74ad990e913db3d2126de20210422200702_bc955.jpg', '1601126546037874692', '1594985167723864217', '1594985167723864062', '[\"https://cc-video-oss.oss-accelerate.aliyuncs.com/2023/05/26/04efd70580b74ad990e913db3d2126de20210422200702_bc955.jpg\",\"https://cc-video-oss.oss-accelerate.aliyuncs.com/2023/05/26/8327f6e75417455a854cd78cbf9b1a7b20210422200659_02422.jpg\",\"https://cc-video-oss.oss-accelerate.aliyuncs.com/2023/05/26/b1a0f15f622f447e96a1b1b686de110a20210422200657_81966.jpg\"]', '3', null, null, '2', '0', '0', '0', '111111', '2023-05-26 09:17:00', null, '2023-05-26 09:17:00');
INSERT INTO `t_img_details` VALUES ('1661904352161095681', '壁纸分享，锁屏壁纸，聊天壁纸', 'https://cc-video-oss.oss-accelerate.aliyuncs.com/2023/05/26/e341a80c454044ba8245b509132adfe220210422200654_213d2.jpg', '1601126546037874692', '1594985167723864217', '1594985167723864062', '[\"https://cc-video-oss.oss-accelerate.aliyuncs.com/2023/05/26/e341a80c454044ba8245b509132adfe220210422200654_213d2.jpg\",\"https://cc-video-oss.oss-accelerate.aliyuncs.com/2023/05/26/ba431670b1cb4c66a4d2165ff1edf6bc20210422200649_b7642.jpg\",\"https://cc-video-oss.oss-accelerate.aliyuncs.com/2023/05/26/8afb8263602248abbd5e123f577bfc7d20210422200646_ea3e4.jpg\",\"https://cc-video-oss.oss-accelerate.aliyuncs.com/2023/05/26/92652e4332bb4f378c17b4629eea5b5c20210422200643_2124d.jpg\"]', '4', null, null, '1', '0', '0', '0', '111111', '2023-05-26 09:17:29', null, '2023-05-26 09:17:29');
INSERT INTO `t_img_details` VALUES ('1661904480242556929', '壁纸分享', 'https://cc-video-oss.oss-accelerate.aliyuncs.com/2023/05/26/fc650871cf924f69a5c950bf6235850420210422200641_89372.jpg', '1601126546037874692', '1594985167723864212', '1594985167723864062', '[\"https://cc-video-oss.oss-accelerate.aliyuncs.com/2023/05/26/fc650871cf924f69a5c950bf6235850420210422200641_89372.jpg\",\"https://cc-video-oss.oss-accelerate.aliyuncs.com/2023/05/26/bf7f8aaf9a5d4fe18b175dfca725719a20210422200636_2e83c.jpg\"]', '2', null, null, '3', '1', '0', '0', '111111', '2023-05-26 09:17:59', null, '2023-05-26 09:17:59');
INSERT INTO `t_img_details` VALUES ('1661904998574645249', '举花小猫', 'https://cc-video-oss.oss-accelerate.aliyuncs.com/2023/05/26/370d03c0f7d140639d3758165912cc2c20220506115502_420fd.jpeg', '1601126546037874692', '1594985167723864310', '1594985167723864063', '[\"https://cc-video-oss.oss-accelerate.aliyuncs.com/2023/05/26/370d03c0f7d140639d3758165912cc2c20220506115502_420fd.jpeg\",\"https://cc-video-oss.oss-accelerate.aliyuncs.com/2023/05/26/f38025795cb54b229157902576fca0e720220506115502_fbcdc.jpeg\",\"https://cc-video-oss.oss-accelerate.aliyuncs.com/2023/05/26/5170df9c72b34776a2a2affa384c1a7f20220506115502_704bf.jpeg\",\"https://cc-video-oss.oss-accelerate.aliyuncs.com/2023/05/26/08cc0f18fb6e44b2b3470f5f5b011dc620220506115502_4a7c8.jpeg\",\"https://cc-video-oss.oss-accelerate.aliyuncs.com/2023/05/26/f4280cf27f01423d9057734c310ae48d20220506115502_b2dcd.jpeg\"]', '5', null, null, '1', '0', '0', '0', '111111', '2023-05-26 09:20:03', null, '2023-05-26 09:20:03');
INSERT INTO `t_img_details` VALUES ('1661905162219610114', '举花小猫', 'https://cc-video-oss.oss-accelerate.aliyuncs.com/2023/05/26/cb1f393ad80e4e99bc8e840c8a44eb8c20220506115502_d650f.jpeg', '1601126546037874692', '1594985167723864312', '1594985167723864063', '[\"https://cc-video-oss.oss-accelerate.aliyuncs.com/2023/05/26/cb1f393ad80e4e99bc8e840c8a44eb8c20220506115502_d650f.jpeg\",\"https://cc-video-oss.oss-accelerate.aliyuncs.com/2023/05/26/25ab81d4670e4717a92b84bfe1524ad320220506115502_207f4.jpeg\",\"https://cc-video-oss.oss-accelerate.aliyuncs.com/2023/05/26/59e072f00fca483da089be8178c8a14920220506115502_62bb8.jpeg\",\"https://cc-video-oss.oss-accelerate.aliyuncs.com/2023/05/26/60bc6e04421a45c195821bb82c38641e20220506115502_3f54a.jpeg\"]', '4', null, null, '3', '0', '0', '0', '111111', '2023-05-26 09:20:42', null, '2023-05-26 09:20:42');
INSERT INTO `t_img_details` VALUES ('1661905271288291329', '干饭表情包', 'https://cc-video-oss.oss-accelerate.aliyuncs.com/2023/05/26/16e2f812e7e5481f863640f68ab7c46b20220327194140_9b546.jpg', '1601126546037874692', '1594985167723864318', '1594985167723864063', '[\"https://cc-video-oss.oss-accelerate.aliyuncs.com/2023/05/26/16e2f812e7e5481f863640f68ab7c46b20220327194140_9b546.jpg\",\"https://cc-video-oss.oss-accelerate.aliyuncs.com/2023/05/26/c59f99f9bdcf47d3bf74f803d13b228920220327194140_90166.jpg\",\"https://cc-video-oss.oss-accelerate.aliyuncs.com/2023/05/26/20dc4a5c7e7d4f3eb882cfe33a1e52af20220327194140_9bd2f.jpg\",\"https://cc-video-oss.oss-accelerate.aliyuncs.com/2023/05/26/cfbb4a524ff3491eaa0f03d48011730220220327194139_a9857.jpg\",\"https://cc-video-oss.oss-accelerate.aliyuncs.com/2023/05/26/5a6605d7b1b345319017cf2950a0a63c20220327194139_bc39a.jpg\"]', '5', null, null, '2', '0', '0', '0', '111111', '2023-05-26 09:21:08', null, '2023-05-26 09:21:08');
INSERT INTO `t_img_details` VALUES ('1661906045623918594', '情侣头像', 'https://cc-video-oss.oss-accelerate.aliyuncs.com/2023/05/26/4c8c1373587d425fa0c88d6f3d6477e520220606213212_371b6.jpg', '1601126546037874690', '1594985167723864116', '1594985167723864061', '[\"https://cc-video-oss.oss-accelerate.aliyuncs.com/2023/05/26/4c8c1373587d425fa0c88d6f3d6477e520220606213212_371b6.jpg\",\"https://cc-video-oss.oss-accelerate.aliyuncs.com/2023/05/26/5642cc78be694e5c8e3e2ec3b7265e3620220606213212_a6c9c.jpg\",\"https://cc-video-oss.oss-accelerate.aliyuncs.com/2023/05/26/c1f0d15e67ef4115b1e487c3024f87b420220606213212_e45eb.jpg\",\"https://cc-video-oss.oss-accelerate.aliyuncs.com/2023/05/26/a3705474261b4093a7713f9c670e97a820220606213212_b1a89.jpg\",\"https://cc-video-oss.oss-accelerate.aliyuncs.com/2023/05/26/77e22cd913e94e0c96d4b36f3c49801420220606213212_de5e4.jpg\",\"https://cc-video-oss.oss-accelerate.aliyuncs.com/2023/05/26/4c5c13a651af4178be0641980d9a04f820220606213212_3c62d.jpg\",\"https://cc-video-oss.oss-accelerate.aliyuncs.com/2023/05/26/694530ca423c480d9f62736539ac8a0a20220606213212_55290.jpg\",\"https://cc-video-oss.oss-accelerate.aliyuncs.com/2023/05/26/14c7957c6be44dafa047288b7e3e9a0420220606213212_908df.jpg\"]', '8', null, null, '1', '0', '0', '0', '111111', '2023-05-26 09:24:13', null, '2023-05-26 09:24:13');
INSERT INTO `t_img_details` VALUES ('1661906180575649794', '情侣头像分享', 'https://cc-video-oss.oss-accelerate.aliyuncs.com/2023/05/26/32e95950231f4d3884ab7d647ebe2e0a20230508180603_d6e1f.jpg', '1601126546037874690', '1594985167723864116', '1594985167723864061', '[\"https://cc-video-oss.oss-accelerate.aliyuncs.com/2023/05/26/32e95950231f4d3884ab7d647ebe2e0a20230508180603_d6e1f.jpg\",\"https://cc-video-oss.oss-accelerate.aliyuncs.com/2023/05/26/eedf2a7437204432b98f53e6bc9a8f0920230508180603_64515.jpg\",\"https://cc-video-oss.oss-accelerate.aliyuncs.com/2023/05/26/3e563824a8bd45ffa8eb7ade3a1cc48620230508180603_4ff57.jpg\",\"https://cc-video-oss.oss-accelerate.aliyuncs.com/2023/05/26/7983b7845dea4c69bc79b249af1b7e9920230508180603_80040.jpg\"]', '4', null, null, '1', '0', '0', '0', '111111', '2023-05-26 09:24:45', null, '2023-05-26 09:24:45');
INSERT INTO `t_img_details` VALUES ('1661906321177108482', '情侣动漫头像', 'https://cc-video-oss.oss-accelerate.aliyuncs.com/2023/05/26/a38dcfad21cf425fabf639b995f4149d20230508180603_caafc.jpg', '1601126546037874690', '1594985167723864116', '1594985167723864061', '[\"https://cc-video-oss.oss-accelerate.aliyuncs.com/2023/05/26/a38dcfad21cf425fabf639b995f4149d20230508180603_caafc.jpg\",\"https://cc-video-oss.oss-accelerate.aliyuncs.com/2023/05/26/89f63a025fe446f4962929bf32a2ac8620230508180603_e26dd.jpg\",\"https://cc-video-oss.oss-accelerate.aliyuncs.com/2023/05/26/8b051c1a281448b6810cc9e08a021f6020230508180603_64cde.jpg\",\"https://cc-video-oss.oss-accelerate.aliyuncs.com/2023/05/26/8f9a7d3fa34646e7acf466aaea2f3dfd20230508180603_eca22.jpg\"]', '4', null, null, '1', '0', '0', '0', '111111', '2023-05-26 09:25:18', null, '2023-05-26 09:25:18');
INSERT INTO `t_img_details` VALUES ('1661906431759933442', '头像，情侣', 'https://cc-video-oss.oss-accelerate.aliyuncs.com/2023/05/26/b5a2ba1779874d5a82728e24c7eda3e120221119192231_bd543.jpg', '1601126546037874690', '1594985167723864116', '1594985167723864061', '[\"https://cc-video-oss.oss-accelerate.aliyuncs.com/2023/05/26/b5a2ba1779874d5a82728e24c7eda3e120221119192231_bd543.jpg\",\"https://cc-video-oss.oss-accelerate.aliyuncs.com/2023/05/26/f48a669f31b84489af3f98f6882aab4e20221119192231_84cb6.jpg\",\"https://cc-video-oss.oss-accelerate.aliyuncs.com/2023/05/26/e014050acf484878a30afec374c6ddf520221119192231_b8535.jpg\",\"https://cc-video-oss.oss-accelerate.aliyuncs.com/2023/05/26/d0579ddeb1254eb6b382d806131e820e20221119192231_f3da1.jpg\",\"https://cc-video-oss.oss-accelerate.aliyuncs.com/2023/05/26/5d229eb7be234083950687a4e65d752c20221119192231_86954.jpg\",\"https://cc-video-oss.oss-accelerate.aliyuncs.com/2023/05/26/9cb8cf69080c423a81943fb6e54cdb2e20221119192231_d23a1.jpg\",\"https://cc-video-oss.oss-accelerate.aliyuncs.com/2023/05/26/9c24ee9621e54e3e998832eba62e86d620221119192231_4f960.jpg\",\"https://cc-video-oss.oss-accelerate.aliyuncs.com/2023/05/26/ae029fd85fea421d8a528dfd2937fcf420221119192231_3d7bb.jpg\"]', '8', null, null, '1', '0', '0', '0', '111111', '2023-05-26 09:25:45', null, '2023-05-26 09:25:45');
INSERT INTO `t_img_details` VALUES ('1661906562852904961', '动物情侣头像', 'https://cc-video-oss.oss-accelerate.aliyuncs.com/2023/05/26/b5700f6e2b7b4eb498e06427f0c2ccc520230414154633_4485e.jpg', '1601126546037874690', '1594985167723864116', '1594985167723864061', '[\"https://cc-video-oss.oss-accelerate.aliyuncs.com/2023/05/26/b5700f6e2b7b4eb498e06427f0c2ccc520230414154633_4485e.jpg\",\"https://cc-video-oss.oss-accelerate.aliyuncs.com/2023/05/26/2d83c3f9427a41b48832c9fb63dbcf2b20230414154633_72bca.jpg\",\"https://cc-video-oss.oss-accelerate.aliyuncs.com/2023/05/26/1c4ac064ab3c40e0b17942d9ccf701d120230414154633_60942.jpg\",\"https://cc-video-oss.oss-accelerate.aliyuncs.com/2023/05/26/1cfbc9242954456999afc82dcfc96deb20230414154633_797e2.jpg\"]', '4', null, null, '0', '0', '0', '0', '111111', '2023-05-26 09:26:16', null, '2023-05-26 09:26:16');
INSERT INTO `t_img_details` VALUES ('1661906689961287682', '猫猫情侣头像', 'https://cc-video-oss.oss-accelerate.aliyuncs.com/2023/05/26/ff15757f83b340a5afd0bb0f283f69ac20230313085008_e2dbb.jpg', '1601126546037874690', '1594985167723864116', '1594985167723864061', '[\"https://cc-video-oss.oss-accelerate.aliyuncs.com/2023/05/26/ff15757f83b340a5afd0bb0f283f69ac20230313085008_e2dbb.jpg\",\"https://cc-video-oss.oss-accelerate.aliyuncs.com/2023/05/26/703f5c7f49324c4e9e6f59cd549a4eac20230313085008_d395c.jpg\",\"https://cc-video-oss.oss-accelerate.aliyuncs.com/2023/05/26/b67f314e84f24c2ba7978d003eddde9320230313085008_98b4a.jpg\",\"https://cc-video-oss.oss-accelerate.aliyuncs.com/2023/05/26/0aa8079f754e4e83926ff121404cda2f20230313085008_46536.jpg\",\"https://cc-video-oss.oss-accelerate.aliyuncs.com/2023/05/26/186a2554d9bf4e8fa2eb75ea016ed7fc20230313085008_8796f.jpg\",\"https://cc-video-oss.oss-accelerate.aliyuncs.com/2023/05/26/3f1b3bbcfa6f4002b833d04da5b2163320230313085008_a2bef.jpg\"]', '6', null, null, '1', '0', '0', '0', '111111', '2023-05-26 09:26:46', null, '2023-05-26 09:26:46');
INSERT INTO `t_img_details` VALUES ('1661908107719925762', '花壁纸分享', 'https://cc-video-oss.oss-accelerate.aliyuncs.com/2023/05/26/67f1c5059f304c76a9a9d568a95f0feaduitang_1685064458990.jpg', '1601126546037874690', '1661907545024700418', '1594985167723864064', '[\"https://cc-video-oss.oss-accelerate.aliyuncs.com/2023/05/26/67f1c5059f304c76a9a9d568a95f0feaduitang_1685064458990.jpg\",\"https://cc-video-oss.oss-accelerate.aliyuncs.com/2023/05/26/27b6b7818f414d1083d4b683de4c9182duitang_1685064458942.jpg\",\"https://cc-video-oss.oss-accelerate.aliyuncs.com/2023/05/26/ee6084116d0841f3961da0f8086655d8duitang_1685064458773.jpg\",\"https://cc-video-oss.oss-accelerate.aliyuncs.com/2023/05/26/32c96746982a45549429003acd6f439eduitang_1685064458741.jpg\"]', '4', null, null, '0', '0', '0', '0', '111111', '2023-05-26 09:32:24', null, '2023-05-26 09:32:24');
INSERT INTO `t_img_details` VALUES ('1661908249869082626', '壁纸，花', 'https://cc-video-oss.oss-accelerate.aliyuncs.com/2023/05/26/e2d062dc43c34906905e0c603e136935duitang_1685064458717.jpg', '1601126546037874690', '1661907545024700418', '1594985167723864064', '[\"https://cc-video-oss.oss-accelerate.aliyuncs.com/2023/05/26/e2d062dc43c34906905e0c603e136935duitang_1685064458717.jpg\",\"https://cc-video-oss.oss-accelerate.aliyuncs.com/2023/05/26/201ffefe192d4757acf33a2f9ac69ff2duitang_1685064458705.jpg\",\"https://cc-video-oss.oss-accelerate.aliyuncs.com/2023/05/26/ae9e5b3a5d2246f58b28c398514f1debduitang_1685064458692.jpg\",\"https://cc-video-oss.oss-accelerate.aliyuncs.com/2023/05/26/89af7db12fd24d05bc0d12100b40af76duitang_1685064458634.jpg\",\"https://cc-video-oss.oss-accelerate.aliyuncs.com/2023/05/26/cd2a8add80f5407bb1ebd0858acdf4d1duitang_1685064459317.jpg\",\"https://cc-video-oss.oss-accelerate.aliyuncs.com/2023/05/26/c016aaeec888408c97426f87a7a78badduitang_1685064459330.jpg\"]', '6', null, null, '1', '0', '0', '0', '111111', '2023-05-26 09:32:58', null, '2023-05-26 09:32:58');
INSERT INTO `t_img_details` VALUES ('1661908453166997506', '花花壁纸分享', 'https://cc-video-oss.oss-accelerate.aliyuncs.com/2023/05/26/bd00ed8eb37240d3aa1f9da21281776cduitang_1685064459254.jpg', '1601126546037874690', '1661907545024700418', '1594985167723864064', '[\"https://cc-video-oss.oss-accelerate.aliyuncs.com/2023/05/26/bd00ed8eb37240d3aa1f9da21281776cduitang_1685064459254.jpg\",\"https://cc-video-oss.oss-accelerate.aliyuncs.com/2023/05/26/f5fb6d3d2f784fa7954eac667440a178duitang_1685064459233.jpg\",\"https://cc-video-oss.oss-accelerate.aliyuncs.com/2023/05/26/db3bbf53b48a489ea065b5a332929862duitang_1685064459196.jpg\",\"https://cc-video-oss.oss-accelerate.aliyuncs.com/2023/05/26/055f51b3bc6d4aa69e43f7d84c77f42cduitang_1685064459181.jpg\",\"https://cc-video-oss.oss-accelerate.aliyuncs.com/2023/05/26/6d5630b4a07c44aa975e291182328cd7duitang_1685064459154.jpg\",\"https://cc-video-oss.oss-accelerate.aliyuncs.com/2023/05/26/2f617e4e8d254199bcf6373f258b72a6duitang_1685064459140.jpg\"]', '6', null, null, '0', '0', '0', '0', '111111', '2023-05-26 09:33:47', null, '2023-05-26 09:33:47');
INSERT INTO `t_img_details` VALUES ('1661908570716561410', '花花壁纸分享', 'https://cc-video-oss.oss-accelerate.aliyuncs.com/2023/05/26/c8dcffad1d12483a980bb0400c5bf3b2duitang_1685064459034.jpg', '1601126546037874690', '1661907545024700418', '1594985167723864064', '[\"https://cc-video-oss.oss-accelerate.aliyuncs.com/2023/05/26/c8dcffad1d12483a980bb0400c5bf3b2duitang_1685064459034.jpg\",\"https://cc-video-oss.oss-accelerate.aliyuncs.com/2023/05/26/b26bb700c93a481eadb73f654bfd200bduitang_1685064459063.jpg\",\"https://cc-video-oss.oss-accelerate.aliyuncs.com/2023/05/26/f87d70f6c17a43b4875fe64edccf06c0duitang_1685064459118.jpg\"]', '3', null, null, '0', '0', '0', '0', '111111', '2023-05-26 09:34:15', null, '2023-05-26 09:34:15');
INSERT INTO `t_img_details` VALUES ('1661908807828955138', 'ins生活壁纸', 'https://cc-video-oss.oss-accelerate.aliyuncs.com/2023/05/26/927c7cb84973431a8a4290fc2289f722duitang_1685064877983.jpg', '1601126546037874690', '1594985167723864210', '1594985167723864062', '[\"https://cc-video-oss.oss-accelerate.aliyuncs.com/2023/05/26/927c7cb84973431a8a4290fc2289f722duitang_1685064877983.jpg\",\"https://cc-video-oss.oss-accelerate.aliyuncs.com/2023/05/26/f55612b7b0fc40ce8d71c9ac6beb2931duitang_1685064877972.jpg\",\"https://cc-video-oss.oss-accelerate.aliyuncs.com/2023/05/26/cf01a75c983145dfa8ee09f7b4ed93baduitang_1685064877958.jpg\",\"https://cc-video-oss.oss-accelerate.aliyuncs.com/2023/05/26/bd88a6b9acbb42cca82f5e4000ba217fduitang_1685064877943.jpg\"]', '4', null, null, '0', '0', '0', '0', '111111', '2023-05-26 09:35:11', null, '2023-05-26 09:35:11');
INSERT INTO `t_img_details` VALUES ('1661908916843110401', 'ins风格壁纸分享', 'https://cc-video-oss.oss-accelerate.aliyuncs.com/2023/05/26/29ee64e9394f4506935fa3022ccc5d33duitang_1685064877900.jpg', '1601126546037874690', '1594985167723864210', '1594985167723864062', '[\"https://cc-video-oss.oss-accelerate.aliyuncs.com/2023/05/26/29ee64e9394f4506935fa3022ccc5d33duitang_1685064877900.jpg\",\"https://cc-video-oss.oss-accelerate.aliyuncs.com/2023/05/26/a96c1920ad9844af8c5c754d361320a2duitang_1685064877881.jpg\",\"https://cc-video-oss.oss-accelerate.aliyuncs.com/2023/05/26/68140a9fbd6d420e9d4bf3f50ef929c9duitang_1685064877853.jpg\",\"https://cc-video-oss.oss-accelerate.aliyuncs.com/2023/05/26/b23398068a2b4c70902da5d75d026c9fduitang_1685064877835.jpg\",\"https://cc-video-oss.oss-accelerate.aliyuncs.com/2023/05/26/36c3a80b61a541af8c894cbf23ac254bduitang_1685064877790.jpg\",\"https://cc-video-oss.oss-accelerate.aliyuncs.com/2023/05/26/7ca95c0a78cf4eaab53aefe87d8a3097duitang_1685064877771.jpg\"]', '6', null, null, '1', '0', '0', '0', '111111', '2023-05-26 09:35:37', null, '2023-05-26 09:35:37');
INSERT INTO `t_img_details` VALUES ('1661909031116922882', '简约风格，ins风格', 'https://cc-video-oss.oss-accelerate.aliyuncs.com/2023/05/26/db21c9440edb4a3099b912643f74eb60duitang_1685064877693.jpg', '1601126546037874690', '1594985167723864210', '1594985167723864062', '[\"https://cc-video-oss.oss-accelerate.aliyuncs.com/2023/05/26/db21c9440edb4a3099b912643f74eb60duitang_1685064877693.jpg\",\"https://cc-video-oss.oss-accelerate.aliyuncs.com/2023/05/26/4d503757c58a4d61a3999b605c7b4f5aduitang_1685064878320.jpg\",\"https://cc-video-oss.oss-accelerate.aliyuncs.com/2023/05/26/7b1bd624713d472ebe6e9a174bf95832duitang_1685064878004.jpg\"]', '3', null, null, '0', '1', '0', '0', '111111', '2023-05-26 09:36:04', null, '2023-05-26 09:36:04');
INSERT INTO `t_img_details` VALUES ('1661909357517660161', '卡通头像', 'https://cc-video-oss.oss-accelerate.aliyuncs.com/2023/05/26/7a688264acdc4551a2d05c80e2e7742e20221019201308_6cfb5.jpg', '1601126546037874691', '1594985167723864118', '1594985167723864061', '[\"https://cc-video-oss.oss-accelerate.aliyuncs.com/2023/05/26/7a688264acdc4551a2d05c80e2e7742e20221019201308_6cfb5.jpg\",\"https://cc-video-oss.oss-accelerate.aliyuncs.com/2023/05/26/d6b76554ac8f4b289310dd1332db283f20221019201308_ac527.jpg\",\"https://cc-video-oss.oss-accelerate.aliyuncs.com/2023/05/26/b939ba7834984e3093b03d7d38f747ec20221019201308_2f4ca.jpg\",\"https://cc-video-oss.oss-accelerate.aliyuncs.com/2023/05/26/1e11f86549d14084af44046d6ab7eaad20221019201308_17b51.jpg\",\"https://cc-video-oss.oss-accelerate.aliyuncs.com/2023/05/26/ce7b6bf6ac3a44b3b75473a563b8d36c20221019201308_93dc1.jpg\",\"https://cc-video-oss.oss-accelerate.aliyuncs.com/2023/05/26/54965018d42c4b58b09d4d4608f2b59520221019201308_ade34.jpg\",\"https://cc-video-oss.oss-accelerate.aliyuncs.com/2023/05/26/2ee765e6fc30493988c15a9e80c9e44320221019201308_aaf7c.jpg\",\"https://cc-video-oss.oss-accelerate.aliyuncs.com/2023/05/26/53edeb8fef8b4e58ad2f78ca68d7b85020221019201308_0bfd5.jpg\",\"https://cc-video-oss.oss-accelerate.aliyuncs.com/2023/05/26/2ecc3d0ec4c44ea3874854f2b598a1b020221019201308_18508.jpg\"]', '9', null, null, '0', '0', '0', '0', '111111', '2023-05-26 09:37:22', null, '2023-05-26 09:37:22');
INSERT INTO `t_img_details` VALUES ('1661909656877719553', '蜡笔小新头像，情侣头像', 'https://cc-video-oss.oss-accelerate.aliyuncs.com/2023/05/26/e7d2f96fd2f24717b717845f86a5d3e420230404193734_feedb.jpg', '1601126546037874691', '1594985167723864111', '1594985167723864061', '[\"https://cc-video-oss.oss-accelerate.aliyuncs.com/2023/05/26/e7d2f96fd2f24717b717845f86a5d3e420230404193734_feedb.jpg\",\"https://cc-video-oss.oss-accelerate.aliyuncs.com/2023/05/26/b4a621db2c0b46389376b736f32ebb0020230404193734_9d8be.jpg\",\"https://cc-video-oss.oss-accelerate.aliyuncs.com/2023/05/26/19b16f28bf2b4cf28213cbae9b2d7eee20230404193734_cc832.jpg\",\"https://cc-video-oss.oss-accelerate.aliyuncs.com/2023/05/26/1947cc64a58c4e59a80e3fd40a3f0fe520230404193734_de9b6.jpg\"]', '4', null, null, '0', '0', '0', '0', '111111', '2023-05-26 09:38:34', null, '2023-05-26 09:38:34');
INSERT INTO `t_img_details` VALUES ('1661909756970590209', '蜡笔小新头像', 'https://cc-video-oss.oss-accelerate.aliyuncs.com/2023/05/26/ed06345770d5441583836ca2fd87b02d20230404193734_79b41.jpg', '1601126546037874691', '1594985167723864111', '1594985167723864061', '[\"https://cc-video-oss.oss-accelerate.aliyuncs.com/2023/05/26/ed06345770d5441583836ca2fd87b02d20230404193734_79b41.jpg\",\"https://cc-video-oss.oss-accelerate.aliyuncs.com/2023/05/26/4c28d15435254c7fb3cc398e0baf7c8820230404193734_fc116.jpg\",\"https://cc-video-oss.oss-accelerate.aliyuncs.com/2023/05/26/c119f850a0ea45b5a1ae271b13a69d3220230404193734_619b9.jpg\",\"https://cc-video-oss.oss-accelerate.aliyuncs.com/2023/05/26/9badcc8914554c69b2d31d2c4303d39220230404193734_4323a.jpg\"]', '4', null, null, '1', '0', '0', '0', '111111', '2023-05-26 09:38:58', null, '2023-05-26 09:38:58');
INSERT INTO `t_img_details` VALUES ('1661910074844307457', '猫猫头像', 'https://cc-video-oss.oss-accelerate.aliyuncs.com/2023/05/26/ae8cdd6d2cc0427bb25a6058197ceacc20221006210144_e24f1.jpeg', '1601126546037874691', '1594985167723864117', '1594985167723864061', '[\"https://cc-video-oss.oss-accelerate.aliyuncs.com/2023/05/26/ae8cdd6d2cc0427bb25a6058197ceacc20221006210144_e24f1.jpeg\",\"https://cc-video-oss.oss-accelerate.aliyuncs.com/2023/05/26/6ccf21644eb345ada483f222de53d8de20221006210143_77ba8.jpeg\",\"https://cc-video-oss.oss-accelerate.aliyuncs.com/2023/05/26/406b313c59ff425a9cf19bd615b5e4d920221006210142_3b1a3.jpeg\"]', '3', null, null, '0', '0', '0', '0', '111111', '2023-05-26 09:40:13', null, '2023-05-26 09:40:13');
INSERT INTO `t_img_details` VALUES ('1661910195086614529', '猫咪头像', 'https://cc-video-oss.oss-accelerate.aliyuncs.com/2023/05/26/b6a7a290eef24769b2af6f7f1926d37f20221006210141_7bd2b.jpeg', '1601126546037874691', '1594985167723864117', '1594985167723864061', '[\"https://cc-video-oss.oss-accelerate.aliyuncs.com/2023/05/26/b6a7a290eef24769b2af6f7f1926d37f20221006210141_7bd2b.jpeg\",\"https://cc-video-oss.oss-accelerate.aliyuncs.com/2023/05/26/a0ddc469dbba4a758b3531598522cfad20221006210138_e6e1b.jpeg\",\"https://cc-video-oss.oss-accelerate.aliyuncs.com/2023/05/26/eac237182f024760a4aa899ec9a95f2e20221006210140_74ab3.jpeg\"]', '3', null, null, '0', '0', '0', '0', '111111', '2023-05-26 09:40:42', null, '2023-05-26 09:40:42');
INSERT INTO `t_img_details` VALUES ('1661910395276550145', '可爱卡通头像', 'https://cc-video-oss.oss-accelerate.aliyuncs.com/2023/05/26/f8dd8707ff484f59a741ec560c27872c20210310134259_03f03.jpeg', '1601126546037874691', '1594985167723864118', '1594985167723864061', '[\"https://cc-video-oss.oss-accelerate.aliyuncs.com/2023/05/26/f8dd8707ff484f59a741ec560c27872c20210310134259_03f03.jpeg\",\"https://cc-video-oss.oss-accelerate.aliyuncs.com/2023/05/26/2f24aaf190394c6daf7641c7dc7ec3f620210310134258_7fc05.jpeg\",\"https://cc-video-oss.oss-accelerate.aliyuncs.com/2023/05/26/fcbc1b06a6d84b44ac52a17348df7bf020210310134258_cd911.jpeg\"]', '3', null, null, '0', '0', '0', '0', '111111', '2023-05-26 09:41:30', null, '2023-05-26 09:41:30');
INSERT INTO `t_img_details` VALUES ('1661910503028219905', '名画头像', 'https://cc-video-oss.oss-accelerate.aliyuncs.com/2023/05/26/de1cb6fedd824f03a1c064033516576420210310134257_b5e5a.jpeg', '1601126546037874691', '1594985167723864118', '1594985167723864061', '[\"https://cc-video-oss.oss-accelerate.aliyuncs.com/2023/05/26/de1cb6fedd824f03a1c064033516576420210310134257_b5e5a.jpeg\",\"https://cc-video-oss.oss-accelerate.aliyuncs.com/2023/05/26/b4b3bcee14a8420c92224c042884d71d20210310134254_f95ae.jpeg\",\"https://cc-video-oss.oss-accelerate.aliyuncs.com/2023/05/26/e0bc3537bbcf450ea3dc702cff836dc020210310134255_e849a.jpeg\",\"https://cc-video-oss.oss-accelerate.aliyuncs.com/2023/05/26/56b5e7af23d145c4b8c63c58484a9fbe20210310134256_24bb2.jpeg\"]', '4', null, null, '0', '0', '0', '0', '111111', '2023-05-26 09:41:55', null, '2023-05-26 09:41:55');
INSERT INTO `t_img_details` VALUES ('1661911071947808770', '动漫头像，小林家的龙女仆', 'https://cc-video-oss.oss-accelerate.aliyuncs.com/2023/05/26/462688d80c024faf8de51576f811426520221008192654_53fae.jpeg', '1601126546037874691', '1594985167723864417', '1594985167723864066', '[\"https://cc-video-oss.oss-accelerate.aliyuncs.com/2023/05/26/462688d80c024faf8de51576f811426520221008192654_53fae.jpeg\",\"https://cc-video-oss.oss-accelerate.aliyuncs.com/2023/05/26/ce697f65fbb542a78702e531687efdc220221008192653_ca97d.jpeg\",\"https://cc-video-oss.oss-accelerate.aliyuncs.com/2023/05/26/33f1df391b2347ec9515226ff88436c020221008192653_f6222.jpeg\"]', '3', null, null, '0', '0', '0', '0', '111111', '2023-05-26 09:44:11', null, '2023-05-26 09:44:11');
INSERT INTO `t_img_details` VALUES ('1661911211244838913', '小林家的龙女仆', 'https://cc-video-oss.oss-accelerate.aliyuncs.com/2023/05/26/349e2889d43949939980b6e1c4e78b7d20221008192652_4d0a0.jpeg', '1601126546037874691', '1594985167723864417', '1594985167723864066', '[\"https://cc-video-oss.oss-accelerate.aliyuncs.com/2023/05/26/349e2889d43949939980b6e1c4e78b7d20221008192652_4d0a0.jpeg\",\"https://cc-video-oss.oss-accelerate.aliyuncs.com/2023/05/26/85e97ce9b7d94194b1d85a28047a9ef620221008192652_d0784.jpeg\",\"https://cc-video-oss.oss-accelerate.aliyuncs.com/2023/05/26/8023a770e4db4f5890ab3e5a3b96d7dd20221008192651_42777.jpeg\",\"https://cc-video-oss.oss-accelerate.aliyuncs.com/2023/05/26/866001507c2d4231a4a849d1b0a7083c20221008192651_718c7.jpeg\",\"https://cc-video-oss.oss-accelerate.aliyuncs.com/2023/05/26/49a855a98ff349b8bb33ae750015a1d220221008192650_139cc.jpeg\",\"https://cc-video-oss.oss-accelerate.aliyuncs.com/2023/05/26/672e34dd1dbf48eeb20dbb20e44f63cd20221008192649_cf085.jpeg\"]', '6', null, null, '1', '0', '0', '0', '111111', '2023-05-26 09:44:44', null, '2023-05-26 09:44:44');
INSERT INTO `t_img_details` VALUES ('1661911353909895170', '康娜', 'https://cc-video-oss.oss-accelerate.aliyuncs.com/2023/05/26/f73995e896474d84acb0c8c25f4f536e20210717220402_nldjd.png', '1601126546037874691', '1594985167723864417', '1594985167723864066', '[\"https://cc-video-oss.oss-accelerate.aliyuncs.com/2023/05/26/f73995e896474d84acb0c8c25f4f536e20210717220402_nldjd.png\",\"https://cc-video-oss.oss-accelerate.aliyuncs.com/2023/05/26/5137bccfdfb44012922eeec463e90a8420210717220400_gjkra.png\",\"https://cc-video-oss.oss-accelerate.aliyuncs.com/2023/05/26/9057a74c4c09409f908dae575309b8f220210717220400_lmsiv.jpg\",\"https://cc-video-oss.oss-accelerate.aliyuncs.com/2023/05/26/5d901f57804b48559df41e78c521c77820210717220359_xjjzx.jpg\"]', '4', null, null, '0', '0', '0', '0', '111111', '2023-05-26 09:45:18', null, '2023-05-26 09:45:18');
INSERT INTO `t_img_details` VALUES ('1661911478862405634', '康娜头像，壁纸', 'https://cc-video-oss.oss-accelerate.aliyuncs.com/2023/05/26/731901adcb8640b9ade126e9b484a04220210717220358_gfplh.jpg', '1601126546037874691', '1594985167723864417', '1594985167723864066', '[\"https://cc-video-oss.oss-accelerate.aliyuncs.com/2023/05/26/731901adcb8640b9ade126e9b484a04220210717220358_gfplh.jpg\",\"https://cc-video-oss.oss-accelerate.aliyuncs.com/2023/05/26/a9d3ce21e35e471d85f78fd21e5e3b0f20210717220358_avmwx.jpg\",\"https://cc-video-oss.oss-accelerate.aliyuncs.com/2023/05/26/7ceb11480ede428cbad9c2b44998deb320210717220357_jwhps.jpg\",\"https://cc-video-oss.oss-accelerate.aliyuncs.com/2023/05/26/ee44f54ab61c437c91c86fcd86565aa220210717220357_fhjbj.jpg\"]', '4', null, null, '0', '0', '0', '0', '111111', '2023-05-26 09:45:48', null, '2023-05-26 09:45:48');
INSERT INTO `t_img_details` VALUES ('1661911588769947649', '蜡笔小新头像壁纸', 'https://cc-video-oss.oss-accelerate.aliyuncs.com/2023/05/26/a4c12ee7917f423c999538ee0b23563120210516204040_f80b4.jpeg', '1601126546037874691', '1594985167723864218', '1594985167723864062', '[\"https://cc-video-oss.oss-accelerate.aliyuncs.com/2023/05/26/a4c12ee7917f423c999538ee0b23563120210516204040_f80b4.jpeg\",\"https://cc-video-oss.oss-accelerate.aliyuncs.com/2023/05/26/18898f5a67454b468bc6fd2502bcc52c20210516204039_d61e9.jpeg\",\"https://cc-video-oss.oss-accelerate.aliyuncs.com/2023/05/26/ba37a289a184460cb6d1188b0c1ba7c720210516204039_90cb0.jpeg\"]', '3', null, null, '1', '0', '0', '0', '111111', '2023-05-26 09:46:14', null, '2023-05-26 09:46:14');
INSERT INTO `t_img_details` VALUES ('1661911683745767426', '蜡笔小新壁纸头像', 'https://cc-video-oss.oss-accelerate.aliyuncs.com/2023/05/26/14de6529ae90429e88be6bdffa1c456920210516204038_13b5c.jpeg', '1601126546037874691', '1594985167723864415', '1594985167723864066', '[\"https://cc-video-oss.oss-accelerate.aliyuncs.com/2023/05/26/14de6529ae90429e88be6bdffa1c456920210516204038_13b5c.jpeg\",\"https://cc-video-oss.oss-accelerate.aliyuncs.com/2023/05/26/88065085c4a047b5b270b3e665417d1d20210516204036_462e3.jpeg\",\"https://cc-video-oss.oss-accelerate.aliyuncs.com/2023/05/26/6856c48c55274a8fae3643c61260dffd20210516204036_d0265.jpeg\",\"https://cc-video-oss.oss-accelerate.aliyuncs.com/2023/05/26/8b2dd8c433a0424fa3de7c6287654e3b20210516204024_f96c4.jpeg\"]', '4', null, null, '1', '0', '0', '0', '111111', '2023-05-26 09:46:37', null, '2023-05-26 09:46:37');
INSERT INTO `t_img_details` VALUES ('1661913014367739906', '蜡笔小新头像壁纸', 'https://cc-video-oss.oss-accelerate.aliyuncs.com/2023/05/26/89194c3d52fb4687b23b556a076b1bd120210516204023_045d9.jpeg', '1601126546037874691', '1594985167723864415', '1594985167723864066', '[\"https://cc-video-oss.oss-accelerate.aliyuncs.com/2023/05/26/89194c3d52fb4687b23b556a076b1bd120210516204023_045d9.jpeg\",\"https://cc-video-oss.oss-accelerate.aliyuncs.com/2023/05/26/ef526499a7c74c4f88a668f130889d0420210516204023_78455.jpeg\"]', '2', null, null, '2', '0', '0', '0', '111111', '2023-05-26 09:51:54', null, '2023-05-26 09:51:54');
INSERT INTO `t_img_details` VALUES ('1661913536982212610', '蜡笔小新壁纸', 'https://cc-video-oss.oss-accelerate.aliyuncs.com/2023/05/26/d515d46d9c924485aed13054ac9c425f20230220160639_e194e.jpg', '1601126546037874693', '1594985167723864415', '1594985167723864066', '[\"https://cc-video-oss.oss-accelerate.aliyuncs.com/2023/05/26/d515d46d9c924485aed13054ac9c425f20230220160639_e194e.jpg\",\"https://cc-video-oss.oss-accelerate.aliyuncs.com/2023/05/26/59061eb41e3d40d1b2175153c578aa1120230220160639_dacd2.jpg\",\"https://cc-video-oss.oss-accelerate.aliyuncs.com/2023/05/26/fb9a72d99b5b42e99a32268f9eda665b20230220160639_acbee.jpg\",\"https://cc-video-oss.oss-accelerate.aliyuncs.com/2023/05/26/f5871766efff45ba8c2f7478fc9074ae20230220160639_5670e.jpg\"]', '4', null, null, '1', '0', '0', '0', '111111', '2023-05-26 09:53:59', null, '2023-05-26 09:53:59');
INSERT INTO `t_img_details` VALUES ('1661913633644142593', '蜡笔小新壁纸分享', 'https://cc-video-oss.oss-accelerate.aliyuncs.com/2023/05/26/e4bc975d198440bf9060a9b2a836256920230220160640_1107f.jpg', '1601126546037874693', '1594985167723864415', '1594985167723864066', '[\"https://cc-video-oss.oss-accelerate.aliyuncs.com/2023/05/26/e4bc975d198440bf9060a9b2a836256920230220160640_1107f.jpg\",\"https://cc-video-oss.oss-accelerate.aliyuncs.com/2023/05/26/e353ede039fd499c9dea71d042d6ec3220230220160639_ecc91.jpg\",\"https://cc-video-oss.oss-accelerate.aliyuncs.com/2023/05/26/52d73555cc5e49db9fcd99276a406f3320230220160639_0751b.jpg\",\"https://cc-video-oss.oss-accelerate.aliyuncs.com/2023/05/26/bf29a096048641afa05def26a4e56d5d20230220160639_df041.jpg\",\"https://cc-video-oss.oss-accelerate.aliyuncs.com/2023/05/26/e8baa7d1c02e497ea7e05c7e134c7d7020230220160639_be716.jpg\"]', '5', null, null, '1', '0', '0', '0', '111111', '2023-05-26 09:54:22', null, '2023-05-26 09:54:22');
INSERT INTO `t_img_details` VALUES ('1661913897855934466', '柯南卡通壁纸', 'https://cc-video-oss.oss-accelerate.aliyuncs.com/2023/05/26/cf9e80ff88e847f9b1cd14d7ba1ed48e20230206042746_1fb13.jpg', '1601126546037874693', '1594985167723864410', '1594985167723864066', '[\"https://cc-video-oss.oss-accelerate.aliyuncs.com/2023/05/26/cf9e80ff88e847f9b1cd14d7ba1ed48e20230206042746_1fb13.jpg\",\"https://cc-video-oss.oss-accelerate.aliyuncs.com/2023/05/26/6c524a9836b041ec9ae8665c1228466220230206042746_45f67.jpg\",\"https://cc-video-oss.oss-accelerate.aliyuncs.com/2023/05/26/69f6469737ea4381b0adc1c198b7a4b320230206042746_a132e.jpg\",\"https://cc-video-oss.oss-accelerate.aliyuncs.com/2023/05/26/ae2d11d58fbf4e70b573a3e96c8ec04020230206042746_83dbe.jpg\",\"https://cc-video-oss.oss-accelerate.aliyuncs.com/2023/05/26/0646f964205e470094e8f3751e1b8a3220230206042746_b7c22.jpg\",\"https://cc-video-oss.oss-accelerate.aliyuncs.com/2023/05/26/e8344f6b0885407199fcde910f41f8d920230206042746_eb44c.jpg\",\"https://cc-video-oss.oss-accelerate.aliyuncs.com/2023/05/26/7c9130cdc7794c05beba3f0f91b73b3d20230206042746_f2b23.jpg\",\"https://cc-video-oss.oss-accelerate.aliyuncs.com/2023/05/26/076c8e70049448639c51287880cb728d20230206042746_2f775.jpg\",\"https://cc-video-oss.oss-accelerate.aliyuncs.com/2023/05/26/a99a251c5269437fb08e4c75eb70b78420230206042746_14b44.jpg\"]', '9', null, null, '4', '1', '1', '0', '111111', '2023-05-26 09:55:25', null, '2023-05-26 09:55:25');
INSERT INTO `t_img_details` VALUES ('1661914122016317442', '柯南情侣头像', 'https://cc-video-oss.oss-accelerate.aliyuncs.com/2023/05/26/c12e8861378844ae888c20497f5d160920230428224157_a90d0.jpg', '1601126546037874693', '1594985167723864116', '1594985167723864061', '[\"https://cc-video-oss.oss-accelerate.aliyuncs.com/2023/05/26/c12e8861378844ae888c20497f5d160920230428224157_a90d0.jpg\",\"https://cc-video-oss.oss-accelerate.aliyuncs.com/2023/05/26/e67e3f8fc5914ad8a34a29b429ebb8fe20230428224157_327bb.jpg\",\"https://cc-video-oss.oss-accelerate.aliyuncs.com/2023/05/26/78868665e01d49ddb0d9dab3161eeb9620230428224157_d412f.jpg\",\"https://cc-video-oss.oss-accelerate.aliyuncs.com/2023/05/26/f85559f13d4843c581d166232703d81320230428224157_f5396.jpg\"]', '4', null, null, '0', '0', '0', '0', '111111', '2023-05-26 09:56:18', null, '2023-05-26 09:56:18');
INSERT INTO `t_img_details` VALUES ('1661914255135137793', '柯南壁纸头像', 'https://cc-video-oss.oss-accelerate.aliyuncs.com/2023/05/26/70e7e6a12ff4430981db32740ce36ff720230428224157_e52b3.jpg', '1601126546037874693', '1594985167723864410', '1594985167723864066', '[\"https://cc-video-oss.oss-accelerate.aliyuncs.com/2023/05/26/70e7e6a12ff4430981db32740ce36ff720230428224157_e52b3.jpg\",\"https://cc-video-oss.oss-accelerate.aliyuncs.com/2023/05/26/309519d4619c46138dd6d2506f43376720230428224157_246b5.jpg\",\"https://cc-video-oss.oss-accelerate.aliyuncs.com/2023/05/26/0745021eb6874efa8c7aa83f9df8db0b20230428224157_f4467.jpg\",\"https://cc-video-oss.oss-accelerate.aliyuncs.com/2023/05/26/afc3ee3acd0b44e1ac3b4734a90b879420230428224157_1808b.jpg\"]', '4', null, null, '2', '0', '0', '0', '111111', '2023-05-26 09:56:50', null, '2023-05-26 09:56:50');
INSERT INTO `t_img_details` VALUES ('1661914591438626817', '海贼王卡通壁纸', 'https://cc-video-oss.oss-accelerate.aliyuncs.com/2023/05/26/f45af7e95b9a474a99d390cc5442e11620220830203124_88fba.jpeg', '1601126546037874693', '1594985167723864414', '1594985167723864066', '[\"https://cc-video-oss.oss-accelerate.aliyuncs.com/2023/05/26/f45af7e95b9a474a99d390cc5442e11620220830203124_88fba.jpeg\",\"https://cc-video-oss.oss-accelerate.aliyuncs.com/2023/05/26/af339bbd2eb04c8da542d30dc9485c4420220830203123_a1148.jpeg\",\"https://cc-video-oss.oss-accelerate.aliyuncs.com/2023/05/26/288859ee9afc486d86475ea4c051a9a420220830203123_67779.jpeg\",\"https://cc-video-oss.oss-accelerate.aliyuncs.com/2023/05/26/777222c022894d48876f9a093ee7930320220830203121_facec.jpeg\",\"https://cc-video-oss.oss-accelerate.aliyuncs.com/2023/05/26/89a51f896ebd41a585410ce2eca91fbb20220830203122_2a487.jpeg\",\"https://cc-video-oss.oss-accelerate.aliyuncs.com/2023/05/26/d3248505b75647bfb1ad95baf21e370a20220830203122_83ce8.jpeg\",\"https://cc-video-oss.oss-accelerate.aliyuncs.com/2023/05/26/a70407fe3df44c01b1a5aedebccf687a20220830203125_a745e.jpeg\",\"https://cc-video-oss.oss-accelerate.aliyuncs.com/2023/05/26/305efd3bff204eedab228c3f71f9c45a20220830203124_efba4.jpeg\",\"https://cc-video-oss.oss-accelerate.aliyuncs.com/2023/05/26/d170aaf201f54930977f3643f7bd7f0520220830203124_0a1b9.jpeg\"]', '9', null, null, '1', '0', '0', '0', '111111', '2023-05-26 09:58:10', null, '2023-05-26 09:58:10');
INSERT INTO `t_img_details` VALUES ('1661914728021942273', '海贼王壁纸', 'https://cc-video-oss.oss-accelerate.aliyuncs.com/2023/05/26/f22c83dd991a42b399833f329d36b6bb20221008201206_410c2.jpg', '1601126546037874693', '1594985167723864414', '1594985167723864066', '[\"https://cc-video-oss.oss-accelerate.aliyuncs.com/2023/05/26/f22c83dd991a42b399833f329d36b6bb20221008201206_410c2.jpg\",\"https://cc-video-oss.oss-accelerate.aliyuncs.com/2023/05/26/4efbd5975cd243fc9746f403c43e1f5220221008201206_2d0a3.jpg\",\"https://cc-video-oss.oss-accelerate.aliyuncs.com/2023/05/26/9b51eb3d6fa84f16bf1b9f2db9adf79520221008201206_d3b6f.jpg\"]', '3', null, null, '0', '0', '0', '0', '111111', '2023-05-26 09:58:43', null, '2023-05-26 09:58:43');
INSERT INTO `t_img_details` VALUES ('1661914828131590146', '海贼王壁纸', 'https://cc-video-oss.oss-accelerate.aliyuncs.com/2023/05/26/cb80ea52144740bd94e7512ca481784720221008201206_da248.jpg', '1601126546037874693', '1594985167723864414', '1594985167723864066', '[\"https://cc-video-oss.oss-accelerate.aliyuncs.com/2023/05/26/cb80ea52144740bd94e7512ca481784720221008201206_da248.jpg\",\"https://cc-video-oss.oss-accelerate.aliyuncs.com/2023/05/26/0630d3ef63ab4d49a25f057738e0ae3e20221008201206_23f9d.jpg\",\"https://cc-video-oss.oss-accelerate.aliyuncs.com/2023/05/26/15d182ccb4654d37b0161f32aceecdf120221008201206_06688.jpg\",\"https://cc-video-oss.oss-accelerate.aliyuncs.com/2023/05/26/122eca6832e9467d9de982afb33a94db20221008201206_188bb.jpg\"]', '4', null, null, '0', '0', '0', '0', '111111', '2023-05-26 09:59:07', null, '2023-05-26 09:59:07');
INSERT INTO `t_img_details` VALUES ('1661914929839267842', '海贼王头像', 'https://cc-video-oss.oss-accelerate.aliyuncs.com/2023/05/26/0d9683b5357c4f79bb3a8f876a9635cd20221008201206_33d21.jpg', '1601126546037874693', '1594985167723864414', '1594985167723864066', '[\"https://cc-video-oss.oss-accelerate.aliyuncs.com/2023/05/26/0d9683b5357c4f79bb3a8f876a9635cd20221008201206_33d21.jpg\",\"https://cc-video-oss.oss-accelerate.aliyuncs.com/2023/05/26/2d5e751325b54652bf8119eafeeb330820221008201206_39a26.jpg\"]', '2', null, null, '1', '0', '0', '0', '111111', '2023-05-26 09:59:31', null, '2023-05-26 09:59:31');
INSERT INTO `t_img_details` VALUES ('1661915248556040194', '哆啦A梦壁纸头像', 'https://cc-video-oss.oss-accelerate.aliyuncs.com/2023/05/26/a7bd3f2c33624d9b90f8ac367abba9f320230410003016_b8c54.jpeg', '1601126546037874693', '1594985167723864218', '1594985167723864062', '[\"https://cc-video-oss.oss-accelerate.aliyuncs.com/2023/05/26/a7bd3f2c33624d9b90f8ac367abba9f320230410003016_b8c54.jpeg\",\"https://cc-video-oss.oss-accelerate.aliyuncs.com/2023/05/26/9f727928d88e47c1998075f2bdf0eafe20230410003015_ff41d.jpeg\",\"https://cc-video-oss.oss-accelerate.aliyuncs.com/2023/05/26/1c9f2a4333b64a3eac572f118b235ec420230410003015_68669.jpeg\"]', '3', null, null, '1', '0', '0', '0', '111111', '2023-05-26 10:00:47', null, '2023-05-26 10:00:47');
INSERT INTO `t_img_details` VALUES ('1661915348661493761', '哆啦A梦壁纸分享', 'https://cc-video-oss.oss-accelerate.aliyuncs.com/2023/05/26/a414f0e049234fe3a9834c38ebdd898a20230410003015_584db.jpeg', '1601126546037874693', '1594985167723864111', '1594985167723864061', '[\"https://cc-video-oss.oss-accelerate.aliyuncs.com/2023/05/26/a414f0e049234fe3a9834c38ebdd898a20230410003015_584db.jpeg\",\"https://cc-video-oss.oss-accelerate.aliyuncs.com/2023/05/26/33a762739b524cd3b5f0e1f1b3c634c620230410003014_f11b7.jpeg\",\"https://cc-video-oss.oss-accelerate.aliyuncs.com/2023/05/26/e62f50cceec145d68eee95d2869127df20230410003014_4ad53.jpeg\",\"https://cc-video-oss.oss-accelerate.aliyuncs.com/2023/05/26/b6b46173e82540398b0fff1fa55c20db20230410003013_6ab2d.jpeg\"]', '4', null, null, '1', '0', '0', '0', '111111', '2023-05-26 10:01:11', null, '2023-05-26 10:01:11');
INSERT INTO `t_img_details` VALUES ('1661915456429940738', '壁纸，哆啦A梦', 'https://cc-video-oss.oss-accelerate.aliyuncs.com/2023/05/26/bc730022321a4a12b134e17e9646f1fb20220618005858_5414c.jpeg', '1601126546037874693', '1594985167723864218', '1594985167723864062', '[\"https://cc-video-oss.oss-accelerate.aliyuncs.com/2023/05/26/bc730022321a4a12b134e17e9646f1fb20220618005858_5414c.jpeg\",\"https://cc-video-oss.oss-accelerate.aliyuncs.com/2023/05/26/57293a25d03c472a8ab126deebec6b1320220618005858_49fbd.jpeg\",\"https://cc-video-oss.oss-accelerate.aliyuncs.com/2023/05/26/b2e009384aa2428693cdc30c0ba359c020220618005857_f4ff7.jpeg\"]', '3', null, null, '2', '0', '0', '0', '111111', '2023-05-26 10:01:36', null, '2023-05-26 10:01:36');
INSERT INTO `t_img_details` VALUES ('1661915545319825409', '哆啦A梦壁纸头像', 'https://cc-video-oss.oss-accelerate.aliyuncs.com/2023/05/26/bb47f1d72a9b4f4596b6875b1f01f13320220618005857_9eff0.jpeg', '1601126546037874693', '1594985167723864218', '1594985167723864062', '[\"https://cc-video-oss.oss-accelerate.aliyuncs.com/2023/05/26/bb47f1d72a9b4f4596b6875b1f01f13320220618005857_9eff0.jpeg\",\"https://cc-video-oss.oss-accelerate.aliyuncs.com/2023/05/26/692bbab2cb7144d8bcff5bb00702f4b120220618005855_c87c1.jpeg\",\"https://cc-video-oss.oss-accelerate.aliyuncs.com/2023/05/26/96119b10a7cd472ea583c687281787dc20220618005854_6726e.jpeg\",\"https://cc-video-oss.oss-accelerate.aliyuncs.com/2023/05/26/da9b75a6624543a6834b35063254ad0120220618005856_82d72.jpeg\"]', '4', null, null, '2', '0', '0', '0', '111111', '2023-05-26 10:01:58', null, '2023-05-26 10:01:58');
INSERT INTO `t_img_details` VALUES ('1661915917669163010', '风景壁纸头像', 'https://cc-video-oss.oss-accelerate.aliyuncs.com/2023/05/26/155f987849c34b1c99047374a5ca6a01gVSLNJJ0TQwddb0.jpg', '1656857358946361346', '1594985167723864510', '1594985167723864064', '[\"https://cc-video-oss.oss-accelerate.aliyuncs.com/2023/05/26/155f987849c34b1c99047374a5ca6a01gVSLNJJ0TQwddb0.jpg\",\"https://cc-video-oss.oss-accelerate.aliyuncs.com/2023/05/26/49e70709b64a4d50bc050a2e54d439493BSD1QQoCzLEEeD.jpg\",\"https://cc-video-oss.oss-accelerate.aliyuncs.com/2023/05/26/1af2f0f068eb454eabb4164120f6abf32YSzqGG4f6E44Me.jpg\"]', '3', null, null, '2', '0', '0', '0', '111111', '2023-05-26 10:03:26', null, '2023-05-26 10:03:26');
INSERT INTO `t_img_details` VALUES ('1661916063266037761', '风景壁纸头像', 'https://cc-video-oss.oss-accelerate.aliyuncs.com/2023/05/26/825848493dc0467da50bee6007734a8dGgSbN770SdZ55jn.jpg', '1656857358946361346', '1594985167723864114', '1594985167723864061', '[\"https://cc-video-oss.oss-accelerate.aliyuncs.com/2023/05/26/825848493dc0467da50bee6007734a8dGgSbN770SdZ55jn.jpg\",\"https://cc-video-oss.oss-accelerate.aliyuncs.com/2023/05/26/acbb1a363a5341f0b9340d6cb88fc2d04ESbXDD1Sog11Pd.jpg\",\"https://cc-video-oss.oss-accelerate.aliyuncs.com/2023/05/26/b360bc96b3994cac8c41880dbda678246zS4oXXwiqBwwed.jpg\"]', '3', null, null, '2', '1', '0', '1', '111111', '2023-05-26 10:04:01', null, '2023-05-26 10:04:01');
INSERT INTO `t_img_details` VALUES ('1661916200314920962', '风景壁纸头像', 'https://cc-video-oss.oss-accelerate.aliyuncs.com/2023/05/26/3833fac9ce0d42c787f71576a22bf49573S23XX8Tew884p.jpg', '1656857358946361346', '1594985167723864510', '1594985167723864064', '[\"https://cc-video-oss.oss-accelerate.aliyuncs.com/2023/05/26/3833fac9ce0d42c787f71576a22bf49573S23XX8Tew884p.jpg\",\"https://cc-video-oss.oss-accelerate.aliyuncs.com/2023/05/26/1be80d0b1b4e44d8a1a8b1709ccb3436pGSm4WWdTBWggLz.jpg\",\"https://cc-video-oss.oss-accelerate.aliyuncs.com/2023/05/26/176f8d9f11da400088953be54a31750cvDS9PWWGfdPmmVq.jpg\"]', '3', null, null, '3', '2', '1', '0', '111111', '2023-05-26 10:04:34', null, '2023-05-26 10:04:34');
INSERT INTO `t_img_details` VALUES ('1661916418548752385', '蓝色壁纸', 'https://cc-video-oss.oss-accelerate.aliyuncs.com/2023/05/26/914a099625b34d51ab5c628af87476f50GSVgoJ5F0op2eN.jpg', '1656857358946361346', '1594985167723864510', '1594985167723864064', '[\"https://cc-video-oss.oss-accelerate.aliyuncs.com/2023/05/26/914a099625b34d51ab5c628af87476f50GSVgoJ5F0op2eN.jpg\",\"https://cc-video-oss.oss-accelerate.aliyuncs.com/2023/05/26/d90943bf7aa349fb90e2f3557998a85cJOSb4pP7TWmBLaW.jpg\",\"https://cc-video-oss.oss-accelerate.aliyuncs.com/2023/05/26/0b0d6470e883465fab7dea6f74735e62vDSZG4LdIdPg3N3.jpg\"]', '3', null, null, '2', '2', '1', '0', '111111', '2023-05-26 10:05:26', null, '2023-05-26 10:05:26');
INSERT INTO `t_img_details` VALUES ('1661916556801400834', '风景壁纸，可用作背景图', 'https://cc-video-oss.oss-accelerate.aliyuncs.com/2023/05/26/f268f84cccef4e6f876b1662aadb5758YxSPAm8ycqOE9wZ.jpg', '1656857358946361346', '1594985167723864510', '1594985167723864064', '[\"https://cc-video-oss.oss-accelerate.aliyuncs.com/2023/05/26/f268f84cccef4e6f876b1662aadb5758YxSPAm8ycqOE9wZ.jpg\",\"https://cc-video-oss.oss-accelerate.aliyuncs.com/2023/05/26/ac777344ff04466ea7e41168de1f8e8aN5SeyGL4uPV8zZQ.jpg\",\"https://cc-video-oss.oss-accelerate.aliyuncs.com/2023/05/26/7c711f0c9476417b963712313113b86eWXSqvMaEUQl2njx.jpg\"]', '3', null, null, '1', '0', '0', '0', '111111', '2023-05-26 10:05:59', null, '2023-05-26 10:05:59');
INSERT INTO `t_img_details` VALUES ('1661916675365986306', '海边壁纸，风景头像，背景图', 'https://cc-video-oss.oss-accelerate.aliyuncs.com/2023/05/26/368fa466b76c4bcd9e593d9c55b91598EWSMd6ONUV58L2P.jpg', '1656857358946361346', '1594985167723864114', '1594985167723864061', '[\"https://cc-video-oss.oss-accelerate.aliyuncs.com/2023/05/26/368fa466b76c4bcd9e593d9c55b91598EWSMd6ONUV58L2P.jpg\",\"https://cc-video-oss.oss-accelerate.aliyuncs.com/2023/05/26/b4ad7c2e56b94dceb061d610ff97501fV2S90qQZFmB4e9Z.jpg\",\"https://cc-video-oss.oss-accelerate.aliyuncs.com/2023/05/26/e992f4a33172417eb0d316eddaa8ac8eB8SqG27JUlOev0j.jpg\"]', '3', null, null, '1', '1', '0', '2', '111111', '2023-05-26 10:06:27', null, '2023-05-26 10:06:27');
INSERT INTO `t_img_details` VALUES ('1661917128573116417', '少女心，卡通', 'https://cc-video-oss.oss-accelerate.aliyuncs.com/2023/05/26/b224359f47f6483c8177253500e21380B8SqG27JUlOeqlD.jpg', '1659168639711813634', '1594985167723864112', '1594985167723864061', '[\"https://cc-video-oss.oss-accelerate.aliyuncs.com/2023/05/26/b224359f47f6483c8177253500e21380B8SqG27JUlOeqlD.jpg\",\"https://cc-video-oss.oss-accelerate.aliyuncs.com/2023/05/26/b5b03ce6484d42018484524a07df23fcV2S90qQZFmB4Emj.jpg\",\"https://cc-video-oss.oss-accelerate.aliyuncs.com/2023/05/26/1169b35f82d642929dfadad6716c4b55WXSqvMaEUQl28Q9.jpg\"]', '3', null, null, '1', '0', '1', '0', '111111', '2023-05-26 10:08:15', null, '2023-05-26 10:08:15');
INSERT INTO `t_img_details` VALUES ('1661917245288013825', '少女心壁纸', 'https://cc-video-oss.oss-accelerate.aliyuncs.com/2023/05/26/0139dbb17e7b4ca2b4cfffd58d545ea5N5SeyGL4uPV8XPN.jpg', '1659168639711813634', '1594985167723864513', '1594985167723864064', '[\"https://cc-video-oss.oss-accelerate.aliyuncs.com/2023/05/26/0139dbb17e7b4ca2b4cfffd58d545ea5N5SeyGL4uPV8XPN.jpg\",\"https://cc-video-oss.oss-accelerate.aliyuncs.com/2023/05/26/4ab8de018be44a5692f363540cd8baafxDS9Y5xvF2Gx52O.jpg\",\"https://cc-video-oss.oss-accelerate.aliyuncs.com/2023/05/26/e7f23457905046bfaa6dd2ddbd7cfb21YxSPAm8ycqOEZqQ.jpg\"]', '3', null, null, '6', '1', '2', '2', '111111', '2023-05-26 10:08:43', null, '2023-05-26 10:08:43');
INSERT INTO `t_img_details` VALUES ('1661917354386055170', '卡通少女心壁纸头像', 'https://cc-video-oss.oss-accelerate.aliyuncs.com/2023/05/26/4997ca1bd2dc4d4bb02f91b26213c0cdoVS4b7zdTgANMgn.jpg', '1659168639711813634', '1594985167723864118', '1594985167723864061', '[\"https://cc-video-oss.oss-accelerate.aliyuncs.com/2023/05/26/4997ca1bd2dc4d4bb02f91b26213c0cdoVS4b7zdTgANMgn.jpg\",\"https://cc-video-oss.oss-accelerate.aliyuncs.com/2023/05/26/1d53888e87444c93921a2a287ebdea84lGS2Y1XJcx0dpxE.jpg\",\"https://cc-video-oss.oss-accelerate.aliyuncs.com/2023/05/26/73e5917df23c4061b32b73e36a833386EWSMd6ONUV58AVO.jpg\"]', '3', null, null, '2', '0', '1', '0', '111111', '2023-05-26 10:09:09', null, '2023-05-26 10:09:09');
INSERT INTO `t_img_details` VALUES ('1661917744783482881', '小埋壁纸', 'https://cc-video-oss.oss-accelerate.aliyuncs.com/2023/05/26/041c21ee4b1b4e9bb0a8323f7e513cc820230317084404_606f1.jpg', '1659168639711813634', '1594985167723864412', '1594985167723864066', '[\"https://cc-video-oss.oss-accelerate.aliyuncs.com/2023/05/26/041c21ee4b1b4e9bb0a8323f7e513cc820230317084404_606f1.jpg\",\"https://cc-video-oss.oss-accelerate.aliyuncs.com/2023/05/26/dc11e8e8d58b4f38ae469364fca9684c20230317084404_9cc0f.jpg\",\"https://cc-video-oss.oss-accelerate.aliyuncs.com/2023/05/26/f4f4f7f4bade485ea302f5e002d2b40920230317084404_e3b18.jpg\",\"https://cc-video-oss.oss-accelerate.aliyuncs.com/2023/05/26/fb1d64ec2bcb40f4b1f9eec1e627198320230424140243_ba3c6.jpg\",\"https://cc-video-oss.oss-accelerate.aliyuncs.com/2023/05/26/68e21e4c44ec4fbf81d6ae77f66ec51920230424140243_c9fc4.jpg\",\"https://cc-video-oss.oss-accelerate.aliyuncs.com/2023/05/26/b4908a59537446029348fc266570e02c20230424140243_5b4e1.jpg\",\"https://cc-video-oss.oss-accelerate.aliyuncs.com/2023/05/26/04ecca4ec2014b2192b21c2f70dd339020230424140243_9bd2e.jpg\"]', '7', null, null, '2', '0', '0', '0', '111111', '2023-05-26 10:10:42', null, '2023-05-26 10:10:42');
INSERT INTO `t_img_details` VALUES ('1661917915319689218', '小埋壁纸', 'https://cc-video-oss.oss-accelerate.aliyuncs.com/2023/05/26/59221f880d7b4a94ba2f0b8260b834fc20230306155212_2086a.jpeg', '1659168639711813634', '1594985167723864412', '1594985167723864066', '[\"https://cc-video-oss.oss-accelerate.aliyuncs.com/2023/05/26/59221f880d7b4a94ba2f0b8260b834fc20230306155212_2086a.jpeg\",\"https://cc-video-oss.oss-accelerate.aliyuncs.com/2023/05/26/9a2ca79f9f19470f939a6a0f5d21816420230306155210_6edbc.jpeg\",\"https://cc-video-oss.oss-accelerate.aliyuncs.com/2023/05/26/3bf5225fb17d4ca2ad42ce1253f5824720230306155203_401d5.jpeg\",\"https://cc-video-oss.oss-accelerate.aliyuncs.com/2023/05/26/083126b1c0e94ff7890988a53718ca4520230306155206_db105.jpeg\",\"https://cc-video-oss.oss-accelerate.aliyuncs.com/2023/05/26/215aa0247eaa4908b5a209e43bd4a32e20230306155157_46f23.jpeg\"]', '5', null, null, '3', '0', '0', '0', '111111', '2023-05-26 10:11:23', null, '2023-05-26 10:11:23');
INSERT INTO `t_img_details` VALUES ('1661918036002398209', '小埋', 'https://cc-video-oss.oss-accelerate.aliyuncs.com/2023/05/26/5713cee4dc514605b79ba056eee0dad920230306155004_ee83e.jpeg', '1659168639711813634', '1594985167723864412', '1594985167723864066', '[\"https://cc-video-oss.oss-accelerate.aliyuncs.com/2023/05/26/5713cee4dc514605b79ba056eee0dad920230306155004_ee83e.jpeg\",\"https://cc-video-oss.oss-accelerate.aliyuncs.com/2023/05/26/b28892d63c2244ad91e2c6af1654480820230306155017_ac030.jpeg\",\"https://cc-video-oss.oss-accelerate.aliyuncs.com/2023/05/26/4974e74212684f43bb2f8613f9a1d11c20230306155156_b96d9.jpeg\",\"https://cc-video-oss.oss-accelerate.aliyuncs.com/2023/05/26/6ec9b75c4f804308960774a625d5839520230306155154_abfd8.jpeg\"]', '4', null, null, '1', '0', '0', '0', '111111', '2023-05-26 10:11:51', null, '2023-05-26 10:11:51');
INSERT INTO `t_img_details` VALUES ('1661918138225975297', '小埋头像', 'https://cc-video-oss.oss-accelerate.aliyuncs.com/2023/05/26/43244f1e6040430e9f074982d6f42fe720230306155159_38709.jpeg', '1659168639711813634', '1594985167723864412', '1594985167723864066', '[\"https://cc-video-oss.oss-accelerate.aliyuncs.com/2023/05/26/43244f1e6040430e9f074982d6f42fe720230306155159_38709.jpeg\",\"https://cc-video-oss.oss-accelerate.aliyuncs.com/2023/05/26/e6e607309e50419a9f80be5b06ed29a420230306155201_27cff.jpeg\"]', '2', null, null, '2', '0', '0', '0', '111111', '2023-05-26 10:12:16', null, '2023-05-26 10:12:16');
INSERT INTO `t_img_details` VALUES ('1661918562991529985', '情侣卡通头像', 'https://cc-video-oss.oss-accelerate.aliyuncs.com/2023/05/26/049f5c6e497d4316b755ce157465b9e220220725212717_00e6a.jpeg', '1648549224075079682', '1594985167723864511', '1594985167723864064', '[\"https://cc-video-oss.oss-accelerate.aliyuncs.com/2023/05/26/049f5c6e497d4316b755ce157465b9e220220725212717_00e6a.jpeg\",\"https://cc-video-oss.oss-accelerate.aliyuncs.com/2023/05/26/fcf39d96c73f4bf6a150dd048c75246a20220725212717_dd1ec.jpeg\",\"https://cc-video-oss.oss-accelerate.aliyuncs.com/2023/05/26/8dcb754a77a04b4db0f7d5cc974bffff20220725212717_eb127.jpg\",\"https://cc-video-oss.oss-accelerate.aliyuncs.com/2023/05/26/30c2b6c97dda43f0b457a6d9aa4969ee20220725212717_a8805.jpg\"]', '4', null, null, '4', '0', '1', '0', '111111', '2023-05-26 10:13:57', null, '2023-05-26 10:13:57');
INSERT INTO `t_img_details` VALUES ('1661918686266318850', '情侣头像', 'https://cc-video-oss.oss-accelerate.aliyuncs.com/2023/05/26/281770620f0c4d3aa9fe4aaa768e309120220725212717_7f9a0.jpg', '1648549224075079682', '1594985167723864116', '1594985167723864061', '[\"https://cc-video-oss.oss-accelerate.aliyuncs.com/2023/05/26/281770620f0c4d3aa9fe4aaa768e309120220725212717_7f9a0.jpg\",\"https://cc-video-oss.oss-accelerate.aliyuncs.com/2023/05/26/3ca07e4da55644fb8acd3b999aaa5cf920220725212717_35c69.jpg\",\"https://cc-video-oss.oss-accelerate.aliyuncs.com/2023/05/26/9b7a7b166f654a3cba833a8c30107f8120220725212717_2f808.jpg\",\"https://cc-video-oss.oss-accelerate.aliyuncs.com/2023/05/26/56c2a06650b441ed9689ea132ab3feb120220725212717_77bad.jpg\"]', '4', null, null, '1', '0', '0', '0', '111111', '2023-05-26 10:14:26', null, '2023-05-26 10:14:26');
INSERT INTO `t_img_details` VALUES ('1661919005385744385', '猫咪情头', 'https://cc-video-oss.oss-accelerate.aliyuncs.com/2023/05/26/4fb8993a23674ea6859350ecbc12a56020200719120712_wgarg.jpg', '1648549224075079682', '1594985167723864511', '1594985167723864064', '[\"https://cc-video-oss.oss-accelerate.aliyuncs.com/2023/05/26/4fb8993a23674ea6859350ecbc12a56020200719120712_wgarg.jpg\",\"https://cc-video-oss.oss-accelerate.aliyuncs.com/2023/05/26/4bb67ba7c4fc49e49bdbb1f4e63bc77d20200719120711_cqift.jpg\",\"https://cc-video-oss.oss-accelerate.aliyuncs.com/2023/05/26/26925c23e164404a914a24ae9b73a98e20200719120711_epqtz.jpg\",\"https://cc-video-oss.oss-accelerate.aliyuncs.com/2023/05/26/9caa0cb09cc844dd88ec22fe90dbab8420200719120711_jnkfu.jpg\"]', '4', null, null, '1', '0', '2', '0', '111111', '2023-05-26 10:15:43', null, '2023-05-26 10:15:43');
INSERT INTO `t_img_details` VALUES ('1661919123069526017', '猫咪情头', 'https://cc-video-oss.oss-accelerate.aliyuncs.com/2023/05/26/a5830353217340e897270ca3dfdc54bd20200719120709_ycbvc.jpg', '1648549224075079682', '1594985167723864511', '1594985167723864064', '[\"https://cc-video-oss.oss-accelerate.aliyuncs.com/2023/05/26/a5830353217340e897270ca3dfdc54bd20200719120709_ycbvc.jpg\",\"https://cc-video-oss.oss-accelerate.aliyuncs.com/2023/05/26/477bab4f9aad46ee8180422b251f5acf20200719120710_aysgs.jpg\",\"https://cc-video-oss.oss-accelerate.aliyuncs.com/2023/05/26/4327d1cdee8e455bb36aec630e1d221720200719120710_jykro.jpg\",\"https://cc-video-oss.oss-accelerate.aliyuncs.com/2023/05/26/eaa1bcf2464c4cf39e3ce46251d134b820200719120710_jxyvw.jpg\"]', '4', null, null, '4', '0', '0', '0', '111111', '2023-05-26 10:16:11', null, '2023-05-26 10:16:11');
INSERT INTO `t_img_details` VALUES ('1661964863007436802', '刘亦菲壁纸', 'https://cc-video-oss.oss-accelerate.aliyuncs.com/2023/05/26/8c0550dee02e441ebf9bdd58ef2b4ee220230129164258_9529e.jpg', '1601126546037874691', '1594985167723864217', '1594985167723864062', '[\"https://cc-video-oss.oss-accelerate.aliyuncs.com/2023/05/26/8c0550dee02e441ebf9bdd58ef2b4ee220230129164258_9529e.jpg\",\"https://cc-video-oss.oss-accelerate.aliyuncs.com/2023/05/26/89bafd31731b4c00af81a668b07c96c920230129164258_7a815.jpg\",\"https://cc-video-oss.oss-accelerate.aliyuncs.com/2023/05/26/fb22fb0e6010440c89bb50cf9dcafe7820230129164258_d93c9.jpg\",\"https://cc-video-oss.oss-accelerate.aliyuncs.com/2023/05/26/ef948aebbe2a4138b821385bbd2a75f920230129164258_931ae.jpg\",\"https://cc-video-oss.oss-accelerate.aliyuncs.com/2023/05/26/bd0597894547495d950b210d2a13c1b320230129164258_8c05e.jpg\",\"https://cc-video-oss.oss-accelerate.aliyuncs.com/2023/05/26/5988dd8c90784424be88b2d85632fc3220230129164258_1e422.jpg\"]', '6', null, null, '1', '0', '0', '0', '111111', '2023-05-26 13:17:56', null, '2023-05-26 13:17:56');
INSERT INTO `t_img_details` VALUES ('1661969895794749442', '风景壁纸，护眼', 'https://cc-video-oss.oss-accelerate.aliyuncs.com/2023/05/26/81036e7e56ad4b1a9f322693de473c4e20221011175540_60c86.jpeg', '1656857358946361346', '1594985167723864510', '1594985167723864064', '[\"https://cc-video-oss.oss-accelerate.aliyuncs.com/2023/05/26/81036e7e56ad4b1a9f322693de473c4e20221011175540_60c86.jpeg\",\"https://cc-video-oss.oss-accelerate.aliyuncs.com/2023/05/26/7239c792d2bc422b953d2f21a728137420221011175534_03356.jpeg\",\"https://cc-video-oss.oss-accelerate.aliyuncs.com/2023/05/26/f45f056219f24f93a5e18341e383181320221011175525_38cf5.jpeg\",\"https://cc-video-oss.oss-accelerate.aliyuncs.com/2023/05/26/624af6c39d7c40a88ccddb593d8400f120221011175523_03e1e.jpeg\"]', '4', null, null, '1', '0', '0', '0', '111111', '2023-05-26 13:37:56', null, '2023-05-26 13:37:56');
INSERT INTO `t_img_details` VALUES ('1661970381172191233', '头像', 'https://cc-video-oss.oss-accelerate.aliyuncs.com/2023/05/26/72711494722d47aabdce12306225257f20211017133040_197a4.jpeg', '1656857358946361346', '1594985167723864115', '1594985167723864061', '[\"https://cc-video-oss.oss-accelerate.aliyuncs.com/2023/05/26/72711494722d47aabdce12306225257f20211017133040_197a4.jpeg\",\"https://cc-video-oss.oss-accelerate.aliyuncs.com/2023/05/26/490a99fb6958457a9418fd71af40ff7220211017133039_1f6ff.jpeg\",\"https://cc-video-oss.oss-accelerate.aliyuncs.com/2023/05/26/90f4181294f442eeb6074523dc13693820211017133036_fb8f8.jpeg\",\"https://cc-video-oss.oss-accelerate.aliyuncs.com/2023/05/26/f71a1c3c458142a48f10967780bbb95720211017133037_2210b.jpeg\",\"https://cc-video-oss.oss-accelerate.aliyuncs.com/2023/05/26/9b84aa7de5dc479dacffa5302edd413220211017133038_81f73.jpeg\"]', '5', null, null, '2', '1', '0', '0', '111111', '2023-05-26 13:39:51', null, '2023-05-26 13:39:51');
INSERT INTO `t_img_details` VALUES ('1661974698612568065', '可爱', 'https://cc-video-oss.oss-accelerate.aliyuncs.com/2023/05/26/48dbc042925444658678cb1989abddbf20211005142917_9ea8c.png', '1656857358946361346', '1594985167723864217', '1594985167723864062', '[\"https://cc-video-oss.oss-accelerate.aliyuncs.com/2023/05/26/48dbc042925444658678cb1989abddbf20211005142917_9ea8c.png\",\"https://cc-video-oss.oss-accelerate.aliyuncs.com/2023/05/26/ea4496225b7445c38c90a4264c31472c20211005142916_e0b74.png\",\"https://cc-video-oss.oss-accelerate.aliyuncs.com/2023/05/26/510f3b696dc54d6f823507c29f8fae2220211005142914_678f7.png\",\"https://cc-video-oss.oss-accelerate.aliyuncs.com/2023/05/26/4ca645900c2349db96bade49cff752e820211005142913_533bb.png\"]', '4', null, null, '1', '1', '0', '0', '111111', '2023-05-26 13:57:01', null, '2023-05-26 13:57:01');
INSERT INTO `t_img_details` VALUES ('1661974836798107650', '风景壁纸分享', 'https://cc-video-oss.oss-accelerate.aliyuncs.com/2023/05/26/aac850e668564981acbd23ed78413e8b20211005142912_5e884.png', '1656857358946361346', '1594985167723864510', '1594985167723864064', '[\"https://cc-video-oss.oss-accelerate.aliyuncs.com/2023/05/26/aac850e668564981acbd23ed78413e8b20211005142912_5e884.png\",\"https://cc-video-oss.oss-accelerate.aliyuncs.com/2023/05/26/41c6c40006464b94a887261e6323fbb320211005142910_d6768.png\",\"https://cc-video-oss.oss-accelerate.aliyuncs.com/2023/05/26/c4950e58e1c64e92be294cda5f2e38bd20211005142911_4fd14.png\",\"https://cc-video-oss.oss-accelerate.aliyuncs.com/2023/05/26/8b51577767fd4e65a0d0bb15dd427da520211005142912_512d7.png\",\"https://cc-video-oss.oss-accelerate.aliyuncs.com/2023/05/26/695e408889e94689a1b2f106f8bf0bdc20211005142914_1df40.png\"]', '5', null, null, '1', '2', '0', '2', '111111', '2023-05-26 13:57:34', null, '2023-05-26 13:57:34');
INSERT INTO `t_img_details` VALUES ('1662082249492606977', '背景图', 'https://cc-video-oss.oss-accelerate.aliyuncs.com/2023/05/26/d043af745f05434280c93d79e8ca442120230429134521_66f8b.jpeg', '1656857358946361346', '1594985167723864510', '1594985167723864064', '[\"https://cc-video-oss.oss-accelerate.aliyuncs.com/2023/05/26/d043af745f05434280c93d79e8ca442120230429134521_66f8b.jpeg\",\"https://cc-video-oss.oss-accelerate.aliyuncs.com/2023/05/26/fe2745796e6b48c68691b077b33c310420230429134521_cba7c.jpeg\",\"https://cc-video-oss.oss-accelerate.aliyuncs.com/2023/05/26/fe69ffc7477b447f8d428d7970d403d820230429134520_f8373.jpeg\"]', '3', null, null, '1', '0', '0', '0', '111111', '2023-05-26 21:04:23', null, '2023-05-26 21:04:23');
INSERT INTO `t_img_details` VALUES ('1662082346058067969', '花', 'https://cc-video-oss.oss-accelerate.aliyuncs.com/2023/05/26/d03549f3025a447891dce297167c235420230429134519_0fdf5.jpeg', '1656857358946361346', '1661907545024700418', '1594985167723864064', '[\"https://cc-video-oss.oss-accelerate.aliyuncs.com/2023/05/26/d03549f3025a447891dce297167c235420230429134519_0fdf5.jpeg\",\"https://cc-video-oss.oss-accelerate.aliyuncs.com/2023/05/26/339165d69a4f42cf8b31d07367c07faf20230429134520_50145.jpeg\"]', '2', null, null, '1', '0', '0', '0', '111111', '2023-05-26 21:04:46', null, '2023-05-26 21:04:46');
INSERT INTO `t_img_details` VALUES ('1662097100684210178', '风景壁纸', 'https://cc-video-oss.oss-accelerate.aliyuncs.com/2023/05/26/e6327b7fa252494783b8f6ce71c331a020210315220556_1c9ac.jpeg', '1656857358946361346', '1594985167723864510', '1594985167723864064', '[\"https://cc-video-oss.oss-accelerate.aliyuncs.com/2023/05/26/e6327b7fa252494783b8f6ce71c331a020210315220556_1c9ac.jpeg\",\"https://cc-video-oss.oss-accelerate.aliyuncs.com/2023/05/26/77f5336e0af0432cb8f126989c2d0ece20210315220559_edc4e.jpeg\",\"https://cc-video-oss.oss-accelerate.aliyuncs.com/2023/05/26/d2f5bf299e5943da944d9ddef2631f0120210315220600_9ed9a.jpeg\"]', '3', null, null, '3', '0', '0', '0', '111111', '2023-05-26 22:03:24', null, '2023-05-26 22:03:24');
INSERT INTO `t_img_details` VALUES ('1662102761434329089', '猫猫壁纸', 'https://cc-video-oss.oss-accelerate.aliyuncs.com/2023/05/26/9cbe6c4a944047eca53b764718ea434820230305201015_9233d.jpg', '1656857358946361346', '1662102277982056450', '1594985167723864067', '[\"https://cc-video-oss.oss-accelerate.aliyuncs.com/2023/05/26/9cbe6c4a944047eca53b764718ea434820230305201015_9233d.jpg\",\"https://cc-video-oss.oss-accelerate.aliyuncs.com/2023/05/26/163ec753538248fbbbbb8b402c6ff62220230305201015_48e1c.jpg\",\"https://cc-video-oss.oss-accelerate.aliyuncs.com/2023/05/26/e2f501e0e3a348279b7176bca9f6398f20230305201015_8efc3.jpg\",\"https://cc-video-oss.oss-accelerate.aliyuncs.com/2023/05/26/539b5d8dd90842c6b8f3f4d24aa5297920230305201015_c7eb6.jpg\",\"https://cc-video-oss.oss-accelerate.aliyuncs.com/2023/05/26/d022c0e8a8d349b8965e277b208d4bf720230305201015_88a0b.jpg\",\"https://cc-video-oss.oss-accelerate.aliyuncs.com/2023/05/26/3a5585e9e8564ccf97179b7a3800c1f420230305201015_c8701.jpg\"]', '6', null, null, '1', '0', '0', '0', '111111', '2023-05-26 22:25:53', null, '2023-05-26 22:25:53');
INSERT INTO `t_img_details` VALUES ('1662102870943412225', '猫咪壁纸头像', 'https://cc-video-oss.oss-accelerate.aliyuncs.com/2023/05/26/c8abeeffa205422fb8444192b3b3172420230305201015_b0032.jpg', '1656857358946361346', '1662102277982056450', '1594985167723864067', '[\"https://cc-video-oss.oss-accelerate.aliyuncs.com/2023/05/26/c8abeeffa205422fb8444192b3b3172420230305201015_b0032.jpg\",\"https://cc-video-oss.oss-accelerate.aliyuncs.com/2023/05/26/3812be3971ad40b3bc4622c007dec89420230305201015_5b430.jpg\",\"https://cc-video-oss.oss-accelerate.aliyuncs.com/2023/05/26/fc08aad8c74e4b5bb7f3944f39a89d1420230305201015_404c7.jpg\"]', '3', null, null, '3', '0', '0', '0', '111111', '2023-05-26 22:26:19', null, '2023-05-26 22:26:19');
INSERT INTO `t_img_details` VALUES ('1662103096794099713', '猫咪壁纸', 'https://cc-video-oss.oss-accelerate.aliyuncs.com/2023/05/26/943222a4e67642ebab2b2946b2d740db20230305201015_b0032.jpg', '1656857358946361346', '1662102277982056450', '1594985167723864067', '[\"https://cc-video-oss.oss-accelerate.aliyuncs.com/2023/05/26/943222a4e67642ebab2b2946b2d740db20230305201015_b0032.jpg\",\"https://cc-video-oss.oss-accelerate.aliyuncs.com/2023/05/26/4b8fe4b4ff4e494ea99df84a28b23d7020230129234001_fb3db.png\",\"https://cc-video-oss.oss-accelerate.aliyuncs.com/2023/05/26/7be44620911a45839d86e690c7d9fcaa20230129234001_b5edc.png\"]', '3', null, null, '2', '0', '0', '0', '111111', '2023-05-26 22:27:13', null, '2023-05-26 22:27:13');
INSERT INTO `t_img_details` VALUES ('1662103184874483714', '猫猫', 'https://cc-video-oss.oss-accelerate.aliyuncs.com/2023/05/26/3bb0a208cd814a3ca5acacd94a5c73dd20230129234001_5f43f.png', '1656857358946361346', '1662102277982056450', '1594985167723864067', '[\"https://cc-video-oss.oss-accelerate.aliyuncs.com/2023/05/26/3bb0a208cd814a3ca5acacd94a5c73dd20230129234001_5f43f.png\",\"https://cc-video-oss.oss-accelerate.aliyuncs.com/2023/05/26/a75d68f67a1447bd91862d77f61daab020230129234001_fed31.png\",\"https://cc-video-oss.oss-accelerate.aliyuncs.com/2023/05/26/00528be102584eb8a9238d3b99ae7f5120230129234001_b3d11.png\"]', '3', null, null, '5', '0', '0', '0', '111111', '2023-05-26 22:27:34', null, '2023-05-26 22:27:34');
INSERT INTO `t_img_details` VALUES ('1662103591243821058', '柴犬', 'https://cc-video-oss.oss-accelerate.aliyuncs.com/2023/05/26/e2de728e151a4954a588f28b0646b37d20210916225513_b157f.jpeg', '1656857358946361346', '1662102099220819969', '1594985167723864067', '[\"https://cc-video-oss.oss-accelerate.aliyuncs.com/2023/05/26/e2de728e151a4954a588f28b0646b37d20210916225513_b157f.jpeg\",\"https://cc-video-oss.oss-accelerate.aliyuncs.com/2023/05/26/26623eb695d8404aba8e92eb70aefea520210916225510_939ba.jpeg\",\"https://cc-video-oss.oss-accelerate.aliyuncs.com/2023/05/26/033bbddf4a5d4dfa915e4f75b8dc020f20210916225511_9def2.jpeg\",\"https://cc-video-oss.oss-accelerate.aliyuncs.com/2023/05/26/439ddbf28ed34d659c35fea70f2e6a8920210916225512_c1d46.jpeg\"]', '4', null, null, '1', '0', '0', '0', '111111', '2023-05-26 22:29:11', null, '2023-05-26 22:29:11');
INSERT INTO `t_img_details` VALUES ('1662103908660359170', '猫咪表情包', 'https://cc-video-oss.oss-accelerate.aliyuncs.com/2023/05/26/37835ea1dae448bbaef14f5a14fbc07320230407144330_b6418.jpg', '1656857358946361346', '1594985167723864315', '1594985167723864063', '[\"https://cc-video-oss.oss-accelerate.aliyuncs.com/2023/05/26/37835ea1dae448bbaef14f5a14fbc07320230407144330_b6418.jpg\",\"https://cc-video-oss.oss-accelerate.aliyuncs.com/2023/05/26/471d11eed4ca4abbb5f3a59ae8f170a820230407144330_8d7eb.jpg\",\"https://cc-video-oss.oss-accelerate.aliyuncs.com/2023/05/26/b2c1d923b3de4857ae73a7795285d45620230407144330_3b2c7.jpg\",\"https://cc-video-oss.oss-accelerate.aliyuncs.com/2023/05/26/e7c01d01bb674da1b2fe6896f471521120230407144330_a742a.jpg\",\"https://cc-video-oss.oss-accelerate.aliyuncs.com/2023/05/26/5260760989a04f82b771504a565b46f120230407144330_ef76d.jpg\",\"https://cc-video-oss.oss-accelerate.aliyuncs.com/2023/05/26/297a20ddd5ab48c7a79e2898944410bc20230407144330_76412.jpg\"]', '6', null, null, '5', '0', '0', '0', '111111', '2023-05-26 22:30:27', null, '2023-05-26 22:30:27');
INSERT INTO `t_img_details` VALUES ('1662106847248461825', 'ins风格壁纸', 'https://cc-video-oss.oss-accelerate.aliyuncs.com/2023/05/26/60fa9a03f2c041df9db254a32b6a21e220230219021251_d2fff.jpg', '1599618448034959361', '1594985167723864210', '1594985167723864062', '[\"https://cc-video-oss.oss-accelerate.aliyuncs.com/2023/05/26/60fa9a03f2c041df9db254a32b6a21e220230219021251_d2fff.jpg\",\"https://cc-video-oss.oss-accelerate.aliyuncs.com/2023/05/26/ea2bb4f5c7c449ad851e0f2c8f21e76320230219021251_b1659.jpg\",\"https://cc-video-oss.oss-accelerate.aliyuncs.com/2023/05/26/bb487ccd03e24771b2be84a1657bdd2320230219021251_a15ad.jpg\",\"https://cc-video-oss.oss-accelerate.aliyuncs.com/2023/05/26/28eae4e16b624484ac92269a39aaf53820230219021251_132c3.jpg\"]', '4', null, null, '0', '0', '0', '0', '111111', '2023-05-26 22:42:07', null, '2023-05-26 22:42:07');
INSERT INTO `t_img_details` VALUES ('1662107038869434369', '女生头像，ins风格壁纸', 'https://cc-video-oss.oss-accelerate.aliyuncs.com/2023/05/26/7dca6e617a6f4811bf469210cfb928a320230219021251_f637d.jpg', '1599618448034959361', '1594985167723864210', '1594985167723864062', '[\"https://cc-video-oss.oss-accelerate.aliyuncs.com/2023/05/26/7dca6e617a6f4811bf469210cfb928a320230219021251_f637d.jpg\",\"https://cc-video-oss.oss-accelerate.aliyuncs.com/2023/05/26/a7b1b6a77d5f4e299680b26de15a5f8120230219021251_1aec4.jpg\",\"https://cc-video-oss.oss-accelerate.aliyuncs.com/2023/05/26/23a68637aac9462699aac5eb287ca28020230219021251_615d0.jpg\",\"https://cc-video-oss.oss-accelerate.aliyuncs.com/2023/05/26/d99394215ae74080b98768b3c282a24d20230219021251_2c499.jpg\",\"https://cc-video-oss.oss-accelerate.aliyuncs.com/2023/05/26/d55c5e825a244fd799b48ffa78d93d6d20230219021251_9ac0e.jpg\"]', '5', null, null, '3', '0', '0', '0', '111111', '2023-05-26 22:42:53', null, '2023-05-26 22:42:53');
INSERT INTO `t_img_details` VALUES ('1662116870049574913', '棕色壁纸', 'https://cc-video-oss.oss-accelerate.aliyuncs.com/2023/05/26/30794b4f77fe40ab9376fb8d5d43dedb20220309081556_c1da2.jpeg', '1601126546037874692', '1594985167723864512', '1594985167723864064', '[\"https://cc-video-oss.oss-accelerate.aliyuncs.com/2023/05/26/30794b4f77fe40ab9376fb8d5d43dedb20220309081556_c1da2.jpeg\",\"https://cc-video-oss.oss-accelerate.aliyuncs.com/2023/05/26/2775f37006c848cbab0e137a453150c920220309081557_d02e0.jpeg\",\"https://cc-video-oss.oss-accelerate.aliyuncs.com/2023/05/26/1748523b122e4d6da034156b02317b6520220309081559_47275.jpeg\",\"https://cc-video-oss.oss-accelerate.aliyuncs.com/2023/05/26/109bff58cd9049a38db69e16d7ace8e620220309081550_9de35.jpeg\",\"https://cc-video-oss.oss-accelerate.aliyuncs.com/2023/05/26/1bb084e7ef6541e58cbe65cac05d456320220309081553_74d9c.jpeg\",\"https://cc-video-oss.oss-accelerate.aliyuncs.com/2023/05/26/2fb0569fe10e46ba93caa6f543408ff520220309081554_592da.jpeg\",\"https://cc-video-oss.oss-accelerate.aliyuncs.com/2023/05/26/c768e3b4475f49e998d0cd925adf6ed520220309081545_12808.jpeg\",\"https://cc-video-oss.oss-accelerate.aliyuncs.com/2023/05/26/0c62be99ad25460188d18416d519751a20220309081547_ab219.jpeg\",\"https://cc-video-oss.oss-accelerate.aliyuncs.com/2023/05/26/1b362fe083ee4d78b0fca21eab505e4420220309081548_573ac.jpeg\"]', '9', null, null, '7', '1', '0', '2', '111111', '2023-05-26 23:21:57', null, '2023-05-26 23:21:57');
INSERT INTO `t_img_details` VALUES ('1662277059474206721', '女生头像', 'https://cc-video-oss.oss-accelerate.aliyuncs.com/2023/05/27/639ef9807526439fb6f75984b119947120230219021251_2c499.jpg', '1601126546037874692', '1594985167723864112', '1594985167723864061', '[\"https://cc-video-oss.oss-accelerate.aliyuncs.com/2023/05/27/639ef9807526439fb6f75984b119947120230219021251_2c499.jpg\"]', '1', null, null, '4', '1', '1', '3', '111111', '2023-05-27 09:58:29', null, '2023-05-27 09:58:29');

-- ----------------------------
-- Table structure for t_message
-- ----------------------------
DROP TABLE IF EXISTS `t_message`;
CREATE TABLE `t_message` (
  `id` bigint NOT NULL,
  `send_id` bigint DEFAULT NULL,
  `accept_id` bigint DEFAULT NULL,
  `content` longtext,
  `time` longtext,
  `creator` bigint DEFAULT NULL,
  `create_date` datetime DEFAULT NULL,
  PRIMARY KEY (`id`)
) ENGINE=InnoDB DEFAULT CHARSET=utf8mb4 COLLATE=utf8mb4_0900_ai_ci;

-- ----------------------------
-- Records of t_message
-- ----------------------------
INSERT INTO `t_message` VALUES ('1661982203946283010', '1656857358946361346', '1601126546037874692', '你好', '1685082410217', '111111', '2023-05-26 14:26:50');
INSERT INTO `t_message` VALUES ('1661982287798808577', '1601126546037874692', '1656857358946361346', 'nihao', '1685082430208', '111111', '2023-05-26 14:27:10');
INSERT INTO `t_message` VALUES ('1661982320929615874', '1656857358946361346', '1601126546037874692', 'OK', '1685082438111', '111111', '2023-05-26 14:27:18');
INSERT INTO `t_message` VALUES ('1661985457887326210', '1656857358946361346', '1601126546037874692', '哈哈哈', '1685083186016', '111111', '2023-05-26 14:39:46');
INSERT INTO `t_message` VALUES ('1661985490107969537', '1601126546037874692', '1656857358946361346', '干嘛', '1685083193702', '111111', '2023-05-26 14:39:54');
INSERT INTO `t_message` VALUES ('1661993743357390849', '1656857358946361346', '1601126546037874692', '没事', '1685085161424', '111111', '2023-05-26 15:12:41');

-- ----------------------------
-- Table structure for t_message_user_relation
-- ----------------------------
DROP TABLE IF EXISTS `t_message_user_relation`;
CREATE TABLE `t_message_user_relation` (
  `id` bigint NOT NULL,
  `send_id` bigint DEFAULT NULL,
  `accept_id` bigint DEFAULT NULL,
  `count` int DEFAULT '0',
  `content` longtext,
  `creator` bigint DEFAULT NULL,
  `create_date` datetime DEFAULT NULL,
  `update_date` datetime DEFAULT NULL,
  PRIMARY KEY (`id`)
) ENGINE=InnoDB DEFAULT CHARSET=utf8mb4 COLLATE=utf8mb4_0900_ai_ci;

-- ----------------------------
-- Records of t_message_user_relation
-- ----------------------------
INSERT INTO `t_message_user_relation` VALUES ('1661982204009197570', '1656857358946361346', '1601126546037874692', '0', '没事', '111111', '2023-05-26 14:26:50', '2023-05-26 15:12:41');
INSERT INTO `t_message_user_relation` VALUES ('1661982204009197571', '1601126546037874692', '1656857358946361346', '0', '没事', '111111', '2023-05-26 14:26:50', '2023-05-26 15:12:41');

-- ----------------------------
-- Table structure for t_search_record
-- ----------------------------
DROP TABLE IF EXISTS `t_search_record`;
CREATE TABLE `t_search_record` (
  `id` bigint NOT NULL,
  `uid` bigint DEFAULT NULL,
  `search_content` longtext,
  `creator` bigint DEFAULT NULL,
  `create_date` datetime DEFAULT NULL
) ENGINE=InnoDB DEFAULT CHARSET=utf8mb4 COLLATE=utf8mb4_0900_ai_ci;

-- ----------------------------
-- Records of t_search_record
-- ----------------------------
INSERT INTO `t_search_record` VALUES ('1661921241365012481', '1648549224075079682', '小埋;', '111111', '2023-05-26 10:24:36');
INSERT INTO `t_search_record` VALUES ('1661951751306969089', '1601126546037874693', '蜡笔;蜡笔小新;小埋;动漫;', '111111', '2023-05-26 12:25:50');
INSERT INTO `t_search_record` VALUES ('1661962308718243841', '1601126546037874691', '可爱;', '111111', '2023-05-26 13:07:47');

-- ----------------------------
-- Table structure for t_tag
-- ----------------------------
DROP TABLE IF EXISTS `t_tag`;
CREATE TABLE `t_tag` (
  `id` bigint NOT NULL,
  `name` varchar(50) DEFAULT NULL,
  `sort` int DEFAULT NULL,
  `creator` bigint DEFAULT NULL,
  `create_date` datetime DEFAULT NULL,
  `count` bigint DEFAULT NULL,
  PRIMARY KEY (`id`)
) ENGINE=InnoDB DEFAULT CHARSET=utf8mb4 COLLATE=utf8mb4_0900_ai_ci;

-- ----------------------------
-- Records of t_tag
-- ----------------------------
INSERT INTO `t_tag` VALUES ('1640610678118899713', '蜡笔小新', null, null, null, '32');
INSERT INTO `t_tag` VALUES ('1640610678131482626', '壁纸', null, null, null, '146');
INSERT INTO `t_tag` VALUES ('1640610678131482627', '头像', null, null, null, '90');
INSERT INTO `t_tag` VALUES ('1640610989915070465', '猫咪', null, null, null, '19');
INSERT INTO `t_tag` VALUES ('1640610989927653378', '可爱', null, null, null, '33');
INSERT INTO `t_tag` VALUES ('1640611886263001089', '麻衣', null, null, null, '1');
INSERT INTO `t_tag` VALUES ('1640612106157776898', '火影忍者', null, null, null, '1');
INSERT INTO `t_tag` VALUES ('1640612106157776899', '鸣人', null, null, null, '1');
INSERT INTO `t_tag` VALUES ('1640612431719653378', '夏目', null, null, null, '1');
INSERT INTO `t_tag` VALUES ('1640612431732236289', '动漫', null, null, null, '17');
INSERT INTO `t_tag` VALUES ('1640612907588608002', '名侦探柯南', null, null, null, '4');
INSERT INTO `t_tag` VALUES ('1640613484867444738', '情侣壁纸', null, null, null, '4');
INSERT INTO `t_tag` VALUES ('1640613663523823617', '小埋', null, null, null, '7');
INSERT INTO `t_tag` VALUES ('1640614593858199553', '风景', null, null, null, '30');
INSERT INTO `t_tag` VALUES ('1640614593858199554', '旅游', null, null, null, '8');
INSERT INTO `t_tag` VALUES ('1640615698080030721', '月亮', null, null, null, '1');
INSERT INTO `t_tag` VALUES ('1640616099688833026', '花花', null, null, null, '8');
INSERT INTO `t_tag` VALUES ('1640616679928848385', '搞怪', null, null, null, '1');
INSERT INTO `t_tag` VALUES ('1640616974096359425', '纯色壁纸', null, null, null, '1');
INSERT INTO `t_tag` VALUES ('1640617201314390017', '卡通', null, null, null, '13');
INSERT INTO `t_tag` VALUES ('1640617560812380161', '文字壁纸', null, null, null, '4');
INSERT INTO `t_tag` VALUES ('1640619375431868419', 'ins', null, null, null, '10');
INSERT INTO `t_tag` VALUES ('1648275025318940673', '背景图', null, '111111', '2023-04-18 18:39:24', '21');
INSERT INTO `t_tag` VALUES ('1648278212612493314', '文字', null, '111111', '2023-04-18 18:52:04', '2');
INSERT INTO `t_tag` VALUES ('1648328181285425155', '表情', null, '111111', '2023-04-18 22:10:38', '1');
INSERT INTO `t_tag` VALUES ('1648328866798276610', '表情包', null, '111111', '2023-04-18 22:13:21', '8');
INSERT INTO `t_tag` VALUES ('1648330455948759042', '哆啦A梦', null, '111111', '2023-04-18 22:19:40', '11');
INSERT INTO `t_tag` VALUES ('1660546134285570050', '猫猫表情包', null, '111111', '2023-05-22 15:20:25', '1');
INSERT INTO `t_tag` VALUES ('1661900800701292548', '女生头像', null, '111111', '2023-05-26 09:03:22', '12');
INSERT INTO `t_tag` VALUES ('1661901371487346690', '搞怪头像', null, '111111', '2023-05-26 09:05:38', '3');
INSERT INTO `t_tag` VALUES ('1661902048926162948', '男生头像', null, '111111', '2023-05-26 09:08:20', '4');
INSERT INTO `t_tag` VALUES ('1661902908792037380', '动漫头像', null, '111111', '2023-05-26 09:11:45', '2');
INSERT INTO `t_tag` VALUES ('1661904087651508227', '聊天壁纸', null, '111111', '2023-05-26 09:16:26', '1');
INSERT INTO `t_tag` VALUES ('1661905271288291331', '干饭表情包', null, '111111', '2023-05-26 09:21:08', '1');
INSERT INTO `t_tag` VALUES ('1661906045686833153', '情侣头像', null, '111111', '2023-05-26 09:24:13', '11');
INSERT INTO `t_tag` VALUES ('1661910074844307459', '宠物', null, '111111', '2023-05-26 09:40:13', '1');
INSERT INTO `t_tag` VALUES ('1661910195086614531', '宠物头像', null, '111111', '2023-05-26 09:40:42', '1');
INSERT INTO `t_tag` VALUES ('1661911353909895172', '康娜', null, '111111', '2023-05-26 09:45:18', '2');
INSERT INTO `t_tag` VALUES ('1661914591505735682', '海贼王', null, '111111', '2023-05-26 09:58:10', '4');
INSERT INTO `t_tag` VALUES ('1661917128640225282', '少女心', null, '111111', '2023-05-26 10:08:15', '2');
INSERT INTO `t_tag` VALUES ('1661919005385744387', '猫咪情头', null, '111111', '2023-05-26 10:15:43', '1');
INSERT INTO `t_tag` VALUES ('1661964863074545666', '刘亦菲', null, '111111', '2023-05-26 13:17:56', '1');
INSERT INTO `t_tag` VALUES ('1662103595559759874', '汪星人', null, '111111', '2023-05-26 22:29:12', '1');
INSERT INTO `t_tag` VALUES ('1662103595559759875', '柴犬', null, '111111', '2023-05-26 22:29:12', '1');

-- ----------------------------
-- Table structure for t_tag_img_relation
-- ----------------------------
DROP TABLE IF EXISTS `t_tag_img_relation`;
CREATE TABLE `t_tag_img_relation` (
  `id` bigint NOT NULL,
  `mid` bigint DEFAULT NULL,
  `tag_ids` varchar(255) DEFAULT NULL,
  PRIMARY KEY (`id`)
) ENGINE=InnoDB DEFAULT CHARSET=utf8mb4 COLLATE=utf8mb4_0900_ai_ci;

-- ----------------------------
-- Records of t_tag_img_relation
-- ----------------------------
INSERT INTO `t_tag_img_relation` VALUES ('1661900163955613698', '1661900163821395969', '1640610678131482627;');
INSERT INTO `t_tag_img_relation` VALUES ('1661900337675296772', '1661900337675296770', '1640610678131482627;');
INSERT INTO `t_tag_img_relation` VALUES ('1661900425759875075', '1661900425696960514', '1640610678131482627;');
INSERT INTO `t_tag_img_relation` VALUES ('1661900800701292549', '1661900800701292546', '1640610678131482627;1661900800701292548;');
INSERT INTO `t_tag_img_relation` VALUES ('1661900918020169729', '1661900917953060866', '1640610678131482627;1661900800701292548;');
INSERT INTO `t_tag_img_relation` VALUES ('1661901371487346691', '1661901371424432130', '1640610678131482627;1661901371487346690;');
INSERT INTO `t_tag_img_relation` VALUES ('1661901481420054531', '1661901481420054529', '1640610678131482627;1661901371487346690;');
INSERT INTO `t_tag_img_relation` VALUES ('1661901574604906500', '1661901574604906498', '1640610678131482627;1661901371487346690;');
INSERT INTO `t_tag_img_relation` VALUES ('1661902048926162949', '1661902048926162946', '1640610678131482627;1661902048926162948;');
INSERT INTO `t_tag_img_relation` VALUES ('1661902167738212356', '1661902167738212354', '1640610678131482627;1661902048926162948;');
INSERT INTO `t_tag_img_relation` VALUES ('1661902410017988609', '1661902409950879745', '1640610678131482627;1661902048926162948;');
INSERT INTO `t_tag_img_relation` VALUES ('1661902908792037381', '1661902908792037378', '1640610678131482627;1661902908792037380;');
INSERT INTO `t_tag_img_relation` VALUES ('1661903098047422468', '1661903098047422466', '1640610678131482627;1661900800701292548;1661902908792037380;');
INSERT INTO `t_tag_img_relation` VALUES ('1661903191676870658', '1661903191613956097', '1661900800701292548;1640610678131482627;');
INSERT INTO `t_tag_img_relation` VALUES ('1661903359180595204', '1661903359180595202', '1640610678131482627;1640610989927653378;1661902048926162948;1661900800701292548;');
INSERT INTO `t_tag_img_relation` VALUES ('1661903479901052929', '1661903479838138369', '1640610678131482627;1661900800701292548;');
INSERT INTO `t_tag_img_relation` VALUES ('1661903560175837186', '1661903560108728321', '1640610678131482627;1661900800701292548;');
INSERT INTO `t_tag_img_relation` VALUES ('1661904087651508228', '1661904087651508225', '1640610678131482626;1661904087651508227;');
INSERT INTO `t_tag_img_relation` VALUES ('1661904231532912641', '1661904231469998081', '1640610678131482626;1640610989927653378;');
INSERT INTO `t_tag_img_relation` VALUES ('1661904352161095683', '1661904352161095681', '1640610678131482626;1640610989927653378;');
INSERT INTO `t_tag_img_relation` VALUES ('1661904480242556931', '1661904480242556929', '1640610678131482626;');
INSERT INTO `t_tag_img_relation` VALUES ('1661904998574645251', '1661904998574645249', '1648328866798276610;1640610989915070465;');
INSERT INTO `t_tag_img_relation` VALUES ('1661905162219610116', '1661905162219610114', '1648328866798276610;1640610989915070465;1640610989927653378;');
INSERT INTO `t_tag_img_relation` VALUES ('1661905271288291332', '1661905271288291329', '1648328866798276610;1661905271288291331;');
INSERT INTO `t_tag_img_relation` VALUES ('1661906045686833154', '1661906045623918594', '1640610678131482627;1661906045686833153;');
INSERT INTO `t_tag_img_relation` VALUES ('1661906180575649796', '1661906180575649794', '1640610678131482627;1661906045686833153;');
INSERT INTO `t_tag_img_relation` VALUES ('1661906321244217346', '1661906321177108482', '1640610678131482627;1661906045686833153;');
INSERT INTO `t_tag_img_relation` VALUES ('1661906431827042306', '1661906431759933442', '1640610678131482627;1661906045686833153;');
INSERT INTO `t_tag_img_relation` VALUES ('1661906562920013827', '1661906562852904961', '1640610678131482627;1661906045686833153;');
INSERT INTO `t_tag_img_relation` VALUES ('1661906690024202242', '1661906689961287682', '1640610678131482627;1640610989915070465;1661906045686833153;1640613484867444738;');
INSERT INTO `t_tag_img_relation` VALUES ('1661908107787034625', '1661908107719925762', '1640616099688833026;1640610678131482626;');
INSERT INTO `t_tag_img_relation` VALUES ('1661908249869082628', '1661908249869082626', '1640610678131482626;1640616099688833026;');
INSERT INTO `t_tag_img_relation` VALUES ('1661908453166997508', '1661908453166997506', '1640610678131482626;1640610678131482627;1640616099688833026;');
INSERT INTO `t_tag_img_relation` VALUES ('1661908570779475970', '1661908570716561410', '1640610678131482627;1640610678131482626;1640616099688833026;');
INSERT INTO `t_tag_img_relation` VALUES ('1661908807828955140', '1661908807828955138', '1640610678131482626;1640619375431868419;');
INSERT INTO `t_tag_img_relation` VALUES ('1661908916910219265', '1661908916843110401', '1640610678131482626;1640619375431868419;');
INSERT INTO `t_tag_img_relation` VALUES ('1661909031179837442', '1661909031116922882', '1640610678131482626;1640619375431868419;');
INSERT INTO `t_tag_img_relation` VALUES ('1661909357517660163', '1661909357517660161', '1640610678131482627;1640610678131482626;1640617201314390017;');
INSERT INTO `t_tag_img_relation` VALUES ('1661909656949022721', '1661909656877719553', '1640610678118899713;1640610678131482627;1640610678131482626;');
INSERT INTO `t_tag_img_relation` VALUES ('1661909757037699073', '1661909756970590209', '1640610678131482626;1640610678118899713;1640610678131482627;1640617201314390017;');
INSERT INTO `t_tag_img_relation` VALUES ('1661910074844307460', '1661910074844307457', '1640610678131482627;1640610989915070465;1661910074844307459;');
INSERT INTO `t_tag_img_relation` VALUES ('1661910195086614532', '1661910195086614529', '1640610989915070465;1640610678131482627;1661910195086614531;');
INSERT INTO `t_tag_img_relation` VALUES ('1661910395276550147', '1661910395276550145', '1640610678131482627;1640617201314390017;1640610989927653378;');
INSERT INTO `t_tag_img_relation` VALUES ('1661910503095328769', '1661910503028219905', '1640610678131482626;1640610678131482627;1640617201314390017;');
INSERT INTO `t_tag_img_relation` VALUES ('1661911071947808772', '1661911071947808770', '1640610678131482627;1640612431732236289;');
INSERT INTO `t_tag_img_relation` VALUES ('1661911211311947778', '1661911211244838913', '1640610678131482627;1640612431732236289;');
INSERT INTO `t_tag_img_relation` VALUES ('1661911353909895173', '1661911353909895170', '1640610678131482627;1661911353909895172;1640612431732236289;');
INSERT INTO `t_tag_img_relation` VALUES ('1661911478862405636', '1661911478862405634', '1640610678131482626;1661911353909895172;');
INSERT INTO `t_tag_img_relation` VALUES ('1661911588837056514', '1661911588769947649', '1640610678118899713;1640610678131482626;1640610678131482627;');
INSERT INTO `t_tag_img_relation` VALUES ('1661911683745767428', '1661911683745767426', '1640610678118899713;1640610678131482626;');
INSERT INTO `t_tag_img_relation` VALUES ('1661913014434848769', '1661913014367739906', '1640610678131482626;1640610678118899713;1640610678131482627;1640612431732236289;');
INSERT INTO `t_tag_img_relation` VALUES ('1661913537045127170', '1661913536982212610', '1640610678131482626;1640610678118899713;1640610678131482627;1640612431732236289;');
INSERT INTO `t_tag_img_relation` VALUES ('1661913633707057154', '1661913633644142593', '1640610678131482627;1640610678118899713;1640610678131482626;');
INSERT INTO `t_tag_img_relation` VALUES ('1661913897855934468', '1661913897855934466', '1640610678131482626;1640617201314390017;1640612907588608002;');
INSERT INTO `t_tag_img_relation` VALUES ('1661914122016317444', '1661914122016317442', '1640610678131482627;1640610678118899713;1661906045686833153;');
INSERT INTO `t_tag_img_relation` VALUES ('1661914255135137795', '1661914255135137793', '1640610678131482626;1640612907588608002;1640610678131482627;');
INSERT INTO `t_tag_img_relation` VALUES ('1661914591505735683', '1661914591438626817', '1640612431732236289;1640610678131482626;1661914591505735682;1640617201314390017;');
INSERT INTO `t_tag_img_relation` VALUES ('1661914728021942275', '1661914728021942273', '1661914591505735682;1640610678131482626;1640610678131482627;');
INSERT INTO `t_tag_img_relation` VALUES ('1661914828131590148', '1661914828131590146', '1661914591505735682;1640610678131482626;1640610678131482627;');
INSERT INTO `t_tag_img_relation` VALUES ('1661914929906376706', '1661914929839267842', '1640610678131482626;1661914591505735682;');
INSERT INTO `t_tag_img_relation` VALUES ('1661915248556040196', '1661915248556040194', '1640610678131482626;1648330455948759042;1640610678131482627;');
INSERT INTO `t_tag_img_relation` VALUES ('1661915348661493763', '1661915348661493761', '1640610678131482626;1640610678118899713;1640610678131482627;');
INSERT INTO `t_tag_img_relation` VALUES ('1661915456429940740', '1661915456429940738', '1640614593858199553;1640610678131482627;1648330455948759042;');
INSERT INTO `t_tag_img_relation` VALUES ('1661915545319825411', '1661915545319825409', '1640610678131482626;1640610678131482627;1648330455948759042;1640612431732236289;');
INSERT INTO `t_tag_img_relation` VALUES ('1661915917736271874', '1661915917669163010', '1640610678131482626;1640614593858199554;1640614593858199553;1640610678131482627;');
INSERT INTO `t_tag_img_relation` VALUES ('1661916063328952322', '1661916063266037761', '1640610678131482626;1640614593858199554;1640614593858199553;1640610678131482627;');
INSERT INTO `t_tag_img_relation` VALUES ('1661916200314920964', '1661916200314920962', '1640614593858199553;1640610678131482626;1640610678131482627;1648275025318940673;');
INSERT INTO `t_tag_img_relation` VALUES ('1661916418615861249', '1661916418548752385', '1640610678131482626;1640610678131482627;1640614593858199553;');
INSERT INTO `t_tag_img_relation` VALUES ('1661916556801400836', '1661916556801400834', '1640614593858199553;1640610678131482626;1640610678131482627;');
INSERT INTO `t_tag_img_relation` VALUES ('1661916675365986308', '1661916675365986306', '1640610678131482627;1640614593858199553;1648275025318940673;');
INSERT INTO `t_tag_img_relation` VALUES ('1661917128640225283', '1661917128573116417', '1640610678131482627;1640610989927653378;1640617201314390017;1661900800701292548;1661917128640225282;');
INSERT INTO `t_tag_img_relation` VALUES ('1661917245288013827', '1661917245288013825', '1661917128640225282;1640610678131482626;1640617201314390017;1661900800701292548;');
INSERT INTO `t_tag_img_relation` VALUES ('1661917354386055172', '1661917354386055170', '1661900800701292548;1640610678131482627;1640610678131482626;1640617201314390017;');
INSERT INTO `t_tag_img_relation` VALUES ('1661917744783482883', '1661917744783482881', '1640610678131482627;1640610678131482626;1640613663523823617;1640612431732236289;');
INSERT INTO `t_tag_img_relation` VALUES ('1661917915319689220', '1661917915319689218', '1640610678131482627;1640613663523823617;1640610678131482626;1648275025318940673;1640612431732236289;');
INSERT INTO `t_tag_img_relation` VALUES ('1661918036002398211', '1661918036002398209', '1640610678131482626;1640610678131482627;1640613663523823617;');
INSERT INTO `t_tag_img_relation` VALUES ('1661918138288889858', '1661918138225975297', '1640610678131482627;1640613663523823617;1640612431732236289;1640610989927653378;');
INSERT INTO `t_tag_img_relation` VALUES ('1661918563058638850', '1661918562991529985', '1640610678131482627;1661906045686833153;');
INSERT INTO `t_tag_img_relation` VALUES ('1661918686446673922', '1661918686266318850', '1661906045686833153;1640610678131482627;');
INSERT INTO `t_tag_img_relation` VALUES ('1661919005385744388', '1661919005385744385', '1640610678131482627;1661906045686833153;1661919005385744387;');
INSERT INTO `t_tag_img_relation` VALUES ('1661919123069526019', '1661919123069526017', '1661906045686833153;1640610678131482627;');
INSERT INTO `t_tag_img_relation` VALUES ('1661964863074545667', '1661964863007436802', '1640610678131482626;1661964863074545666;1640610678131482627;');
INSERT INTO `t_tag_img_relation` VALUES ('1661969895861858306', '1661969895794749442', '1640614593858199553;1640610678131482626;');
INSERT INTO `t_tag_img_relation` VALUES ('1661970381172191235', '1661970381172191233', '1640610678131482627;1640610989927653378;');
INSERT INTO `t_tag_img_relation` VALUES ('1661974698679676929', '1661974698612568065', '1640610989927653378;1640610678131482626;1640610678131482627;');
INSERT INTO `t_tag_img_relation` VALUES ('1661974836865216513', '1661974836798107650', '1640610678131482626;1640614593858199553;1640614593858199554;');
INSERT INTO `t_tag_img_relation` VALUES ('1662082249559715841', '1662082249492606977', '1640610678131482626;1640614593858199553;1648275025318940673;1640610678131482627;');
INSERT INTO `t_tag_img_relation` VALUES ('1662082346125176833', '1662082346058067969', '1640616099688833026;1640610678131482627;');
INSERT INTO `t_tag_img_relation` VALUES ('1662097100684210180', '1662097100684210178', '1640614593858199553;1640610678131482626;1648275025318940673;');
INSERT INTO `t_tag_img_relation` VALUES ('1662102761501437953', '1662102761434329089', '1640610678131482626;1640610989915070465;1648275025318940673;1640610989927653378;');
INSERT INTO `t_tag_img_relation` VALUES ('1662102871006326785', '1662102870943412225', '1640610989915070465;1640610678131482627;1640610678131482626;1640610989927653378;');
INSERT INTO `t_tag_img_relation` VALUES ('1662103096794099715', '1662103096794099713', '1640610678131482627;1640610989927653378;1640610989915070465;');
INSERT INTO `t_tag_img_relation` VALUES ('1662103184941592577', '1662103184874483714', '1640610678131482626;1640610989927653378;1640610989915070465;');
INSERT INTO `t_tag_img_relation` VALUES ('1662103595559759876', '1662103591243821058', '1640610678131482626;1640610678131482627;1662103595559759874;1662103595559759875;');
INSERT INTO `t_tag_img_relation` VALUES ('1662103908660359172', '1662103908660359170', '1640610678131482626;1640610989927653378;1640610989915070465;1648328866798276610;');
INSERT INTO `t_tag_img_relation` VALUES ('1662106847315570689', '1662106847248461825', '1640619375431868419;1640610678131482626;1648275025318940673;');
INSERT INTO `t_tag_img_relation` VALUES ('1662107038869434371', '1662107038869434369', '1640610678131482626;1648275025318940673;1661900800701292548;1640610989927653378;1640619375431868419;');
INSERT INTO `t_tag_img_relation` VALUES ('1662116870049574915', '1662116870049574913', '1640610678131482626;1640610678131482627;1648275025318940673;');
INSERT INTO `t_tag_img_relation` VALUES ('1662277059474206723', '1662277059474206721', '1640610678131482627;1661900800701292548;');
INSERT INTO `t_tag_img_relation` VALUES ('1662291988746973188', '1662291988746973186', '1640610678131482626;');

-- ----------------------------
-- Table structure for t_user
-- ----------------------------
DROP TABLE IF EXISTS `t_user`;
CREATE TABLE `t_user` (
  `id` bigint NOT NULL,
  `user_id` bigint DEFAULT NULL,
  `username` varchar(50) NOT NULL,
  `password` varchar(100) CHARACTER SET utf8mb4 COLLATE utf8mb4_general_ci DEFAULT NULL,
  `avatar` varchar(225) CHARACTER SET utf8mb4 COLLATE utf8mb4_general_ci DEFAULT NULL,
  `gender` tinyint DEFAULT NULL,
  `phone` varchar(50) DEFAULT NULL,
  `email` varchar(100) DEFAULT NULL,
  `description` longtext,
  `status` tinyint DEFAULT NULL,
  `cover` varchar(225) CHARACTER SET utf8mb4 COLLATE utf8mb4_general_ci DEFAULT NULL,
  `birthday` varchar(50) DEFAULT NULL,
  `address` varchar(50) CHARACTER SET utf8mb4 COLLATE utf8mb4_general_ci DEFAULT NULL,
  `creator` bigint DEFAULT NULL,
  `create_date` datetime DEFAULT NULL,
  `updater` bigint DEFAULT NULL,
  `update_date` datetime DEFAULT NULL,
  PRIMARY KEY (`id`)
) ENGINE=InnoDB DEFAULT CHARSET=utf8mb4 COLLATE=utf8mb4_0900_ai_ci;

-- ----------------------------
-- Records of t_user
-- ----------------------------
INSERT INTO `t_user` VALUES ('1599618448034959361', '8034959361', 'xiaozhao', 'e10adc3949ba59abbe56e057f20f883e', 'https://cc-video-oss.oss-accelerate.aliyuncs.com/2023/03/29/f2be12b42f76495e9e21e2e0b2819f6dduitang_1679575859681.png', '1', '', '', '这是小赵的空间\n\n', null, 'https://cc-video-oss.oss-accelerate.aliyuncs.com/2023/03/29/140c37d70e544453843f23b59e170ab8duitang_1678928145596.png', null, null, null, '2023-03-24 14:47:58', null, '2023-04-12 21:14:21');
INSERT INTO `t_user` VALUES ('1601126546037874690', '6037874690', 'qwer', 'e10adc3949ba59abbe56e057f20f883e', 'https://cc-video-oss.oss-accelerate.aliyuncs.com/2023/04/10/b98f847362c447cf9c8a0d911dc6fe4e20220615164101_d77a8.jpeg', '1', '', '', 'nihao3213', null, 'https://cc-video-oss.oss-accelerate.aliyuncs.com/2023/05/27/f16d2f8ba4c14283b22cfe5faaf210d020210315220600_9ed9a.jpeg', '2022-04-14', '天津市 天津市 和平区', null, '2023-03-24 14:48:56', null, '2023-05-27 11:39:15');
INSERT INTO `t_user` VALUES ('1601126546037874691', '6037874691', 'xzjsccz', 'e10adc3949ba59abbe56e057f20f883e', 'https://img2.baidu.com/it/u=4061455589,2774244664&fm=253&fmt=auto&app=138&f=JPEG?w=501&h=500', '0', null, null, null, null, 'https://img0.baidu.com/it/u=4114912361,4128907800&fm=253&fmt=auto&app=138&f=JPEG?w=500&h=889', '2021-03-15', null, null, '2023-03-24 15:27:52', null, '2023-05-15 17:55:53');
INSERT INTO `t_user` VALUES ('1601126546037874692', '6037874692', 'ccz', 'e10adc3949ba59abbe56e057f20f883e', 'https://img2.baidu.com/it/u=1196632544,116923444&fm=253&fmt=auto&app=138&f=JPEG?w=500&h=500', '1', null, null, '这个人太懒了', null, 'https://img1.baidu.com/it/u=2785988489,2898142966&fm=253&fmt=auto&app=138&f=JPEG?w=500&h=500', '2023-05-21', '北京市 北京市 东城区', null, '2023-03-24 15:27:54', null, '2023-05-21 08:31:21');
INSERT INTO `t_user` VALUES ('1601126546037874693', '6037874693', 'qwer1234', 'e10adc3949ba59abbe56e057f20f883e', 'https://img1.baidu.com/it/u=572139434,3677211895&fm=253&fmt=auto&app=138&f=JPEG?w=500&h=500', '1', null, null, '一个简单的介绍\n', null, 'https://img0.baidu.com/it/u=3574495855,3620224580&fm=253&fmt=auto&app=138&f=JPEG?w=500&h=888', '2010-01-20', null, null, '2023-03-24 15:27:57', null, '2023-05-26 13:24:05');
INSERT INTO `t_user` VALUES ('1646790471022325762', '3391338551', 'tlie9mhn986', 'd41d8cd98f00b204e9800998ecf8427e', 'https://cc-video-oss.oss-accelerate.aliyuncs.com/2023/04/14/04a039b7bd8a4610bcb000279875fea1IMG_20230205_204418.jpg', null, '', null, null, null, 'https://cube.elemecdn.com/3/7c/3ea6beec64369c2642b92c6726f1epng.png', null, null, '111111', '2023-04-14 16:20:19', null, '2023-04-14 22:08:07');
INSERT INTO `t_user` VALUES ('1646901667952111618', '7304910623', '小张', 'd41d8cd98f00b204e9800998ecf8427e', 'https://cc-video-oss.oss-accelerate.aliyuncs.com/2023/04/15/deff81ded0f3461daa1b9d0e8f87741fmmexport1681487948316.jpg', null, '', null, null, null, 'https://cc-video-oss.oss-accelerate.aliyuncs.com/2023/04/15/c7df3d72b6ee4b8f957e2f537786603cmmexport1681487954754.jpg', null, null, '111111', '2023-04-14 23:42:10', null, '2023-04-15 00:00:49');
INSERT INTO `t_user` VALUES ('1648322260543000578', '2699963039', 'zhangsan', 'd41d8cd98f00b204e9800998ecf8427e', 'https://cc-video-oss.oss-accelerate.aliyuncs.com/2023/04/18/4a43685d969541e7a59674780f6ff341img-1681825464931c6025a40673fa685fe7206c4d81c5cacf0db7c790345f75ff13b521407e5fc46.jpg', null, '', null, null, null, 'https://cc-video-oss.oss-accelerate.aliyuncs.com/2023/04/18/1b650d8449a846de8b2ca3fc016ddfb1img-16818254060208bd7ff806f4b8635701fa60f677a072f5999a960bd7353c00cf8a421062e3cb5.jpg', null, null, '111111', '2023-04-18 21:47:06', null, '2023-04-18 21:48:39');
INSERT INTO `t_user` VALUES ('1648328475339706369', '2341592029', 'lisi\n', 'e10adc3949ba59abbe56e057f20f883e', 'https://cc-video-oss.oss-accelerate.aliyuncs.com/2023/04/18/1654d36a4be24cd3860ef9832241457dCamera_XHS_16818267165310302cu016j6uluskvm40113h31m70lmoea.jpg', null, '', null, null, null, 'https://cc-video-oss.oss-accelerate.aliyuncs.com/2023/04/18/0b70ac1adce24139a40f62bade9cd69aCamera_XHS_16818267122620302cu016j6uluskvm40113h31m4qn95sx.jpg', null, null, '111111', '2023-04-18 22:11:48', null, '2023-04-18 22:12:31');
INSERT INTO `t_user` VALUES ('1648522276099710977', '8695792313', 'wangwu', 'e6e407b1edb2cca3def82992c8ef32d9', 'https://cube.elemecdn.com/3/7c/3ea6beec64369c2642b92c6726f1epng.png', null, '', null, null, null, 'https://cube.elemecdn.com/3/7c/3ea6beec64369c2642b92c6726f1epng.png', null, null, '111111', '2023-04-19 11:01:53', null, '2023-04-19 11:29:39');
INSERT INTO `t_user` VALUES ('1648530741551517697', '5466976048', 'rpvp3rqce4i2', 'd41d8cd98f00b204e9800998ecf8427e', 'https://cube.elemecdn.com/3/7c/3ea6beec64369c2642b92c6726f1epng.png', null, null, '', null, null, 'https://cube.elemecdn.com/3/7c/3ea6beec64369c2642b92c6726f1epng.png', null, null, '111111', '2023-04-19 11:35:32', null, '2023-04-19 11:35:32');
INSERT INTO `t_user` VALUES ('1648531392654299138', '1110951246', '135bjfsuv1mb', 'd41d8cd98f00b204e9800998ecf8427e', 'https://cube.elemecdn.com/3/7c/3ea6beec64369c2642b92c6726f1epng.png', null, null, '', null, null, 'https://cube.elemecdn.com/3/7c/3ea6beec64369c2642b92c6726f1epng.png', null, null, '111111', '2023-04-19 11:38:07', null, '2023-04-19 11:38:07');
INSERT INTO `t_user` VALUES ('1648531562548776962', '230794664', 'aqyynd4skahz', '5d93ceb70e2bf5daa84ec3d0cd2c731a', 'https://cube.elemecdn.com/3/7c/3ea6beec64369c2642b92c6726f1epng.png', null, null, '', null, null, 'https://cube.elemecdn.com/3/7c/3ea6beec64369c2642b92c6726f1epng.png', null, null, '111111', '2023-04-19 11:38:47', null, '2023-04-19 11:39:23');
INSERT INTO `t_user` VALUES ('1648549224075079682', '6984304158', '用户10\n', 'd41d8cd98f00b204e9800998ecf8427e', 'https://cc-video-oss.oss-accelerate.aliyuncs.com/2023/05/22/07067cddbe53477687e927bb4226454c1679666482-origin-IMG_2004.PNG', null, null, '', '这是用户10的简介', null, 'https://cc-video-oss.oss-accelerate.aliyuncs.com/2023/05/22/2ae14a2139d547f48763f8b51b9e5d981679666482-origin-IMG_2005.PNG', '2023-05-22', '山西省 晋城市 阳城县', '111111', '2023-04-19 12:48:58', null, '2023-05-22 22:37:54');
INSERT INTO `t_user` VALUES ('1655460318647525378', '5410232140', 'ao4hvp668a2u', 'd41d8cd98f00b204e9800998ecf8427e', 'https://cube.elemecdn.com/3/7c/3ea6beec64369c2642b92c6726f1epng.png', null, '', null, null, null, 'https://cube.elemecdn.com/3/7c/3ea6beec64369c2642b92c6726f1epng.png', null, null, '111111', '2023-05-08 14:31:12', null, '2023-05-08 14:31:12');
INSERT INTO `t_user` VALUES ('1655460777328205825', '9460611015', 'y6gjot7x2302', 'd41d8cd98f00b204e9800998ecf8427e', 'https://cube.elemecdn.com/3/7c/3ea6beec64369c2642b92c6726f1epng.png', null, '', null, null, null, 'https://cube.elemecdn.com/3/7c/3ea6beec64369c2642b92c6726f1epng.png', null, null, null, null, null, null);
INSERT INTO `t_user` VALUES ('1655461431169900545', '5142129347', 'b6izspwm83kt', 'd41d8cd98f00b204e9800998ecf8427e', 'https://cube.elemecdn.com/3/7c/3ea6beec64369c2642b92c6726f1epng.png', null, '', null, null, null, 'https://cube.elemecdn.com/3/7c/3ea6beec64369c2642b92c6726f1epng.png', null, null, '111111', '2023-05-08 14:35:37', null, '2023-05-08 14:35:37');
INSERT INTO `t_user` VALUES ('1655464734628847618', '4765619345', 'nb07xix9e5dq', 'd41d8cd98f00b204e9800998ecf8427e', 'https://cube.elemecdn.com/3/7c/3ea6beec64369c2642b92c6726f1epng.png', null, '', null, null, null, 'https://cube.elemecdn.com/3/7c/3ea6beec64369c2642b92c6726f1epng.png', null, null, '111111', '2023-05-08 14:48:44', null, '2023-05-08 14:48:44');
INSERT INTO `t_user` VALUES ('1655466823459373057', '406465584', 'yajk26dcy3cd', 'd41d8cd98f00b204e9800998ecf8427e', 'https://cube.elemecdn.com/3/7c/3ea6beec64369c2642b92c6726f1epng.png', null, '', null, null, null, 'https://cube.elemecdn.com/3/7c/3ea6beec64369c2642b92c6726f1epng.png', null, null, '111111', '2023-05-08 14:57:02', null, '2023-05-08 14:57:02');
INSERT INTO `t_user` VALUES ('1655468001962328066', '1997744979', 'etg4epk3ponm', 'd41d8cd98f00b204e9800998ecf8427e', 'https://cube.elemecdn.com/3/7c/3ea6beec64369c2642b92c6726f1epng.png', null, '', null, null, null, 'https://cube.elemecdn.com/3/7c/3ea6beec64369c2642b92c6726f1epng.png', null, null, '111111', '2023-05-08 15:01:43', null, '2023-05-08 15:01:43');
INSERT INTO `t_user` VALUES ('1655473071978291202', '239629177', '166vt73ofiuz', 'd41d8cd98f00b204e9800998ecf8427e', 'https://cube.elemecdn.com/3/7c/3ea6beec64369c2642b92c6726f1epng.png', null, '', null, null, null, 'https://cube.elemecdn.com/3/7c/3ea6beec64369c2642b92c6726f1epng.png', null, null, '111111', '2023-05-08 15:21:52', null, '2023-05-08 15:21:52');
INSERT INTO `t_user` VALUES ('1655607266977312770', '8702591343', '4yisyxtm480a', 'c84ae13a4a1c637c658307ba8bdc5eb0', 'https://cube.elemecdn.com/3/7c/3ea6beec64369c2642b92c6726f1epng.png', null, '', null, null, null, 'https://cube.elemecdn.com/3/7c/3ea6beec64369c2642b92c6726f1epng.png', null, null, '111111', '2023-05-09 00:15:07', null, '2023-05-11 19:14:14');
INSERT INTO `t_user` VALUES ('1656857358946361346', '939762353', '用户11', 'e10adc3949ba59abbe56e057f20f883e', 'http://thirdqq.qlogo.cn/g?b=oidb&k=TzG3AT3xD8o2Bz3xOt3Thg&kti=ZF2sRgAAAAI&s=100&t=1660311044', '0', null, null, '这是用户11', null, 'https://cc-video-oss.oss-accelerate.aliyuncs.com/2023/05/12/3dc5d2eb13ea44beac7fc24069146c6eCamera_XHS_16820502481732bae3c3f-e549-3562-a944-4413935b6f4f.jpg', '2012-01-12', '山西省 太原市 小店区', '111111', '2023-05-12 11:02:32', null, '2023-05-23 11:19:09');
INSERT INTO `t_user` VALUES ('1656858656227811330', '8764727664', '8vjq23xxzy44', 'e10adc3949ba59abbe56e057f20f883e', 'https://thirdwx.qlogo.cn/mmopen/vi_32/iaSVwiaRoVIpUlv83WIicEo6HZibkoqCeWxxVY5fOXKzsh7TkVLP5JngLtXibyMsv59RMuBSZgCKurFEmXffctcib5cQ/132', null, null, null, null, null, 'https://cube.elemecdn.com/3/7c/3ea6beec64369c2642b92c6726f1epng.png', null, null, '111111', '2023-05-12 11:07:41', null, '2023-05-12 11:07:41');
INSERT INTO `t_user` VALUES ('1656859189458067457', '1420260187', 'lqpin4t259ex', 'e10adc3949ba59abbe56e057f20f883e', 'https://cc-video-oss.oss-accelerate.aliyuncs.com/2023/05/12/70c4a441809e4795927bb112bb5870d36d245b0b883906b2337b63255d1d6945_1682434736094.webp', null, null, null, null, null, 'https://cube.elemecdn.com/3/7c/3ea6beec64369c2642b92c6726f1epng.png', null, null, '111111', '2023-05-12 11:09:48', null, '2023-05-12 11:10:40');
INSERT INTO `t_user` VALUES ('1659168639711813634', '5428827372', '用户9', 'd41d8cd98f00b204e9800998ecf8427e', 'https://cc-video-oss.oss-accelerate.aliyuncs.com/2023/05/22/96f61b7cc82b4a30980469ee72c6e002Camera_XHS_1683885757877d23bf44a-1f9a-3e2a-8e04-72ee9575c68a.jpg', null, '', null, '这个用户9的简介介绍', null, 'https://cc-video-oss.oss-accelerate.aliyuncs.com/2023/05/22/d23505e7c37a4ca99eb6c6b7a6419f90Camera_XHS_168388573949875bdf604-0afb-365c-8c35-4aac4d3d00d2.jpg', '1999-05-22', null, '111111', '2023-05-18 20:06:44', null, '2023-05-22 14:20:15');
INSERT INTO `t_user` VALUES ('1660834274611150849', '4519908481', '用户12', 'e10adc3949ba59abbe56e057f20f883e', 'http://thirdqq.qlogo.cn/g?b=oidb&k=iahDxJ8whOwNJ5rXcmozogQ&kti=ZGwkEQAAAAI&s=100&t=1664725759', null, null, null, null, null, 'https://cc-video-oss.oss-accelerate.aliyuncs.com/2023/05/23/b1cefee2069948589a070394e9328ce11679673894-origin-IMG_2094.JPG', null, null, '111111', '2023-05-23 10:25:23', null, '2023-05-23 10:29:43');
INSERT INTO `t_user` VALUES ('1661342975545659393', '4796530335', 'e66w8fhxbvdv', 'd41d8cd98f00b204e9800998ecf8427e', 'https://cube.elemecdn.com/3/7c/3ea6beec64369c2642b92c6726f1epng.png', null, '', null, null, null, 'https://cube.elemecdn.com/3/7c/3ea6beec64369c2642b92c6726f1epng.png', null, null, '111111', '2023-05-24 20:06:46', null, '2023-05-24 20:06:46');

-- ----------------------------
-- Table structure for t_user_other_login_relation
-- ----------------------------
DROP TABLE IF EXISTS `t_user_other_login_relation`;
CREATE TABLE `t_user_other_login_relation` (
  `id` bigint NOT NULL,
  `uid` bigint DEFAULT NULL,
  `other_user_id` varchar(50) DEFAULT NULL,
  `other_username` varchar(100) DEFAULT NULL,
  `other_avatar` varchar(255) DEFAULT NULL,
  `other_token` varchar(255) DEFAULT NULL,
  `creator` bigint DEFAULT NULL,
  `create_date` datetime DEFAULT NULL,
  PRIMARY KEY (`id`)
) ENGINE=InnoDB DEFAULT CHARSET=utf8mb4 COLLATE=utf8mb4_0900_ai_ci;

-- ----------------------------
-- Records of t_user_other_login_relation
-- ----------------------------
INSERT INTO `t_user_other_login_relation` VALUES ('1656857358958944258', '1656857358946361346', 'F5B7A36AB410FFD3249DA694ABEC9421', 'xiaozhao', 'http://thirdqq.qlogo.cn/g?b=oidb&k=TzG3AT3xD8o2Bz3xOt3Thg&kti=ZF2sRgAAAAI&s=100&t=1660311044', null, '111111', '2023-05-12 11:02:32');
INSERT INTO `t_user_other_login_relation` VALUES ('1656858656294920194', '1656858656227811330', 'oRrdQt-wGqo2WjafBs1jgaj06BBE', '小赵', 'https://thirdwx.qlogo.cn/mmopen/vi_32/iaSVwiaRoVIpUlv83WIicEo6HZibkoqCeWxxVY5fOXKzsh7TkVLP5JngLtXibyMsv59RMuBSZgCKurFEmXffctcib5cQ/132', null, '111111', '2023-05-12 11:07:41');
INSERT INTO `t_user_other_login_relation` VALUES ('1656859189458067458', '1656859189458067457', '', '', '', null, '111111', '2023-05-12 11:09:48');
INSERT INTO `t_user_other_login_relation` VALUES ('1659168639749562370', '1659168639711813634', null, null, null, null, '111111', '2023-05-18 20:06:44');
INSERT INTO `t_user_other_login_relation` VALUES ('1660834274632122370', '1660834274611150849', '8AD8E53BEDC3887023E2329D89C1E1BD', '力扣积分不过2000不改名', 'http://thirdqq.qlogo.cn/g?b=oidb&k=iahDxJ8whOwNJ5rXcmozogQ&kti=ZGwkEQAAAAI&s=100&t=1664725759', null, '111111', '2023-05-23 10:25:23');
INSERT INTO `t_user_other_login_relation` VALUES ('1661342975600185347', '1661342975545659393', null, null, null, null, '111111', '2023-05-24 20:06:46');

-- ----------------------------
-- Table structure for t_user_record
-- ----------------------------
DROP TABLE IF EXISTS `t_user_record`;
CREATE TABLE `t_user_record` (
  `id` bigint NOT NULL,
  `uid` bigint DEFAULT NULL,
  `trend_count` bigint DEFAULT '0',
  `follow_count` bigint DEFAULT '0',
  `fan_count` bigint DEFAULT '0',
  `add_follow_count` bigint DEFAULT '0',
  `noreply_count` bigint DEFAULT '0',
  `agree_collection_count` bigint DEFAULT '0',
  `nochat_count` bigint DEFAULT '0',
  `creator` bigint DEFAULT NULL,
  `create_date` datetime DEFAULT NULL,
  PRIMARY KEY (`id`)
) ENGINE=InnoDB DEFAULT CHARSET=utf8mb4 COLLATE=utf8mb4_0900_ai_ci;

-- ----------------------------
-- Records of t_user_record
-- ----------------------------
INSERT INTO `t_user_record` VALUES ('1599618448034959370', '1599618448034959361', '13', '0', '0', '0', '0', '0', '0', null, '2023-03-26 12:17:01');
INSERT INTO `t_user_record` VALUES ('1599618448034959371', '1601126546037874690', '13', '1', '0', '0', '0', '0', '0', null, '2023-03-26 12:17:03');
INSERT INTO `t_user_record` VALUES ('1599618448034959372', '1601126546037874691', '15', '1', '1', '0', '0', '0', '0', null, '2023-03-26 12:17:06');
INSERT INTO `t_user_record` VALUES ('1599618448034959373', '1601126546037874692', '16', '2', '3', '0', '0', '1', '-4', null, '2023-03-26 12:17:08');
INSERT INTO `t_user_record` VALUES ('1599618448034959374', '1601126546037874693', '13', '2', '1', '1', '0', '1', '0', null, '2023-03-26 12:17:10');
INSERT INTO `t_user_record` VALUES ('1646790471093628929', '1646790471022325762', '0', '0', '0', '0', '0', '0', '0', '111111', '2023-04-14 16:20:19');
INSERT INTO `t_user_record` VALUES ('1646901667994054658', '1646901667952111618', '0', '0', '0', '0', '0', '0', '0', '111111', '2023-04-14 23:42:10');
INSERT INTO `t_user_record` VALUES ('1648322260618498050', '1648322260543000578', '0', '0', '0', '0', '0', '0', '0', '111111', '2023-04-18 21:47:06');
INSERT INTO `t_user_record` VALUES ('1648328475369066497', '1648328475339706369', '0', '0', '0', '0', '0', '0', '0', '111111', '2023-04-18 22:11:48');
INSERT INTO `t_user_record` VALUES ('1648522276120682498', '1648522276099710977', '0', '0', '0', '0', '0', '0', '0', '111111', '2023-04-19 11:01:53');
INSERT INTO `t_user_record` VALUES ('1648530741572489218', '1648530741551517697', '0', '0', '0', '0', '0', '0', '0', '111111', '2023-04-19 11:35:32');
INSERT INTO `t_user_record` VALUES ('1648531392654299139', '1648531392654299138', '0', '0', '0', '0', '0', '0', '0', '111111', '2023-04-19 11:38:07');
INSERT INTO `t_user_record` VALUES ('1648531562548776963', '1648531562548776962', '0', '0', '0', '0', '0', '0', '0', '111111', '2023-04-19 11:38:47');
INSERT INTO `t_user_record` VALUES ('1648549224091856898', '1648549224075079682', '4', '1', '0', '0', '0', '3', '0', '111111', '2023-04-19 12:48:58');
INSERT INTO `t_user_record` VALUES ('1655460318739800066', '1655460318647525378', '0', '0', '0', '0', '0', '0', '0', '111111', '2023-05-08 14:31:12');
INSERT INTO `t_user_record` VALUES ('1655460777340788738', '1655460777328205825', '0', '0', '0', '0', '0', '0', '0', null, '2023-05-26 08:49:17');
INSERT INTO `t_user_record` VALUES ('1655461431232815106', '1655461431169900545', '0', '0', '0', '0', '0', '0', '0', '111111', '2023-05-08 14:35:37');
INSERT INTO `t_user_record` VALUES ('1655464734658207746', '1655464734628847618', '0', '0', '0', '0', '0', '0', '0', '111111', '2023-05-08 14:48:44');
INSERT INTO `t_user_record` VALUES ('1655466823476150273', '1655466823459373057', '0', '0', '0', '0', '0', '0', '0', '111111', '2023-05-08 14:57:02');
INSERT INTO `t_user_record` VALUES ('1655468001979105282', '1655468001962328066', '0', '0', '0', '0', '0', '0', '0', '111111', '2023-05-08 15:01:43');
INSERT INTO `t_user_record` VALUES ('1655473071995068418', '1655473071978291202', '0', '0', '0', '0', '0', '0', '0', '111111', '2023-05-08 15:21:52');
INSERT INTO `t_user_record` VALUES ('1655607266989895681', '1655607266977312770', '0', '0', '0', '0', '0', '0', '0', '111111', '2023-05-09 00:15:07');
INSERT INTO `t_user_record` VALUES ('1656857358958944259', '1656857358946361346', '19', '2', '3', '0', '2', '1', '-2', '111111', '2023-05-12 11:02:32');
INSERT INTO `t_user_record` VALUES ('1656858656294920195', '1656858656227811330', '0', '0', '0', '0', '0', '0', '0', '111111', '2023-05-12 11:07:41');
INSERT INTO `t_user_record` VALUES ('1656859189520982017', '1656859189458067457', '0', '0', '0', '0', '0', '0', '0', '111111', '2023-05-12 11:09:48');
INSERT INTO `t_user_record` VALUES ('1659168639711813635', '1659168639711813634', '7', '0', '0', '1', '2', '5', '0', '111111', '2023-05-18 20:06:44');
INSERT INTO `t_user_record` VALUES ('1660834274632122371', '1660834274611150849', '0', '0', '0', '0', '0', '0', '0', '111111', '2023-05-23 10:25:23');
INSERT INTO `t_user_record` VALUES ('1661342975600185346', '1661342975545659393', '0', '0', '0', '0', '0', '0', '0', '111111', '2023-05-24 20:06:46');
